Collision Id,	Report Number,	Report Version,	Is Preliminary,	NCIC Code,Crash Date Time,	Crash Time Description,	Beat,City Id,	City Code,	City Name,County Code,	City Is Active,	City Is Incorporated,	Collision Type Code,Collision Type Description,	Collision Type Other Desc,	Day Of Week,	DispatchNotified,	HasPhotographs,	HitRun,	IsAttachmentsMailed,	IsDeleted,	IsHighwayRelated,	IsTowAway,	JudicialDistrict,	MotorVehicleInvolvedWithCode,	MotorVehicleInvolvedWithDesc,MotorVehicleInvolvedWithOtherDesc,	NumberInjured,	NumberKilled,Weather 1, Weather 2, Road Condition 1, Road Condition 2, Special Condition,LightingCode, LightingDescription,Latitude,Longitude,MilepostDirection,MilepostDistance,MilepostMarker,MilepostUnitOfMeasure,	PedestrianActionCode,PedestrianActionDesc,PreparedDate,	Primary Collision Factor Code,Primary Collision Factor Violation,PrimaryCollisionFactorIsCited,	PrimaryCollisionPartyNumber,	PrimaryRoad,	ReportingDistrict,	ReportingDistrictCode,ReviewedDate,	RoadwaySurfaceCode,SecondaryDirection,	SecondaryDistance,	SecondaryRoad,	SecondaryUnitOfMeasure,	SketchDesc,	TrafficControlDeviceCode,CreatedDate,	ModifiedDate,IsCountyRoad,IsFreeway,CHP555Version,	IsAdditonalObjectStruck,NotificationDate,	NotificationTimeDescription,	HasDigitalMediaFiles,	EvidenceNumber,	IsLocationReferToNarrative,	IsAOIOneSameAsLocation
1678530,9340-2022-00129,1,False,9340,1/13/2022 4:20:00 PM,1620,681,1368,4313,San Jose,43,True,True,C,REAR END,,Thursday,NotApplicable,False,,,False,True,False,SANTA CLARA SUPERIOR COURT HALL OF JUSTICE,C,OTHER MOTOR VEHICLE,,1.0,0.0,CLEAR,, NO UNUSUAL CONDITIONS,, ,A,DAYLIGHT,37.3622,-121.8427,,,,,A,NO PEDESTRIANS INVOLVED,1/13/2022 4:20:00 PM,A,VC 22350,False,1.0,I-680 S/B,,,1/14/2022 12:00:00 AM,A,N,990.0,ALUM ROCK AVE,F,,D,1/14/2022 1:00:22 PM,1/14/2022 1:00:22 PM,False,True,4,,,,,,,
1678523,9340-2022-00118,1,False,9340,1/12/2022 8:17:00 PM,2017,172,1368,4313,San Jose,43,True,True,F,OVERTURNED,,Wednesday,Yes,False,,,False,True,True,SANTA CLARA SUPERIOR COURT HALL OF JUSTICE,A,NON-COLLISION,,1.0,0.0,CLEAR,, NO UNUSUAL CONDITIONS,, ,C,DARK-STREET LIGHTS,37.313207,-121.940276,,,,,A,NO PEDESTRIANS INVOLVED,1/12/2022 8:17:00 PM,A,VC 22107,True,1.0,SR-17 N/B TO I-280 S/B,,,1/14/2022 12:00:00 AM,A,S,680.0,I-280,F,,A,1/14/2022 12:48:50 PM,1/14/2022 12:48:50 PM,False,True,4,,,,,,,
1678504,9340-2022-00113,1,False,9340,1/12/2022 6:20:00 PM,1820,083,1368,4313,San Jose,43,True,True,C,REAR END,,Wednesday,NotApplicable,False,,,False,True,False,SANTA CLARA SUPERIOR COURT HALL OF JUSTICE,C,OTHER MOTOR VEHICLE,,0.0,0.0,CLEAR,, NO UNUSUAL CONDITIONS,, ,C,DARK-STREET LIGHTS,37.250848,-121.931732,,,,,A,NO PEDESTRIANS INVOLVED,1/12/2022 6:20:00 PM,A,VC 22350,False,1.0,SR-85 S/B,,,1/14/2022 12:00:00 AM,A,N,65.0,UNION AVE,F,,D,1/14/2022 12:34:23 PM,1/14/2022 12:34:23 PM,False,True,4,,,,,,,
1678258,9340-2022-00063,1,False,9340,1/7/2022 5:10:00 PM,1710,230,1368,4313,San Jose,43,True,True,B,SIDE SWIPE,,Friday,NotApplicable,False,,,False,True,False,Santa Clara Superior Court Hall of Justice,C,OTHER MOTOR VEHICLE,,0.0,0.0,CLEAR,, NO UNUSUAL CONDITIONS,, ,A,DAYLIGHT,37.418793,-121.97049,,,,,A,NO PEDESTRIANS INVOLVED,1/7/2022 5:10:00 PM,A,VC 22107,False,1.0,SR-237 W/B,,,1/14/2022 12:00:00 AM,A,E,845.0,LAFAYETTE ST,F,,D,1/14/2022 8:53:30 AM,1/14/2022 8:53:30 AM,False,True,4,,,,,,,
1677828,9725-2022-00006,1,False,9725,1/2/2022 3:30:00 PM,1530,013,1368,4313,San Jose,43,True,True,E,HIT OBJECT,,Sunday,Yes,False,,,False,True,True,SANTA CLARA SUPERIOR COURT SANTA CLARA COURTHOUSE,I,FIXED OBJECT,METAL/WOOD GUARDRAIL,2.0,0.0,CLEAR,, NO UNUSUAL CONDITIONS,, ,A,DAYLIGHT,37.213433,-121.727266,,,,,A,NO PEDESTRIANS INVOLVED,1/2/2022 3:30:00 PM,A,VC 22107,False,1.0,US-101 S/B,,,1/13/2022 12:00:00 AM,A,N,800.0,BAILEY AVENUE,F,,D,1/13/2022 5:10:33 PM,1/13/2022 5:10:33 PM,False,True,4,True,,,,,,
1677827,9340-2022-00060,1,False,9340,1/7/2022 7:00:00 AM,700,110,1368,4313,San Jose,43,True,True,C,REAR END,,Friday,NotApplicable,False,M,,False,True,False,SANTA CLARA SUPERIOR COURT HALL OF JUSTICE,C,OTHER MOTOR VEHICLE,,0.0,0.0,CLOUDY,, NO UNUSUAL CONDITIONS,, ,A,DAYLIGHT,37.358464,-121.871248,,,,,A,NO PEDESTRIANS INVOLVED,1/7/2022 7:00:00 AM,A,VC 21658(A),False,1.0,US 101 N/B,,,1/13/2022 12:00:00 AM,A,N,2000.0,MCKEE RD.,F,,D,1/13/2022 5:09:50 PM,1/13/2022 5:09:50 PM,False,True,4,,,,,,,
1677772,9340-2022-00047,1,False,9340,1/5/2022 10:40:00 PM,2240,681,1368,4313,San Jose,43,True,True,E,HIT OBJECT,,Wednesday,Yes,False,,,False,True,False,SANTA CLARA SUPERIOR COURT DOWNTOWN SUPERIOR COURT,I,FIXED OBJECT,CONCRETE BARRIER ,0.0,0.0,CLEAR,, NO UNUSUAL CONDITIONS,, ,D,DARK-NO STREET LIGHTS,37.33917,-121.85198,,,,,A,NO PEDESTRIANS INVOLVED,1/5/2022 10:40:00 PM,A,VC 23152(a),True,1.0,I-680 S/B TO US-101 S/B,,,1/13/2022 12:00:00 AM,A,S,2044.0,KING ROAD,F,,D,1/13/2022 3:32:15 PM,1/13/2022 3:32:15 PM,False,True,4,,,,,,,
1677767,9340-2022-00058,1,False,9340,1/7/2022 3:00:00 AM,300,087,1368,4313,San Jose,43,True,True,E,HIT OBJECT,,Friday,NotApplicable,False,M,,False,True,True,SANTA CLARA SUPERIOR COURT HALL OF JUSTICE,I,FIXED OBJECT,ASPHALT CURB,0.0,0.0,CLEAR,, NO UNUSUAL CONDITIONS,, ,C,DARK-STREET LIGHTS,37.257496,-121.859072,,,,,A,NO PEDESTRIANS INVOLVED,1/7/2022 3:00:00 AM,A,VC 23152(a),False,1.0,SR-87 S/B TO SANTA TERESA BLVD,,,1/13/2022 12:00:00 AM,A,N,280.0,SANTA TERESA BLVD,F,,D,1/13/2022 3:25:06 PM,1/13/2022 3:25:06 PM,False,True,4,True,,,,,,
1677762,9340-2022-00067,1,False,9340,1/7/2022 3:40:00 PM,1540,120,1368,4313,San Jose,43,True,True,C,REAR END,,Friday,NotApplicable,False,,,False,True,True,Santa Clara Superior Court Hall of Justice,C,OTHER MOTOR VEHICLE,,1.0,0.0,CLOUDY,, NO UNUSUAL CONDITIONS,, ,A,DAYLIGHT,37.363344,-121.896007,,,,,A,NO PEDESTRIANS INVOLVED,1/7/2022 3:40:00 PM,A,VC 22350,False,1.0,US-101 S/B,,,1/13/2022 12:00:00 AM,A,N,1272.0,OAKLAND RD,F,,D,1/13/2022 3:20:54 PM,1/13/2022 3:20:54 PM,False,True,4,,,,,,,
1677643,9340-2022-00074,1,False,9340,1/8/2022 8:30:00 PM,2030,083,1368,4313,San Jose,43,True,True,B,SIDE SWIPE,,Saturday,NotApplicable,False,,,False,True,False,SANTA CLARA SUPERIOR COURT HALL OF JUSTICE,C,OTHER MOTOR VEHICLE,,0.0,0.0,CLEAR,, NO UNUSUAL CONDITIONS,, ,D,DARK-NO STREET LIGHTS,37.243097,-121.815506,,,,,A,NO PEDESTRIANS INVOLVED,1/8/2022 8:30:00 PM,A,VC 22107,False,1.0,SR-85 S/B,,,1/13/2022 12:00:00 AM,A,N,2000.0,COTTLE RD,F,,D,1/13/2022 1:16:00 PM,1/13/2022 1:16:00 PM,False,True,4,,,,,,,
1677430,9340-2022-00105,1,False,9340,1/11/2022 5:00:00 PM,1700,120,1368,4313,San Jose,43,True,True,B,SIDE SWIPE,,Tuesday,NotApplicable,False,,,False,True,False,SANTA CLARA SUPERIOR COURT HALL OF JUSTICE,C,OTHER MOTOR VEHICLE,,0.0,0.0,CLEAR,, NO UNUSUAL CONDITIONS,, ,B,DUSK-DAWN,37.363563,-121.899879,,,,,A,NO PEDESTRIANS INVOLVED,1/11/2022 5:00:00 PM,A,VC 22107,False,1.0,US-101 S/B,,,1/13/2022 12:00:00 AM,A,N,50.0,I-880,F,,D,1/13/2022 9:52:21 AM,1/13/2022 9:52:21 AM,False,True,4,,,,,,,
1677365,9340-2022-00090,1,False,9340,1/10/2022 6:45:00 PM,1845,120,1368,4313,San Jose,43,True,True,C,REAR END,,Monday,NotApplicable,False,,,False,True,False,SANTA CLARA SUPERIOR COURT HALL OF JUSTICE,C,OTHER MOTOR VEHICLE,,0.0,0.0,CLEAR,, NO UNUSUAL CONDITIONS,, ,D,DARK-NO STREET LIGHTS,37.367252,-121.907237,,,,,A,NO PEDESTRIANS INVOLVED,1/10/2022 6:45:00 PM,A,VC 22350,False,1.0,US-101 S/B,,,1/13/2022 12:00:00 AM,A,N,2000.0,I-880,F,,D,1/13/2022 9:05:23 AM,1/13/2022 9:05:23 AM,False,True,4,,,,,,,
1677281,9340-2022-00021,1,False,9340,1/2/2022 8:30:00 AM,830,681,1368,4313,San Jose,43,True,True,B,SIDE SWIPE,,Sunday,NotApplicable,False,,,False,True,False,SANTA CLARA SUPERIOR COURT HALL OF JUSTICE,C,OTHER MOTOR VEHICLE,,0.0,0.0,CLEAR,, NO UNUSUAL CONDITIONS,, ,A,DAYLIGHT,37.367964,-121.846599,,,,,A,NO PEDESTRIANS INVOLVED,1/2/2022 8:30:00 AM,A,VC 22107,False,,I-680 S/B,,,1/13/2022 12:00:00 AM,A,N,25.0,MCKEE RD,F,,A,1/13/2022 8:07:42 AM,1/13/2022 8:07:42 AM,False,True,4,,,,,,,
1676936,9340-2022-00055,1,False,9340,1/6/2022 5:30:00 PM,1730,083,1368,4313,San Jose,43,True,True,C,REAR END,,Thursday,NotApplicable,False,M,,False,True,False,SANTA CLARA SUPERIOR COURT HALL OF JUSTICE,C,OTHER MOTOR VEHICLE,,0.0,0.0,CLOUDY,, NO UNUSUAL CONDITIONS,, ,B,DUSK-DAWN,37.2524,-121.940004,,,,,A,NO PEDESTRIANS INVOLVED,1/6/2022 5:30:00 PM,A,VC 22350,False,1.0,SR-85 S/B,,,1/12/2022 12:00:00 AM,A,N,2450.0,UNION AVE,F,,A,1/12/2022 8:05:52 PM,1/12/2022 8:05:52 PM,False,True,4,,,,,,,
1676932,9340-2022-00041,1,False,9340,1/4/2022 9:30:00 AM,930,087,1368,4313,San Jose,43,True,True,C,REAR END,,Tuesday,NotApplicable,False,,,False,True,False,SANTA CLARA SUPERIOR COURT SANTA CLARA COURTHOUSE,C,OTHER MOTOR VEHICLE,,2.0,0.0,CLOUDY,, NO UNUSUAL CONDITIONS,, ,A,DAYLIGHT,37.276758,-121.863255,,,,,A,NO PEDESTRIANS INVOLVED,1/4/2022 9:30:00 AM,A,VC 22350,False,1.0,SR-87 N/B FROM CAPITOL EXPRESSWAY,,,1/12/2022 12:00:00 AM,A,N,750.0,CAPITOL EXPRESSWAY,F,,A,1/12/2022 7:49:46 PM,1/12/2022 7:49:46 PM,False,True,4,,,,,,,
1676479,9340-2022-00100,1,False,9340,1/11/2022 12:01:00 AM,1,089,1368,4313,San Jose,43,True,True,E,HIT OBJECT,,Tuesday,NotApplicable,False,,,False,True,True,SANTA CLARA SUPERIOR COURT HALL OF JUSTICE,I,FIXED OBJECT,CONCRETE K-RAIL,0.0,0.0,CLEAR,, NO UNUSUAL CONDITIONS,, ,D,DARK-NO STREET LIGHTS,37.386035,-121.905591,,,,,A,NO PEDESTRIANS INVOLVED,1/11/2022 12:01:00 AM,A,VC 22107,False,1.0,I-880 S/B,,,1/12/2022 12:00:00 AM,A,N,1500.0,BROKAW RD,F,,D,1/12/2022 8:53:45 AM,1/12/2022 8:53:45 AM,False,True,4,,,,,,,
1676427,9340-2021-13225,1,False,9340,1/6/2022 8:05:00 AM,805,087,1368,4313,San Jose,43,True,True,C,REAR END,,Thursday,NotApplicable,False,M,,False,True,False,SANTA CLARA SUPERIOR COURT HALL OF JUSTICE,C,OTHER MOTOR VEHICLE,,0.0,0.0,CLEAR,, NO UNUSUAL CONDITIONS,, ,A,DAYLIGHT,37.3427,-121.901165,,,,,A,NO PEDESTRIANS INVOLVED,1/6/2022 8:05:00 AM,A,VC 22350,False,1.0,SR-87 N/B,,,1/12/2022 12:00:00 AM,A,S,1250.0,TAYLOR ST.,F,,D,1/12/2022 8:03:14 AM,1/12/2022 8:03:14 AM,False,True,4,,,,,,,
1676409,9340-2022-00046,1,False,9340,1/5/2022 5:50:00 PM,1750,083,1368,4313,San Jose,43,True,True,C,REAR END,,Wednesday,NotApplicable,False,,,False,True,False,SANTA CLARA SUPERIOR COURT DOWNTOWN SUPERIOR COURT,C,OTHER MOTOR VEHICLE,,1.0,0.0,CLOUDY,, NO UNUSUAL CONDITIONS,, ,E,DARK-STREET LIGHTS NOT FUNCTIONING*,37.2504,-121.922437,,,,,A,NO PEDESTRIANS INVOLVED,1/5/2022 5:50:00 PM,A,VC 22350,False,1.0,SR-85 S/B,,,1/12/2022 12:00:00 AM,A,N,50.0,LEIGH AVE,F,,D,1/12/2022 7:47:05 AM,1/12/2022 7:47:05 AM,False,True,4,,,,,,,
1676404,9340-2022-00035,1,False,9340,1/3/2022 10:30:00 PM,2230,281,1368,4313,San Jose,43,True,True,C,REAR END,,Monday,NotApplicable,False,M,,False,True,False,SANTA CLARA SUPERIOR COURT HALL OF JUSTICE,C,OTHER MOTOR VEHICLE,,0.0,0.0,CLEAR,, NO UNUSUAL CONDITIONS,, ,C,DARK-STREET LIGHTS,37.317638,-121.903634,,,,,A,NO PEDESTRIANS INVOLVED,1/3/2022 10:30:00 PM,A,VC 22350,False,2.0,I-280 N/B,,,1/12/2022 12:00:00 AM,A,S,3919.0,SR-87,F,,D,1/12/2022 7:38:02 AM,1/12/2022 7:38:02 AM,False,True,4,,,,,,,
1676036,9340-2022-00088,1,False,9340,1/10/2022 6:25:00 PM,1825,120,1368,4313,San Jose,43,True,True,C,REAR END,,Monday,Yes,False,,,False,True,False,SANTA CLARA SUPERIOR COURT HALL OF JUSTICE,C,OTHER MOTOR VEHICLE,,2.0,0.0,CLEAR,, NO UNUSUAL CONDITIONS,, ,C,DARK-STREET LIGHTS,37.37082,-121.91405,,,,,A,NO PEDESTRIANS INVOLVED,1/10/2022 6:25:00 PM,A,VC 22350,False,1.0,US-101 S/B,,,1/11/2022 12:00:00 AM,A,S,1000.0,N. FIRST ST,F,,D,1/11/2022 7:59:25 PM,1/11/2022 7:59:25 PM,False,True,4,,,,,,,
1676035,9340-2022-00089,1,False,9340,1/10/2022 3:40:00 PM,1540,120,1368,4313,San Jose,43,True,True,B,SIDE SWIPE,,Monday,NotApplicable,False,,,False,True,False,SANTA CLARA SUPERIOR COURT HALL OF JUSTICE,C,OTHER MOTOR VEHICLE,,0.0,0.0,CLEAR,, NO UNUSUAL CONDITIONS,, ,A,DAYLIGHT,37.363372,-121.89694,,,,,A,NO PEDESTRIANS INVOLVED,1/10/2022 3:40:00 PM,A,VC 21658(A),False,1.0,US-101 S/B,,,1/11/2022 12:00:00 AM,A,S,300.0,10TH ST,F,,D,1/11/2022 7:53:37 PM,1/11/2022 7:53:37 PM,False,True,4,,,,,,,
1676031,9340-2022-00064,2,False,9340,1/7/2022 6:14:00 PM,1814,083,1368,4313,San Jose,43,True,True,B,SIDE SWIPE,,Friday,NotApplicable,False,M,,False,True,True,SANTA CLARA SUPERIOR COURT HALL OF JUSTICE,C,OTHER MOTOR VEHICLE,,0.0,0.0,CLEAR,, NO UNUSUAL CONDITIONS,, ,C,DARK-STREET LIGHTS,37.255098,-121.848171,,,,,A,NO PEDESTRIANS INVOLVED,1/7/2022 6:14:00 PM,A,VC 21658(A),True,1.0,SR-85 S/B,,,1/27/2022 12:00:00 AM,A,S,1500.0,SANTA TERESA BLVD,F,,D,1/11/2022 7:43:24 PM,1/27/2022 3:36:11 PM,False,True,4,,,,,,,
1676030,9340-2022-00065,1,False,9340,1/7/2022 6:15:00 PM,1815,083,1368,4313,San Jose,43,True,True,C,REAR END,,Friday,Yes,False,,,False,True,True,SANTA CLARA SUPERIOR COURT HALL OF JUSTICE,C,OTHER MOTOR VEHICLE,,1.0,0.0,CLEAR,, NO UNUSUAL CONDITIONS,, ,C,DARK-STREET LIGHTS,37.25246,-121.84115,,,,,A,NO PEDESTRIANS INVOLVED,1/7/2022 6:15:00 PM,A,VC 22350,True,1.0,SR-85 S/B TO BLOSSOM HILL RD.,,,1/11/2022 12:00:00 AM,A,N,700.0,BLOSSOM HILL RD,F,,A,1/11/2022 7:42:15 PM,1/11/2022 7:42:15 PM,False,True,4,,,,,,,
1676028,9340-2022-00070,1,False,9340,1/7/2022 6:00:00 PM,1800,088,1368,4313,San Jose,43,True,True,C,REAR END,,Friday,NotApplicable,False,M,,False,True,True,SANTA CLARA SUPERIOR COURT DOWNTOWN SUPERIOR COURT,C,OTHER MOTOR VEHICLE,,0.0,0.0,CLEAR,, NO UNUSUAL CONDITIONS,, ,D,DARK-NO STREET LIGHTS,37.21918,-121.544674,,,,,A,NO PEDESTRIANS INVOLVED,1/7/2022 6:00:00 PM,A,VC 22350,False,1.0,I-880 N/B,,,1/11/2022 12:00:00 AM,A,N,2000.0,COLEMAN AVE,F,,D,1/11/2022 7:30:47 PM,1/11/2022 7:30:47 PM,False,True,4,,,,,,,
1676025,9340-2022-00066,1,False,9340,1/7/2022 5:30:00 PM,1730,083,1368,4313,San Jose,43,True,True,C,REAR END,,Friday,Yes,False,,,False,True,False,SANTA CLARA SUPERIOR COURT HALL OF JUSTICE,C,OTHER MOTOR VEHICLE,,1.0,0.0,CLEAR,, NO UNUSUAL CONDITIONS,, ,B,DUSK-DAWN,37.25114,-121.933243,,,,,A,NO PEDESTRIANS INVOLVED,1/7/2022 5:30:00 PM,A,VC 22350,True,1.0,SR-85 S/B,,,1/11/2022 12:00:00 AM,A,N,395.0,UNION AVE,F,,D,1/11/2022 7:25:05 PM,1/11/2022 7:25:05 PM,False,True,4,,,,,,,
1676023,9340-2022-00061,1,False,9340,1/7/2022 3:45:00 PM,1545,282,1368,4313,San Jose,43,True,True,C,REAR END,,Friday,NotApplicable,False,,,False,True,False,SANTA CLARA SUPERIOR COURT DOWNTOWN SUPERIOR COURT,C,OTHER MOTOR VEHICLE,,1.0,0.0,CLOUDY,, NO UNUSUAL CONDITIONS,, ,A,DAYLIGHT,37.31631,-121.96563,,,,,A,NO PEDESTRIANS INVOLVED,1/7/2022 3:45:00 PM,A,VC 22350,False,1.0,I-280 S/B,,,1/11/2022 12:00:00 AM,A,S,1200.0,SARATOGA AVE,F,,D,1/11/2022 7:21:51 PM,1/11/2022 7:21:51 PM,False,True,4,,,,,,,
1676021,9340-2022-00069,1,False,9340,1/7/2022 3:40:00 PM,1540,083,1368,4313,San Jose,43,True,True,B,SIDE SWIPE,,Friday,NotApplicable,False,,,False,True,True,SANTA CLARA SUPERIOR COURT HALL OF JUSTICE,C,OTHER MOTOR VEHICLE,,0.0,0.0,CLEAR,, NO UNUSUAL CONDITIONS,, ,A,DAYLIGHT,37.24343,-121.81633,,,,,A,NO PEDESTRIANS INVOLVED,1/7/2022 3:40:00 PM,A,VC 22107,False,1.0,SR-85 N/B,,,1/11/2022 12:00:00 AM,A,S,400.0,LEAN AVE,F,,D,1/11/2022 7:19:17 PM,1/11/2022 7:19:17 PM,False,True,4,,,,,,,
1676020,9340-2022-00057,1,False,9340,1/6/2022 8:40:00 PM,2040,110,1368,4313,San Jose,43,True,True,C,REAR END,,Thursday,NotApplicable,False,,,False,True,True,SANTA CLARA SUPERIOR COURT HALL OF JUSTICE,C,OTHER MOTOR VEHICLE,,3.0,0.0,CLOUDY,, NO UNUSUAL CONDITIONS,, ,D,DARK-NO STREET LIGHTS,37.363,-121.8908,,,,,A,NO PEDESTRIANS INVOLVED,1/6/2022 8:40:00 PM,A,VC 22350,False,1.0,US101 N/B,,,1/11/2022 12:00:00 AM,A,S,150.0,OAKLAND RD,F,,D,1/11/2022 7:11:38 PM,1/11/2022 7:11:38 PM,False,True,4,,,,,,,
1676018,9340-2022-00056,1,False,9340,1/6/2022 6:40:00 PM,1840,281,1368,4313,San Jose,43,True,True,B,SIDE SWIPE,,Thursday,Yes,False,,,False,True,False,SANTA CLARA SUPERIOR COURT DOWNTOWN SUPERIOR COURT,C,OTHER MOTOR VEHICLE,,0.0,0.0,CLEAR,, NO UNUSUAL CONDITIONS,, ,D,DARK-NO STREET LIGHTS,37.327455,-121.877928,,,,,A,NO PEDESTRIANS INVOLVED,1/6/2022 6:40:00 PM,A,VC 23152(a),True,1.0,I-280 S/B,,,1/11/2022 12:00:00 AM,A,N,650.0,7TH ST,F,,D,1/11/2022 7:04:40 PM,1/11/2022 7:04:40 PM,False,True,4,,,,,,,
1675918,9340-2022-00054,1,False,9340,1/6/2022 3:30:00 PM,1530,087,1368,4313,San Jose,43,True,True,C,REAR END,,Thursday,NotApplicable,False,,,False,True,False,SANTA CLARA SUPERIOR COURT DOWNTOWN SUPERIOR COURT,C,OTHER MOTOR VEHICLE,,0.0,0.0,CLOUDY,, NO UNUSUAL CONDITIONS,, ,A,DAYLIGHT,37.295578,-121.87366,,,,,A,NO PEDESTRIANS INVOLVED,1/6/2022 3:30:00 PM,A,VC 22350,False,1.0,SR-87 S/B,,,1/11/2022 12:00:00 AM,A,N,400.0,CURTNER AVE,F,,D,1/11/2022 2:50:57 PM,1/11/2022 2:50:57 PM,False,True,4,,,,,,,
1675862,9340-2022-00059,1,False,9340,1/7/2022 9:10:00 AM,910,088,1368,4313,San Jose,43,True,True,E,HIT OBJECT,,Friday,No,False,,,False,True,True,SANTA CLARA SUPERIOR COURT DOWNTOWN SUPERIOR COURT,I,FIXED OBJECT,CONCRETE CENTER MEDIAN,1.0,0.0,CLOUDY,, NO UNUSUAL CONDITIONS,, ,A,DAYLIGHT,37.362606,-121.902623,,,,,A,NO PEDESTRIANS INVOLVED,1/7/2022 9:10:00 AM,A,VC 22107,False,1.0,I-880 N/B,,,1/11/2022 12:00:00 AM,A,N,500.0,NORTH FOURTH STREET,F,,D,1/11/2022 1:57:58 PM,1/11/2022 1:57:58 PM,False,True,4,,,,,,,
1675801,9340-2022-00007,1,False,9340,1/1/2022 4:10:00 AM,410,110,1368,4313,San Jose,43,True,True,C,REAR END,,Saturday,Yes,False,,,False,True,True,SANTA CLARA SUPERIOR COURT HALL OF JUSTICE,C,OTHER MOTOR VEHICLE,,2.0,0.0,CLEAR,, NO UNUSUAL CONDITIONS,, ,D,DARK-NO STREET LIGHTS,37.3258,-121.8384,,,,,A,NO PEDESTRIANS INVOLVED,1/1/2022 4:10:00 AM,A,VC 23152(a),True,1.0,US101 N/B,,,1/11/2022 12:00:00 AM,A,N,3200.0,TULLY RD,F,,D,1/11/2022 1:14:22 PM,1/11/2022 1:14:22 PM,False,True,4,,,,,,,
1675728,9340-2022-00036,1,False,9340,1/3/2022 9:35:00 PM,2135,281,1368,4313,San Jose,43,True,True,E,HIT OBJECT,,Monday,Yes,False,,,False,True,False,Santa Clara Superior Court Downtown Superior Court,D,MOTOR VEHICLE ON OTHER ROADWAY,,1.0,0.0,CLEAR,, NO UNUSUAL CONDITIONS,, ,C,DARK-STREET LIGHTS,37.32479,-121.88862,,,,,A,NO PEDESTRIANS INVOLVED,1/3/2022 9:35:00 PM,A,VC 22107,True,1.0,I-280 NORTHBOUND,,,1/11/2022 12:00:00 AM,A,S,1300.0,SR-87,F,,D,1/11/2022 12:18:49 PM,1/11/2022 12:18:49 PM,False,True,4,,,,,,,
1675718,9340-2021-13224,1,False,9340,1/5/2022 2:42:00 PM,1442,282,1368,4313,San Jose,43,True,True,C,REAR END,,Wednesday,NotApplicable,False,M,,False,True,True,SANTA CLARA SUPERIOR COURT DOWNTOWN SUPERIOR COURT,C,OTHER MOTOR VEHICLE,,0.0,0.0,CLEAR,, NO UNUSUAL CONDITIONS,, ,A,DAYLIGHT,37.316302,-121.957649,,,,,A,NO PEDESTRIANS INVOLVED,1/5/2022 2:42:00 PM,A,VC 22350,False,1.0,I-280 S/B,,,1/11/2022 12:00:00 AM,A,N,1100.0,WINCHESTER BLVD,F,,D,1/11/2022 12:08:41 PM,1/11/2022 12:08:41 PM,False,True,4,,,,,,,
1675129,9340-2022-00076,2,False,9340,1/8/2022 10:00:00 PM,2200,281,1368,4313,San Jose,43,True,True,C,REAR END,,Saturday,NotApplicable,False,,,False,True,False,SANTA CLARA SUPERIOR COURT HALL OF JUSTICE,C,OTHER MOTOR VEHICLE,,0.0,0.0,CLEAR,, NO UNUSUAL CONDITIONS,, ,C,DARK-STREET LIGHTS,37.321656,-121.898161,,,,,A,NO PEDESTRIANS INVOLVED,1/8/2022 10:00:00 PM,A,VC 23152(a),True,1.0,I-280 S/B TO BIRD AVENUE,,,1/13/2022 12:00:00 AM,A,N,25.0,BIRD AVE,F,,D,1/10/2022 8:23:02 PM,1/13/2022 10:08:50 AM,False,True,4,,,,,,,
1675121,9340-2022-00039,1,False,9340,1/4/2022 3:42:00 AM,342,110,1368,4313,San Jose,43,True,True,B,SIDE SWIPE,,Tuesday,Yes,False,,,False,True,True,SANTA CLARA SUPERIOR COURT HALL OF JUSTICE,I,FIXED OBJECT,METAL/WOOD GUARDRAIL,1.0,0.0,CLEAR,, NO UNUSUAL CONDITIONS,, ,D,DARK-NO STREET LIGHTS,37.30661,-121.820502,,,,,A,NO PEDESTRIANS INVOLVED,1/4/2022 3:42:00 AM,A,VC 22107,False,1.0,US-101 SOUTHBOUND,,,1/10/2022 12:00:00 AM,A,N,1610.0,E CAPITOL EXPY,F,,D,1/10/2022 6:56:53 PM,1/10/2022 6:56:53 PM,False,True,4,,,,,,,
1675119,9340-2022-00038,1,False,9340,1/4/2022 2:07:00 AM,207,282,1368,4313,San Jose,43,True,True,E,HIT OBJECT,,Tuesday,No,False,,,False,True,True,SANTA CLARA SUPERIOR COURT DOWNTOWN SUPERIOR COURT,I,FIXED OBJECT,RAISED CURB,0.0,0.0,CLEAR,, NO UNUSUAL CONDITIONS,, On-Duty Emergency Vehicle,C,DARK-STREET LIGHTS,37.317603,-121.974285,,,,,A,NO PEDESTRIANS INVOLVED,1/4/2022 2:07:00 AM,A,VC 22350,False,1.0,I-280 N/B TO SARATOGA E/B,,,1/10/2022 12:00:00 AM,A,S,38.0,SARATOGA AVE,F,,D,1/10/2022 6:39:19 PM,1/10/2022 6:39:19 PM,False,True,4,,,,,,,
1675020,9340-2022-00034,1,False,9340,1/3/2022 9:25:00 PM,2125,281,1368,4313,San Jose,43,True,True,B,SIDE SWIPE,,Monday,NotApplicable,False,M,,False,True,False,Santa Clara Superior Court Downtown Superior Court,C,OTHER MOTOR VEHICLE,,0.0,0.0,CLEAR,, NO UNUSUAL CONDITIONS,, ,C,DARK-STREET LIGHTS,37.32532,-121.8858,,,,,A,NO PEDESTRIANS INVOLVED,1/3/2022 9:25:00 PM,A,VC 22107,False,1.0,I-280 NORTHBOUND,,,1/10/2022 12:00:00 AM,A,N,850.0,BIRD AVENUE,F,,D,1/10/2022 3:13:34 PM,1/10/2022 3:13:34 PM,False,True,4,,,,,,,