Collision Id,	Report Number,	Report Version,	Is Preliminary,	NCIC Code,Crash Date Time,	Crash Time Description,	Beat,City Id,	City Code,	City Name,County Code,	City Is Active,	City Is Incorporated,	Collision Type Code,Collision Type Description,	Collision Type Other Desc,	Day Of Week,	DispatchNotified,	HasPhotographs,	HitRun,	IsAttachmentsMailed,	IsDeleted,	IsHighwayRelated,	IsTowAway,	JudicialDistrict,	MotorVehicleInvolvedWithCode,	MotorVehicleInvolvedWithDesc,MotorVehicleInvolvedWithOtherDesc,	NumberInjured,	NumberKilled,Weather 1, Weather 2, Road Condition 1, Road Condition 2, Special Condition,LightingCode, LightingDescription,Latitude,Longitude,MilepostDirection,MilepostDistance,MilepostMarker,MilepostUnitOfMeasure,	PedestrianActionCode,PedestrianActionDesc,PreparedDate,	Primary Collision Factor Code,Primary Collision Factor Violation,PrimaryCollisionFactorIsCited,	PrimaryCollisionPartyNumber,	PrimaryRoad,	ReportingDistrict,	ReportingDistrictCode,ReviewedDate,	RoadwaySurfaceCode,SecondaryDirection,	SecondaryDistance,	SecondaryRoad,	SecondaryUnitOfMeasure,	SketchDesc,	TrafficControlDeviceCode,CreatedDate,	ModifiedDate,IsCountyRoad,IsFreeway,CHP555Version,	IsAdditonalObjectStruck,NotificationDate,	NotificationTimeDescription,	HasDigitalMediaFiles,	EvidenceNumber,	IsLocationReferToNarrative,	IsAOIOneSameAsLocation
1698010,9340-2022-00338,1,False,9340,2/2/2022 8:30:00 AM,830,282,1368,4313,San Jose,43,True,True,B,SIDE SWIPE,,Wednesday,NotApplicable,False,,,False,True,False,SANTA CLARA SUPERIOR COURT DOWNTOWN SUPERIOR COURT,C,OTHER MOTOR VEHICLE,,0.0,0.0,CLEAR,, NO UNUSUAL CONDITIONS,, ,A,DAYLIGHT,37.316627,-121.975029,,,,,A,NO PEDESTRIANS INVOLVED,2/2/2022 8:30:00 AM,D,,,,I-280 S/B FROM SARATOGA AVE.,,,2/10/2022 12:00:00 AM,A,S,50.0,SARATOGA AVE,F,,D,2/10/2022 12:44:47 PM,2/10/2022 12:44:47 PM,False,True,4,,,,,,,
1697908,9340-2022-00302,1,False,9340,1/30/2022 1:55:00 PM,1355,083,1368,4313,San Jose,43,True,True,E,HIT OBJECT,,Sunday,Yes,False,,,False,True,True,SANTA CLARA SUPERIOR COURT HALL OF JUSTICE,J,OTHER OBJECT,FURNITURE DEBRIS,3.0,0.0,CLEAR,, OBSTRUCTION ON ROADWAY*,, ,A,DAYLIGHT,37.2504,-121.8982,,,,,A,NO PEDESTRIANS INVOLVED,1/30/2022 1:55:00 PM,A,VC 22350,False,1.0,SR-85 N/B,,,2/10/2022 12:00:00 AM,A,N,500.0,MERIDIAN AVE,F,,D,2/10/2022 11:13:25 AM,2/10/2022 11:13:25 AM,False,True,4,,,,,,,
1697866,9340-2022-00330,1,False,9340,2/1/2022 5:03:00 PM,1703,089,1368,4313,San Jose,43,True,True,B,SIDE SWIPE,,Tuesday,NotApplicable,False,M,,False,True,False,SANTA CLARA SUPERIOR COURT DOWNTOWN SUPERIOR COURT,C,OTHER MOTOR VEHICLE,,0.0,0.0,CLEAR,, NO UNUSUAL CONDITIONS,, ,A,DAYLIGHT,37.367863,-121.601225,,,,,A,NO PEDESTRIANS INVOLVED,2/1/2022 5:03:00 PM,A,VC 21658(a),False,1.0,I-880 S/B,,,2/10/2022 12:00:00 AM,A,N,1200.0,US-101,F,,D,2/10/2022 10:49:34 AM,2/10/2022 10:49:34 AM,False,True,4,,,,,,,
1697845,9340-2022-00326,1,False,9340,2/1/2022 3:15:00 PM,1515,083,1368,4313,San Jose,43,True,True,C,REAR END,,Tuesday,NotApplicable,False,M,,False,True,False,SANTA CLARA SUPERIOR COURT HALL OF JUSTICE,C,OTHER MOTOR VEHICLE,,0.0,0.0,CLEAR,, NO UNUSUAL CONDITIONS,, ,A,DAYLIGHT,37.15203,-121.554624,,,,,A,NO PEDESTRIANS INVOLVED,2/1/2022 3:15:00 PM,A,VC 22350,False,1.0,SR-85 S/B,,,2/10/2022 12:00:00 AM,A,S,500.0,UNION AVE,F,,D,2/10/2022 10:33:51 AM,2/10/2022 10:33:51 AM,False,True,4,,,,,,,
1697807,9340-2022-00331,1,False,9340,2/1/2022 2:45:00 PM,1445,110,1368,4313,San Jose,43,True,True,C,REAR END,,Tuesday,NotApplicable,False,,,False,True,False,Santa Clara Superior Court Hall of Justice,C,OTHER MOTOR VEHICLE,,0.0,0.0,CLEAR,, NO UNUSUAL CONDITIONS,, ,A,DAYLIGHT,37.321893,-121.835118,,,,,A,NO PEDESTRIANS INVOLVED,2/1/2022 2:45:00 PM,A,VC 22350,False,1.0,US-101 S/B,,,2/10/2022 12:00:00 AM,A,N,1595.0,TULLY RD,F,,D,2/10/2022 10:14:40 AM,2/10/2022 10:14:40 AM,False,True,4,,,,,,,
1697593,9340-2022-00291,1,False,9340,1/29/2022 2:50:00 AM,250,085,1368,4313,San Jose,43,True,True,C,REAR END,,Saturday,Yes,False,F,,False,True,True,SANTA CLARA SUPERIOR COURT HALL OF JUSTICE,C,OTHER MOTOR VEHICLE,,1.0,0.0,CLEAR,, NO UNUSUAL CONDITIONS,, ,D,DARK-NO STREET LIGHTS,37.254,-121.947278,,,,,A,NO PEDESTRIANS INVOLVED,1/29/2022 2:50:00 AM,A,VC 22107,False,1.0,SR-85 N/B,,,2/10/2022 12:00:00 AM,A,S,1060.0,BASCOM AVE,F,,D,2/10/2022 7:15:19 AM,2/10/2022 7:15:19 AM,False,True,4,,,,,,,
1697590,9340-2022-00292,1,False,9340,1/29/2022 2:13:00 AM,213,282,1368,4313,San Jose,43,True,True,A,HEAD-ON,,Saturday,Yes,False,,,False,True,True,SANTA CLARA SUPERIOR COURT HALL OF JUSTICE,C,OTHER MOTOR VEHICLE,,4.0,0.0,CLEAR,, NO UNUSUAL CONDITIONS,, ,D,DARK-NO STREET LIGHTS,37.316484,-121.970863,,,,,A,NO PEDESTRIANS INVOLVED,1/29/2022 2:13:00 AM,A,VC 23152(a),True,1.0,I-280 N/B,,,2/10/2022 12:00:00 AM,A,S,1150.0,SARATOGA AVE,F,,D,2/10/2022 7:12:31 AM,2/10/2022 7:12:31 AM,False,True,4,,,,,,,
1697585,9340-2022-00296,1,False,9340,1/29/2022 1:32:00 PM,1332,681,1368,4313,San Jose,43,True,True,B,SIDE SWIPE,,Saturday,NotApplicable,False,M,,False,True,False,SANTA CLARA SUPERIOR COURT HALL OF JUSTICE,C,OTHER MOTOR VEHICLE,,0.0,0.0,CLEAR,, NO UNUSUAL CONDITIONS,, ,A,DAYLIGHT,37.36394,-121.84344,,,,,A,NO PEDESTRIANS INVOLVED,1/29/2022 1:32:00 PM,A,VC 21658(A),False,,I-680 S/B,,,2/10/2022 12:00:00 AM,A,N,800.0,ALUM ROCK AVE,F,,D,2/10/2022 7:06:55 AM,2/10/2022 7:06:55 AM,False,True,4,,,,,,,
1697043,9340-2022-00324,1,False,9340,2/1/2022 7:30:00 AM,730,110,1368,4313,San Jose,43,True,True,B,SIDE SWIPE,,Tuesday,NotApplicable,False,M,,False,True,False,SANTA CLARA SUPERIOR COURT HALL OF JUSTICE,C,OTHER MOTOR VEHICLE,,1.0,0.0,CLEAR,, NO UNUSUAL CONDITIONS,, ,A,DAYLIGHT,37.33692,-121.850079,,,,,A,NO PEDESTRIANS INVOLVED,2/1/2022 7:30:00 AM,A,VC 22107,False,1.0,US 101 S/B TO STORY RD. W/B,,,2/9/2022 12:00:00 AM,A,N,600.0,STORY RD.,F,,D,2/9/2022 12:55:51 PM,2/9/2022 12:55:51 PM,False,True,4,,,,,,,
1697011,9340-2022-00320,1,False,9340,1/31/2022 11:15:00 PM,2315,110,1368,4313,San Jose,43,True,True,C,REAR END,,Monday,NotApplicable,False,M,,False,True,False,SANTA CLARA SUPERIOR COURT HALL OF JUSTICE,C,OTHER MOTOR VEHICLE,,0.0,0.0,CLEAR,, NO UNUSUAL CONDITIONS,, ,D,DARK-NO STREET LIGHTS,37.32009,-121.83376,,,,,A,NO PEDESTRIANS INVOLVED,1/31/2022 11:15:00 PM,A,VC 22350,False,1.0,US-101 S/B TO TULLY ROAD,,,2/9/2022 12:00:00 AM,A,N,1000.0,TULLY RD,F,,D,2/9/2022 12:39:55 PM,2/9/2022 12:39:55 PM,False,True,4,,,,,,,
1696986,9340-2022-00294,1,False,9340,1/29/2022 8:15:00 PM,2015,281,1368,4313,San Jose,43,True,True,D,BROADSIDE,,Saturday,NotApplicable,False,M,,False,True,False,SANTA CLARA SUPERIOR COURT HALL OF JUSTICE,C,OTHER MOTOR VEHICLE,,0.0,0.0,CLEAR,, NO UNUSUAL CONDITIONS,, ,A,DAYLIGHT,37.32583,-121.88359,,,,,A,NO PEDESTRIANS INVOLVED,1/29/2022 8:15:00 PM,A,VC 22350,False,1.0,I-280 S/B,,,2/9/2022 12:00:00 AM,A,S,600.0,BIRD AVENUE,F,,D,2/9/2022 12:23:22 PM,2/9/2022 12:23:22 PM,False,True,4,,,,,,,
1696972,9340-2022-00299,1,False,9340,1/29/2022 4:31:00 PM,1631,281,1368,4313,San Jose,43,True,True,D,BROADSIDE,,Saturday,NotApplicable,True,M,,False,True,True,SANTA CLARA SUPERIOR COURT HALL OF JUSTICE,C,OTHER MOTOR VEHICLE,,0.0,0.0,CLEAR,, NO UNUSUAL CONDITIONS,, ,A,DAYLIGHT,37.32341,-121.89406,,,,,A,NO PEDESTRIANS INVOLVED,1/29/2022 4:31:00 PM,A,VC 22107,False,1.0,I-280 S/B,,,2/9/2022 12:00:00 AM,A,S,200.0,VINE ST,F,,D,2/9/2022 12:09:01 PM,2/9/2022 12:09:01 PM,False,True,4,,,,,,,
1696856,9340-2022-00288,1,False,9340,1/28/2022 8:17:00 PM,2017,087,1368,4313,San Jose,43,True,True,B,SIDE SWIPE,,Friday,NotApplicable,False,M,,False,True,False,SANTA CLARA SUPERIOR COURT HALL OF JUSTICE,C,OTHER MOTOR VEHICLE,,0.0,0.0,CLEAR,, NO UNUSUAL CONDITIONS,, ,D,DARK-NO STREET LIGHTS,37.33563,-121.89741,,,,,A,NO PEDESTRIANS INVOLVED,1/28/2022 8:17:00 PM,A,VC 22107,False,1.0,SR-87 S/B,,,2/9/2022 12:00:00 AM,A,N,2000.0,SANTA CLARA ST,F,,D,2/9/2022 10:29:41 AM,2/9/2022 10:29:41 AM,False,True,4,,,,,,,
1696644,9340-2022-00279,1,False,9340,1/28/2022 3:20:00 PM,1520,681,1368,4313,San Jose,43,True,True,B,SIDE SWIPE,,Friday,NotApplicable,False,,,False,True,False,SANTA CLARA SUPERIOR COURT HALL OF JUSTICE,C,OTHER MOTOR VEHICLE,,0.0,0.0,CLEAR,, NO UNUSUAL CONDITIONS,, ,A,DAYLIGHT,37.403208,-121.877027,,,,,A,NO PEDESTRIANS INVOLVED,1/28/2022 3:20:00 PM,A,VC 21658(A),False,1.0,I-680 S/B,,,2/9/2022 12:00:00 AM,A,N,1316.0,CAPITOL AVENUE,F,,D,2/9/2022 8:02:07 AM,2/9/2022 8:02:07 AM,False,True,4,,,,,,,
1696132,9340-2022-00313,1,False,9340,1/31/2022 8:42:00 AM,842,282,1368,4313,San Jose,43,True,True,B,SIDE SWIPE,,Monday,Yes,False,,,False,True,True,SANTA CLARA SUPERIOR COURT HALL OF JUSTICE,C,OTHER MOTOR VEHICLE,,4.0,0.0,CLOUDY,, CONSTRUCTION-REPAIR ZONE,, ,A,DAYLIGHT,37.316822,-121.952408,,,,,A,NO PEDESTRIANS INVOLVED,1/31/2022 8:42:00 AM,A,VC 21658(a),False,1.0,I-280 N/B,,,2/8/2022 12:00:00 AM,A,N,500.0,WINCHESTER BLVD,F,,D,2/8/2022 1:22:10 PM,2/8/2022 1:22:10 PM,False,True,4,,,,,,,
1696032,9340-2022-00316,1,False,9340,1/31/2022 8:29:00 AM,829,120,1368,4313,San Jose,43,True,True,C,REAR END,,Monday,NotApplicable,False,,,False,True,False,SANTA CLARA SUPERIOR COURT SANTA CLARA COURTHOUSE,C,OTHER MOTOR VEHICLE,,0.0,0.0,CLEAR,, NO UNUSUAL CONDITIONS,, ,A,DAYLIGHT,37.363753,-121.897691,,,,,A,NO PEDESTRIANS INVOLVED,1/31/2022 8:29:00 AM,A,VC 22350,False,1.0,US-101 N/B ,,,2/8/2022 12:00:00 AM,A,S,120.0,I-880,F,,D,2/8/2022 11:55:33 AM,2/8/2022 11:55:33 AM,False,True,4,,,,,,,
1696009,9340-2022-00318,1,False,9340,1/31/2022 6:20:00 AM,620,110,1368,4313,San Jose,43,True,True,B,SIDE SWIPE,,Monday,NotApplicable,False,,,False,True,False,SANTA CLARA SUPERIOR COURT HALL OF JUSTICE,C,OTHER MOTOR VEHICLE,,0.0,0.0,FOG/VISIBILITY,, NO UNUSUAL CONDITIONS,, ,C,DARK-STREET LIGHTS,37.32779,-121.840244,,,,,A,NO PEDESTRIANS INVOLVED,1/31/2022 6:20:00 AM,D,,,,US 101 N/B,,,2/8/2022 12:00:00 AM,A,N,1000.0,TULLY RD.,F,,D,2/8/2022 11:43:53 AM,2/8/2022 11:43:53 AM,False,True,4,,,,,,,
1695919,9340-2022-00310,1,False,9340,1/30/2022 11:00:00 PM,2300,681,1368,4313,San Jose,43,True,True,B,SIDE SWIPE,,Sunday,NotApplicable,False,M,,False,True,False,SANTA CLARA SUPERIOR COURT HALL OF JUSTICE,C,OTHER MOTOR VEHICLE,,0.0,0.0,CLEAR,, NO UNUSUAL CONDITIONS,, ,C,DARK-STREET LIGHTS,37.356026,-121.838735,,,,,A,NO PEDESTRIANS INVOLVED,1/30/2022 11:00:00 PM,A,VC 22107,False,2.0,I-680 N/B,,,2/8/2022 12:00:00 AM,A,N,131.0,CAPITOL EXPY,F,,D,2/8/2022 10:38:16 AM,2/8/2022 10:38:16 AM,False,True,4,,,,,,,
1695810,9340-2022-00315,1,False,9340,1/27/2022 7:20:00 PM,1920,110,1368,4313,San Jose,43,True,True,C,REAR END,,Thursday,NotApplicable,False,,,False,True,False,SANTA CLARA SUPERIOR COURT DOWNTOWN SUPERIOR COURT,C,OTHER MOTOR VEHICLE,,0.0,0.0,CLEAR,, NO UNUSUAL CONDITIONS,, ,A,DAYLIGHT,37.321344,-121.834484,,,,,A,NO PEDESTRIANS INVOLVED,1/27/2022 7:20:00 PM,A,VC 22350,False,1.0,US-101 S/B,,,2/8/2022 12:00:00 AM,A,N,300.0,TULLY RD,F,,D,2/8/2022 9:21:19 AM,2/8/2022 9:21:19 AM,False,True,4,,,,,,,
1695192,9340-2022-00243,1,False,9340,1/25/2022 3:30:00 PM,1530,281,1368,4313,San Jose,43,True,True,C,REAR END,,Tuesday,NotApplicable,False,,,False,True,True,Santa Clara Superior Court Hall of Justice,C,OTHER MOTOR VEHICLE,,1.0,0.0,CLEAR,, NO UNUSUAL CONDITIONS,, ,A,DAYLIGHT,37.336156,-121.857221,,,,,A,NO PEDESTRIANS INVOLVED,1/25/2022 3:30:00 PM,A,VC 22350,False,1.0,I-280 S/B,,,2/7/2022 12:00:00 AM,A,N,180.0,MCLAUGHLIN AVE,F,,D,2/7/2022 1:17:31 PM,2/7/2022 1:17:31 PM,False,True,4,,,,,,,
1695153,9340-2022-00300,2,False,9340,1/30/2022 2:20:00 AM,220,110,1368,4313,San Jose,43,True,True,E,HIT OBJECT,,Sunday,NotApplicable,False,,,False,True,True,SANTA CLARA SUPERIOR COURT HALL OF JUSTICE,I,FIXED OBJECT,CONCRETE DIVIDER,0.0,0.0,CLEAR,, NO UNUSUAL CONDITIONS,, ,D,DARK-NO STREET LIGHTS,37.294897,-121.810107,,,,,A,NO PEDESTRIANS INVOLVED,1/30/2022 2:20:00 AM,A,VC 23152(a),True,1.0,US-101 S/B,,,3/10/2022 12:00:00 AM,A,N,200.0,YERBA BUENA RD,F,,D,2/7/2022 12:48:53 PM,3/10/2022 2:51:12 PM,False,True,4,,,,,,,
1695111,9340-2022-00306,1,False,9340,1/30/2022 2:00:00 PM,1400,281,1368,4313,San Jose,43,True,True,B,SIDE SWIPE,,Sunday,NotApplicable,False,M,,False,True,False,Santa Clara Superior Court Hall of Justice,C,OTHER MOTOR VEHICLE,,0.0,0.0,CLEAR,, NO UNUSUAL CONDITIONS,, ,A,DAYLIGHT,37.33333,-121.862007,,,,,A,NO PEDESTRIANS INVOLVED,1/30/2022 2:00:00 PM,A,VC 22107,False,2.0,I-280 S/B,,,2/7/2022 12:00:00 AM,A,N,1740.0,MCLAUGHLIN AVE,F,,D,2/7/2022 12:24:10 PM,2/7/2022 12:24:10 PM,False,True,4,,,,,,,
1694703,9340-2022-00287,1,False,9340,1/28/2022 5:57:00 PM,1757,120,1368,4313,San Jose,43,True,True,C,REAR END,,Friday,NotApplicable,False,F,,False,True,False,SANTA CLARA SUPERIOR COURT HALL OF JUSTICE,C,OTHER MOTOR VEHICLE,,1.0,0.0,CLEAR,, NO UNUSUAL CONDITIONS,, ,B,DUSK-DAWN,37.368177,-121.908316,,,,,A,NO PEDESTRIANS INVOLVED,1/28/2022 5:57:00 PM,A,VC 22350,False,2.0,US-101 S/B,,,2/7/2022 12:00:00 AM,A,N,2350.0,I-880,F,,D,2/7/2022 8:31:39 AM,2/7/2022 8:31:39 AM,False,True,4,,,,,,,
1694648,9340-2022-00275,1,False,9340,1/28/2022 8:30:00 AM,830,281,1368,4313,San Jose,43,True,True,B,SIDE SWIPE,,Friday,NotApplicable,False,,,False,True,False,SANTA CLARA SUPERIOR COURT HALL OF JUSTICE,C,OTHER MOTOR VEHICLE,,0.0,0.0,CLEAR,, NO UNUSUAL CONDITIONS,, ,A,DAYLIGHT,37.19676,-121.54985,,,,,A,NO PEDESTRIANS INVOLVED,1/28/2022 8:30:00 AM,A,VC 22107,False,1.0,I-280 N/B,,,2/7/2022 12:00:00 AM,A,N,1830.0,BIRD AVE,F,,D,2/7/2022 7:54:08 AM,2/7/2022 7:54:08 AM,False,True,4,,,,,,,
1694642,9340-2022-00276,1,False,9340,1/28/2022 7:35:00 AM,735,901,1368,4313,San Jose,43,True,True,C,REAR END,,Friday,NotApplicable,False,M,,False,False,False,SANTA CLARA SUPERIOR COURT HALL OF JUSTICE,C,OTHER MOTOR VEHICLE,,0.0,0.0,CLEAR,, NO UNUSUAL CONDITIONS,, School Bus Collision,A,DAYLIGHT,37.19115,-121.524009,,,,,A,NO PEDESTRIANS INVOLVED,1/28/2022 7:35:00 AM,A,VC 22350,False,1.0,KEYES ST,,,2/7/2022 12:00:00 AM,A,W,44.0,FIRST ST,F,,A,2/7/2022 7:51:34 AM,2/7/2022 7:51:34 AM,True,False,4,,,,,,,
1694640,9340-2022-00271,1,False,9340,1/28/2022 5:00:00 AM,500,281,1368,4313,San Jose,43,True,True,B,SIDE SWIPE,,Friday,NotApplicable,False,,,False,True,False,SANTA CLARA SUPERIOR COURT HALL OF JUSTICE,C,OTHER MOTOR VEHICLE,,0.0,0.0,CLEAR,, NO UNUSUAL CONDITIONS,, ,D,DARK-NO STREET LIGHTS,37.317226,-121.937267,,,,,A,NO PEDESTRIANS INVOLVED,1/28/2022 5:00:00 AM,A,VC 21658(A),False,1.0,I-280 S/B,,,2/7/2022 12:00:00 AM,A,N,1500.0,BASCOM AVE,F,,D,2/7/2022 7:48:23 AM,2/7/2022 7:48:23 AM,False,True,4,,,,,,,
1694632,9340-2022-00268,1,False,9340,1/27/2022 4:40:00 PM,1640,088,1368,4313,San Jose,43,True,True,C,REAR END,,Thursday,Yes,False,,,False,True,False,SANTA CLARA SUPERIOR COURT HALL OF JUSTICE,C,OTHER MOTOR VEHICLE,,2.0,0.0,CLEAR,, NO UNUSUAL CONDITIONS,, ,A,DAYLIGHT,37.361009,-121.904266,,,,,A,NO PEDESTRIANS INVOLVED,1/27/2022 4:40:00 PM,A,VC 22350,False,1.0,I-880 N/B,,,2/7/2022 12:00:00 AM,A,S,1285.0,US-101,F,,D,2/7/2022 7:42:10 AM,2/7/2022 7:42:10 AM,False,True,4,,,,,,,
1694630,9340-2022-00223,1,False,9340,1/24/2022 1:40:00 AM,140,088,1368,4313,San Jose,43,True,True,E,HIT OBJECT,,Monday,NotApplicable,False,,,False,True,True,SANTA CLARA SUPERIOR COURT HALL OF JUSTICE,I,FIXED OBJECT,TREE,0.0,0.0,CLEAR,, NO UNUSUAL CONDITIONS,, ,C,DARK-STREET LIGHTS,37.355558,-121.909838,,,,,A,NO PEDESTRIANS INVOLVED,1/24/2022 1:40:00 AM,A,VC 22107,False,1.0,I-880 N/B ,,,2/7/2022 12:00:00 AM,A,S,1100.0,FIRST ST,F,,D,2/7/2022 7:39:38 AM,2/7/2022 7:39:38 AM,False,True,4,,,,,,,
1694210,9340-2021-13227,1,False,9340,1/31/2022 2:45:00 PM,1445,120,1368,4313,San Jose,43,True,True,D,BROADSIDE,,Monday,NotApplicable,False,,,False,True,True,SANTA CLARA SUPERIOR COURT HALL OF JUSTICE,C,OTHER MOTOR VEHICLE,,0.0,0.0,CLEAR,, NO UNUSUAL CONDITIONS,, ,A,DAYLIGHT,37.368865,-121.908361,,,,,A,NO PEDESTRIANS INVOLVED,1/31/2022 2:45:00 PM,A,VC 22350,False,1.0,US-101 N/B,,,2/5/2022 12:00:00 AM,A,N,2400.0,I-880,F,,D,2/5/2022 3:36:33 PM,2/5/2022 3:36:33 PM,False,True,4,,,,,,,
1694207,9340-2022-00303,1,False,9340,1/30/2022 2:00:00 PM,1400,281,1368,4313,San Jose,43,True,True,B,SIDE SWIPE,,Sunday,NotApplicable,False,M,,False,True,False,Santa Clara Superior Court Hall of Justice,C,OTHER MOTOR VEHICLE,,0.0,0.0,CLEAR,, NO UNUSUAL CONDITIONS,, ,A,DAYLIGHT,37.337936,-121.854532,,,,,A,NO PEDESTRIANS INVOLVED,1/30/2022 2:00:00 PM,A,VC 21658(A),False,1.0,I-280 S/B,,,2/5/2022 12:00:00 AM,A,N,850.0,US-101,F,,D,2/5/2022 3:09:26 PM,2/5/2022 3:09:26 PM,False,True,4,,,,,,,
1694203,9340-2022-00312,1,False,9340,1/27/2022 5:50:00 PM,1750,110,1368,4313,San Jose,43,True,True,C,REAR END,,Thursday,NotApplicable,False,,,False,True,False,SANTA CLARA SUPERIOR COURT DOWNTOWN SUPERIOR COURT,C,OTHER MOTOR VEHICLE,,0.0,0.0,CLEAR,, NO UNUSUAL CONDITIONS,, ,C,DARK-STREET LIGHTS,37.295157,-121.81028,,,,,A,NO PEDESTRIANS INVOLVED,1/27/2022 5:50:00 PM,A,VC 22350,False,1.0,US-101 S/B,,,2/5/2022 12:00:00 AM,A,N,20.0,YERBA BUENA ROAD,F,,D,2/5/2022 1:56:28 PM,2/5/2022 1:56:28 PM,False,True,4,,,,,,,
1694196,9340-2022-00309,1,False,9340,1/30/2022 6:01:00 PM,1801,083,1368,4313,San Jose,43,True,True,C,REAR END,,Sunday,NotApplicable,False,M,,False,True,False,SANTA CLARA SUPERIOR COURT HALL OF JUSTICE,C,OTHER MOTOR VEHICLE,,0.0,0.0,CLEAR,, NO UNUSUAL CONDITIONS,, ,C,DARK-STREET LIGHTS,37.255173,-121.846291,,,,,A,NO PEDESTRIANS INVOLVED,1/30/2022 6:01:00 PM,A,VC 22350,False,1.0,SR-85 N/B,,,2/5/2022 12:00:00 AM,A,N,3170.0,BLOSSOM HILL RD,F,,D,2/5/2022 12:32:32 PM,2/5/2022 12:32:32 PM,False,True,4,,,,,,,
1694195,9340-2022-00285,1,False,9340,1/28/2022 6:05:00 PM,1805,083,1368,4313,San Jose,43,True,True,C,REAR END,,Friday,NotApplicable,False,,,False,True,False,SANTA CLARA SUPERIOR COURT HALL OF JUSTICE,C,OTHER MOTOR VEHICLE,,1.0,0.0,CLEAR,, NO UNUSUAL CONDITIONS,, ,C,DARK-STREET LIGHTS,37.25304,-121.943766,,,,,A,NO PEDESTRIANS INVOLVED,1/28/2022 6:05:00 PM,A,VC 22350,False,1.0,SR-85 S/B,,,2/5/2022 12:00:00 AM,A,N,3676.0,UNION AVE,F,,D,2/5/2022 12:27:34 PM,2/5/2022 12:27:34 PM,False,True,4,,,,,,,
1694192,9340-2022-00256,1,False,9340,1/26/2022 7:20:00 PM,1920,281,1368,4313,San Jose,43,True,True,F,OVERTURNED,,Wednesday,NotApplicable,False,M,,False,True,False,SANTA CLARA SUPERIOR COURT HALL OF JUSTICE,A,NON-COLLISION,,0.0,0.0,CLEAR,, NO UNUSUAL CONDITIONS,, ,D,DARK-NO STREET LIGHTS,37.3283,-121.8727,,,,,A,NO PEDESTRIANS INVOLVED,1/26/2022 7:20:00 PM,A,VC 22107,False,1.0,I-280 N/B,,,2/5/2022 12:00:00 AM,A,S,750.0,7TH ST,F,,D,2/5/2022 12:17:14 PM,2/5/2022 12:17:14 PM,False,True,4,,,,,,,
1693891,9340-2022-00234,1,False,9340,1/25/2022 9:58:00 AM,958,681,1368,4313,San Jose,43,True,True,C,REAR END,,Tuesday,NotApplicable,True,,,False,True,False,SANTA CLARA SUPERIOR COURT HALL OF JUSTICE,C,OTHER MOTOR VEHICLE,,0.0,0.0,CLEAR,, NO UNUSUAL CONDITIONS,, On-Duty Emergency Vehicle,A,DAYLIGHT,37.342642,-121.846242,,,,,A,NO PEDESTRIANS INVOLVED,1/25/2022 9:58:00 AM,B,UNSAFE SPEED,,1.0,I-680 N/B TO KING RD,,,2/4/2022 12:00:00 AM,A,S,30.0,KING RD,F,,A,2/4/2022 3:15:47 PM,2/4/2022 3:15:47 PM,False,True,4,,,,,,,
1693834,9340-2022-00295,1,False,9340,1/29/2022 2:40:00 PM,1440,083,1368,4313,San Jose,43,True,True,B,SIDE SWIPE,,Saturday,NotApplicable,False,,,False,True,False,SANTA CLARA SUPERIOR COURT HALL OF JUSTICE,C,OTHER MOTOR VEHICLE,,0.0,0.0,CLEAR,, NO UNUSUAL CONDITIONS,, ,A,DAYLIGHT,37.254375,-121.880211,,,,,A,NO PEDESTRIANS INVOLVED,1/29/2022 2:40:00 PM,A,VC 21658(A),False,1.0,SR-85 N/B,,,2/4/2022 12:00:00 AM,A,N,1300.0,ALMADEN EXPRESSWAY,F,,D,2/4/2022 1:28:06 PM,2/4/2022 1:28:06 PM,False,True,4,,,,,,,
1693778,9340-2022-00297,1,False,9340,1/28/2022 9:25:00 PM,2125,088,1368,4313,San Jose,43,True,True,E,HIT OBJECT,,Friday,NotApplicable,False,,,False,True,False,SANTA CLARA SUPERIOR COURT DOWNTOWN SUPERIOR COURT,I,FIXED OBJECT,FENCE,0.0,0.0,CLEAR,, NO UNUSUAL CONDITIONS,, ,D,DARK-NO STREET LIGHTS,37.356616,-121.907466,,,,,A,NO PEDESTRIANS INVOLVED,1/28/2022 9:25:00 PM,A,VC 22107,False,1.0,I-880 N/B,,,2/4/2022 12:00:00 AM,A,S,365.0,N FIRST ST.,F,,D,2/4/2022 12:17:54 PM,2/4/2022 12:17:54 PM,False,True,4,,,,,,,
1693689,9340-2022-00280,1,False,9340,1/28/2022 2:39:00 PM,1439,282,1368,4313,San Jose,43,True,True,C,REAR END,,Friday,NotApplicable,False,,,False,True,True,Santa Clara Superior Court Hall of Justice,C,OTHER MOTOR VEHICLE,,0.0,0.0,CLEAR,, NO UNUSUAL CONDITIONS,, ,A,DAYLIGHT,37.316545,-121.966762,,,,,A,NO PEDESTRIANS INVOLVED,1/28/2022 2:39:00 PM,A,VC 22350,False,1.0,I-280 N/B,,,2/4/2022 12:00:00 AM,A,S,2000.0,SARATOGA AVE,F,,D,2/4/2022 10:57:02 AM,2/4/2022 10:57:02 AM,False,True,4,,,,,,,