Collision Id,	Report Number,	Report Version,	Is Preliminary,	NCIC Code,Crash Date Time,	Crash Time Description,	Beat,City Id,	City Code,	City Name,County Code,	City Is Active,	City Is Incorporated,	Collision Type Code,Collision Type Description,	Collision Type Other Desc,	Day Of Week,	DispatchNotified,	HasPhotographs,	HitRun,	IsAttachmentsMailed,	IsDeleted,	IsHighwayRelated,	IsTowAway,	JudicialDistrict,	MotorVehicleInvolvedWithCode,	MotorVehicleInvolvedWithDesc,MotorVehicleInvolvedWithOtherDesc,	NumberInjured,	NumberKilled,Weather 1, Weather 2, Road Condition 1, Road Condition 2, Special Condition,LightingCode, LightingDescription,Latitude,Longitude,MilepostDirection,MilepostDistance,MilepostMarker,MilepostUnitOfMeasure,	PedestrianActionCode,PedestrianActionDesc,PreparedDate,	Primary Collision Factor Code,Primary Collision Factor Violation,PrimaryCollisionFactorIsCited,	PrimaryCollisionPartyNumber,	PrimaryRoad,	ReportingDistrict,	ReportingDistrictCode,ReviewedDate,	RoadwaySurfaceCode,SecondaryDirection,	SecondaryDistance,	SecondaryRoad,	SecondaryUnitOfMeasure,	SketchDesc,	TrafficControlDeviceCode,CreatedDate,	ModifiedDate,IsCountyRoad,IsFreeway,CHP555Version,	IsAdditonalObjectStruck,NotificationDate,	NotificationTimeDescription,	HasDigitalMediaFiles,	EvidenceNumber,	IsLocationReferToNarrative,	IsAOIOneSameAsLocation
1688744,9340-2022-00245,1,False,9340,1/25/2022 9:10:00 PM,2110,120,1368,4313,San Jose,43,True,True,C,REAR END,,Tuesday,NotApplicable,False,M,,False,True,False,SANTA CLARA SUPERIOR COURT HALL OF JUSTICE,C,OTHER MOTOR VEHICLE,,0.0,0.0,CLEAR,, NO UNUSUAL CONDITIONS,, ,C,DARK-STREET LIGHTS,37.366449,-121.906049,,,,,A,NO PEDESTRIANS INVOLVED,1/25/2022 9:10:00 PM,A,VC 22107,False,1.0,US-101 S/B,,,1/28/2022 12:00:00 AM,A,N,1400.0,I-880,F,,D,1/28/2022 3:48:48 PM,1/28/2022 3:48:48 PM,False,True,4,,,,,,,
1688709,9340-2022-00226,1,False,9340,1/24/2022 5:25:00 AM,525,120,1368,4313,San Jose,43,True,True,B,SIDE SWIPE,,Monday,NotApplicable,False,,,False,True,True,SANTA CLARA SUPERIOR COURT HALL OF JUSTICE,C,OTHER MOTOR VEHICLE,,0.0,0.0,CLEAR,, NO UNUSUAL CONDITIONS,, ,C,DARK-STREET LIGHTS,37.363783,-121.899212,,,,,A,NO PEDESTRIANS INVOLVED,1/24/2022 5:25:00 AM,A,VC 21658(A),False,1.0,US-101 N/B,,,1/28/2022 12:00:00 AM,A,N,250.0,N. 10TH ST,F,,D,1/28/2022 2:57:59 PM,1/28/2022 2:57:59 PM,False,True,4,,,,,,,
1688634,9340-2022-00178,1,False,9340,1/18/2022 6:00:00 PM,1800,088,1368,4313,San Jose,43,True,True,C,REAR END,,Tuesday,NotApplicable,False,,,False,True,False,SANTA CLARA SUPERIOR COURT DOWNTOWN SUPERIOR COURT,C,OTHER MOTOR VEHICLE,,0.0,0.0,CLEAR,, NO UNUSUAL CONDITIONS,, ,D,DARK-NO STREET LIGHTS,37.213777,-121.541733,,,,,A,NO PEDESTRIANS INVOLVED,1/18/2022 6:00:00 PM,A,VC 22350,False,1.0,I-880 N/B,,,1/28/2022 12:00:00 AM,A,N,1000.0,1ST ST,F,,D,1/28/2022 1:32:13 PM,1/28/2022 1:32:13 PM,False,True,4,,,,,,,
1688628,9340-2022-00195,1,False,9340,1/20/2022 4:45:00 PM,1645,088,1368,4313,San Jose,43,True,True,C,REAR END,,Thursday,NotApplicable,False,,,False,True,False,SANTA CLARA SUPERIOR COURT HALL OF JUSTICE,C,OTHER MOTOR VEHICLE,,1.0,0.0,CLEAR,, NO UNUSUAL CONDITIONS,, ,B,DUSK-DAWN,37.363909,-121.902231,,,,,A,NO PEDESTRIANS INVOLVED,1/20/2022 4:45:00 PM,A,VC 22350,False,1.0,I-880 S/B,,,1/28/2022 12:00:00 AM,A,S,80.0,US-101,F,,D,1/28/2022 1:26:53 PM,1/28/2022 1:26:53 PM,False,True,4,,,,,,,
1688592,9340-2022-00227,1,False,9340,1/24/2022 6:30:00 AM,630,281,1368,4313,San Jose,43,True,True,B,SIDE SWIPE,,Monday,NotApplicable,False,M,,False,True,False,SANTA CLARA SUPERIOR COURT HALL OF JUSTICE,C,OTHER MOTOR VEHICLE,,0.0,0.0,CLEAR,, NO UNUSUAL CONDITIONS,, ,B,DUSK-DAWN,37.336679,-121.857218,,,,,A,NO PEDESTRIANS INVOLVED,1/24/2022 6:30:00 AM,A,VC 22107,False,1.0,I-280 N/B,,,1/28/2022 12:00:00 AM,A,S,45.0,MCLAUGHLIN AVE,F,,D,1/28/2022 12:52:53 PM,1/28/2022 12:52:53 PM,False,True,4,,,,,,,
1688573,9340-2022-00207,1,False,9340,1/22/2022 3:50:00 PM,1550,281,1368,4313,San Jose,43,True,True,C,REAR END,,Saturday,NotApplicable,False,M,,False,True,False,SANTA CLARA SUPERIOR COURT HALL OF JUSTICE,C,OTHER MOTOR VEHICLE,,0.0,0.0,CLEAR,, NO UNUSUAL CONDITIONS,, ,A,DAYLIGHT,37.328907,-121.87017,,,,,A,NO PEDESTRIANS INVOLVED,1/22/2022 3:50:00 PM,A,VC 22350,False,1.0,I-280 N/B,,,1/28/2022 12:00:00 AM,A,S,317.0,7TH STREET,F,,D,1/28/2022 12:30:44 PM,1/28/2022 12:30:44 PM,False,True,4,,,,,,,
1688565,9340-2022-00198,1,False,9340,1/20/2022 7:00:00 PM,1900,281,1368,4313,San Jose,43,True,True,B,SIDE SWIPE,,Thursday,NotApplicable,False,,,False,True,False,SANTA CLARA SUPERIOR COURT HALL OF JUSTICE,C,OTHER MOTOR VEHICLE,,0.0,0.0,CLEAR,, NO UNUSUAL CONDITIONS,, ,D,DARK-NO STREET LIGHTS,37.333907,-121.860826,,,,,A,NO PEDESTRIANS INVOLVED,1/20/2022 7:00:00 PM,A,VC 21658(A),False,,I-280 SOUTHBOUND,,,1/28/2022 12:00:00 AM,A,N,1330.0,MCLAUGHLIN AVENUE,F,,D,1/28/2022 12:22:18 PM,1/28/2022 12:22:18 PM,False,True,4,,,,,,,
1711931,9340-2022-00678,1,False,9340,2/27/2022 11:15:00 PM,2315,681,1368,4313,San Jose,43,True,True,E,HIT OBJECT,,Sunday,NotApplicable,False,,,False,True,True,SANTA CLARA SUPERIOR COURT HALL OF JUSTICE,I,FIXED OBJECT,RIGHT FACING GUARDRAIL,0.0,0.0,CLEAR,, NO UNUSUAL CONDITIONS,, ,C,DARK-STREET LIGHTS,37.341684,-121.853465,,,,,A,NO PEDESTRIANS INVOLVED,2/27/2022 11:15:00 PM,A,VC 23152(a),True,1.0,I-680 S/B TO US-101 N/B,,,3/1/2022 12:00:00 AM,A,N,53.0,US-101,F,,D,3/1/2022 7:43:22 AM,3/1/2022 7:43:22 AM,False,True,4,,,,,,,
1711920,9340-2022-00580,1,False,9340,2/20/2022 12:15:00 AM,15,083,1368,4313,San Jose,43,True,True,E,HIT OBJECT,,Sunday,NotApplicable,False,,,False,True,True,Santa Clara Superior Court Hall of Justice,I,FIXED OBJECT,CONCRETE WALL,0.0,0.0,CLEAR,, NO UNUSUAL CONDITIONS,, ,D,DARK-NO STREET LIGHTS,37.242154,-121.805583,,,,,A,NO PEDESTRIANS INVOLVED,2/20/2022 12:15:00 AM,A,VC 22107,False,1.0,SR-85 SOUTHBOUND TO COTTLE ROAD,,,3/1/2022 12:00:00 AM,A,N,400.0,COTTLE ROAD,F,,D,3/1/2022 7:37:59 AM,3/1/2022 7:37:59 AM,False,True,4,,,,,,,
1711525,9340-2022-00545,1,False,9340,2/17/2022 3:40:00 AM,340,681,1368,4313,San Jose,43,True,True,B,SIDE SWIPE,,Thursday,NotApplicable,False,M,,False,True,False,SANTA CLARA SUPERIOR COURT HALL OF JUSTICE,C,OTHER MOTOR VEHICLE,,0.0,0.0,CLEAR,, NO UNUSUAL CONDITIONS,, ,D,DARK-NO STREET LIGHTS,37.341255,-121.851167,,,,,A,NO PEDESTRIANS INVOLVED,2/17/2022 3:40:00 AM,A,VC 22107,False,1.0,I-680 S/B TO US-101 N/B,,,2/28/2022 12:00:00 AM,A,S,1600.0,KING ROAD,F,,D,2/28/2022 3:07:07 PM,2/28/2022 3:07:07 PM,False,True,4,,,,,,,
1711523,9340-2022-00541,1,False,9340,2/16/2022 6:45:00 PM,1845,282,1368,4313,San Jose,43,True,True,C,REAR END,,Wednesday,NotApplicable,False,,,False,True,False,SANTA CLARA SUPERIOR COURT DOWNTOWN SUPERIOR COURT,C,OTHER MOTOR VEHICLE,,0.0,0.0,CLEAR,, NO UNUSUAL CONDITIONS,, ,C,DARK-STREET LIGHTS,37.316227,-121.960289,,,,,A,NO PEDESTRIANS INVOLVED,2/16/2022 6:45:00 PM,A,VC 22350,False,1.0,I-280 S/B,,,2/28/2022 12:00:00 AM,A,N,2900.0,WINCHESTER BLVD,F,,D,2/28/2022 3:05:44 PM,2/28/2022 3:05:44 PM,False,True,4,,,,,,,
1711509,9340-2022-00540,1,False,9340,2/16/2022 3:40:00 PM,1540,089,1368,4313,San Jose,43,True,True,B,SIDE SWIPE,,Wednesday,NotApplicable,False,,,False,True,False,SANTA CLARA SUPERIOR COURT HALL OF JUSTICE,C,OTHER MOTOR VEHICLE,,0.0,0.0,CLEAR,, NO UNUSUAL CONDITIONS,, ,A,DAYLIGHT,37.363754,-121.902233,,,,,A,NO PEDESTRIANS INVOLVED,2/16/2022 3:40:00 PM,A,VC 22107,False,1.0,I-880 S/B,,,2/28/2022 12:00:00 AM,A,N,65.0,US-101,F,,D,2/28/2022 2:58:03 PM,2/28/2022 2:58:03 PM,False,True,4,,,,,,,
1711506,9340-2022-00537,1,False,9340,2/16/2022 3:25:00 PM,1525,281,1368,4313,San Jose,43,True,True,D,BROADSIDE,,Wednesday,NotApplicable,False,,,False,True,True,Santa Clara Superior Court Hall of Justice,C,OTHER MOTOR VEHICLE,,1.0,0.0,CLEAR,, NO UNUSUAL CONDITIONS,, ,A,DAYLIGHT,37.32772,-121.8789,,,,,A,NO PEDESTRIANS INVOLVED,2/16/2022 3:25:00 PM,A,VC 22350,False,1.0,I-280 N/B,,,2/28/2022 12:00:00 AM,A,N,1200.0,7TH ST,F,,D,2/28/2022 2:55:43 PM,2/28/2022 2:55:43 PM,False,True,4,,,,,,,
1711390,9340-2022-00512,1,False,9340,2/14/2022 6:42:00 PM,1842,681,1368,4313,San Jose,43,True,True,C,REAR END,,Monday,NotApplicable,False,M,,False,True,False,SANTA CLARA SUPERIOR COURT DOWNTOWN SUPERIOR COURT,C,OTHER MOTOR VEHICLE,,0.0,0.0,CLEAR,, NO UNUSUAL CONDITIONS,, ,C,DARK-STREET LIGHTS,37.34335,-121.84609,,,,,A,NO PEDESTRIANS INVOLVED,2/14/2022 6:42:00 PM,A,VC 22350,False,1.0,I-680 N/B,,,2/28/2022 12:00:00 AM,A,N,50.0,KING RD,F,,D,2/28/2022 1:40:01 PM,2/28/2022 1:40:01 PM,False,True,4,,,,,,,
1711225,9340-2022-00504,1,False,9340,2/12/2022 5:02:00 AM,502,681,1368,4313,San Jose,43,True,True,C,REAR END,,Saturday,NotApplicable,False,M,,False,True,False,SANTA CLARA SUPERIOR COURT HALL OF JUSTICE,C,OTHER MOTOR VEHICLE,,0.0,0.0,CLEAR,, NO UNUSUAL CONDITIONS,, ,C,DARK-STREET LIGHTS,37.22408,-121.512134,,,,,A,NO PEDESTRIANS INVOLVED,2/12/2022 5:02:00 AM,A,VC 22107,False,3.0,I-680 N/B,,,2/28/2022 12:00:00 AM,A,N,527.0,MABURY RD,F,,D,2/28/2022 12:06:20 PM,2/28/2022 12:06:20 PM,False,True,4,,,,,,,
1710949,9340-2022-00521,1,False,9340,2/15/2022 5:55:00 PM,1755,087,1368,4313,San Jose,43,True,True,B,SIDE SWIPE,,Tuesday,NotApplicable,False,,,False,True,False,SANTA CLARA SUPERIOR COURT HALL OF JUSTICE,C,OTHER MOTOR VEHICLE,,0.0,0.0,CLEAR,, NO UNUSUAL CONDITIONS,, ,B,DUSK-DAWN,37.181984,-121.524815,,,,,A,NO PEDESTRIANS INVOLVED,2/15/2022 5:55:00 PM,A,VC 21658(A),False,1.0,SR-87 S/B,,,2/28/2022 12:00:00 AM,A,N,1600.0,ALMADEN EXPY,F,,D,2/28/2022 9:43:40 AM,2/28/2022 9:43:40 AM,False,True,4,,,,,,,
1710086,9340-2022-00494,1,False,9340,2/13/2022 6:00:00 AM,600,281,1368,4313,San Jose,43,True,True,E,HIT OBJECT,,Sunday,Yes,False,,,False,True,True,SANTA CLARA SUPERIOR COURT HALL OF JUSTICE,I,FIXED OBJECT,CONCRETE WALL,1.0,0.0,CLEAR,, NO UNUSUAL CONDITIONS,, ,B,DUSK-DAWN,37.324854,-121.888974,,,,,A,NO PEDESTRIANS INVOLVED,2/13/2022 6:00:00 AM,A,VC 23152(a),True,1.0,I-280 N/B TO SR-87,,,2/25/2022 12:00:00 AM,A,S,968.0,SR-87 N/B,F,,D,2/25/2022 3:14:38 PM,2/25/2022 3:14:38 PM,False,True,4,,,,,,,
1710009,9340-2022-00564,1,False,9340,2/18/2022 7:05:00 PM,1905,120,1368,4313,San Jose,43,True,True,C,REAR END,,Friday,Yes,False,,,False,True,False,SANTA CLARA SUPERIOR COURT HALL OF JUSTICE,C,OTHER MOTOR VEHICLE,,1.0,0.0,CLEAR,, NO UNUSUAL CONDITIONS,, ,D,DARK-NO STREET LIGHTS,37.363127,-121.895671,,,,,A,NO PEDESTRIANS INVOLVED,2/18/2022 7:05:00 PM,A,VC 22350,False,1.0,US-101 N/B,,,2/25/2022 12:00:00 AM,A,N,50.0,10TH ST,F,,D,2/25/2022 1:57:48 PM,2/25/2022 1:57:48 PM,False,True,4,,,,,,,
1709993,9340-2022-00569,1,False,9340,2/19/2022 12:50:00 PM,1250,089,1368,4313,San Jose,43,True,True,C,REAR END,,Saturday,NotApplicable,False,,,False,True,False,SANTA CLARA SUPERIOR COURT HALL OF JUSTICE,D,MOTOR VEHICLE ON OTHER ROADWAY,,0.0,0.0,CLEAR,, NO UNUSUAL CONDITIONS,, ,A,DAYLIGHT,37.379328,-121.904069,,,,,A,NO PEDESTRIANS INVOLVED,2/19/2022 12:50:00 PM,A,VC 22350,False,1.0,I-880 S/B FROM BROKAW RD,,,2/25/2022 12:00:00 AM,A,S,200.0,BROKAW RD,F,,D,2/25/2022 1:38:04 PM,2/25/2022 1:38:04 PM,False,True,4,,,,,,,
1709981,9340-2022-00568,1,False,9340,2/19/2022 11:20:00 AM,1120,240,1368,4313,San Jose,43,True,True,C,REAR END,,Saturday,NotApplicable,False,,,False,True,False,SANTA CLARA SUPERIOR COURT HALL OF JUSTICE,C,OTHER MOTOR VEHICLE,,0.0,0.0,CLEAR,, NO UNUSUAL CONDITIONS,, ,A,DAYLIGHT,37.251892,-121.940057,,,,,A,NO PEDESTRIANS INVOLVED,2/19/2022 11:20:00 AM,A,VC 22350,False,1.0,SR-237 W/B,,,2/25/2022 12:00:00 AM,A,W,660.0,ZANKER RD,F,,D,2/25/2022 1:27:36 PM,2/25/2022 1:27:36 PM,False,True,4,,,,,,,
1709971,9340-2022-00549,1,False,9340,2/17/2022 7:00:00 PM,1900,087,1368,4313,San Jose,43,True,True,E,HIT OBJECT,,Thursday,NotApplicable,False,,,False,True,False,SANTA CLARA SUPERIOR COURT HALL OF JUSTICE,I,FIXED OBJECT,CONCRETE BARRIER,0.0,0.0,CLEAR,, NO UNUSUAL CONDITIONS,, ,C,DARK-STREET LIGHTS,37.16031,-121.51337,,,,,A,NO PEDESTRIANS INVOLVED,2/17/2022 7:00:00 PM,A,VC 22107,False,1.0,SR-87 N/B,,,2/25/2022 12:00:00 AM,A,N,800.0,BRANHAM LN,F,,D,2/25/2022 1:21:22 PM,2/25/2022 1:21:22 PM,False,True,4,,,,,,,
1709970,9340-2022-00565,1,False,9340,2/18/2022 9:00:00 PM,2100,088,1368,4313,San Jose,43,True,True,B,SIDE SWIPE,,Friday,Yes,False,,,False,True,False,SANTA CLARA SUPERIOR COURT DOWNTOWN SUPERIOR COURT,C,OTHER MOTOR VEHICLE,,2.0,0.0,CLEAR,, NO UNUSUAL CONDITIONS,, ,C,DARK-STREET LIGHTS,37.352264,-121.913317,,,,,A,NO PEDESTRIANS INVOLVED,2/18/2022 9:00:00 PM,A,VC 23152(a),False,1.0,I-880 N/B,,,2/25/2022 12:00:00 AM,A,N,2000.0,COLEMAN AVE,F,,D,2/25/2022 1:18:21 PM,2/25/2022 1:18:21 PM,False,True,4,,,,,,,
1709951,9340-2022-00563,1,False,9340,2/18/2022 5:25:00 PM,1725,089,1368,4313,San Jose,43,True,True,C,REAR END,,Friday,NotApplicable,False,,,False,True,False,SANTA CLARA SUPERIOR COURT DOWNTOWN SUPERIOR COURT,C,OTHER MOTOR VEHICLE,,1.0,0.0,CLEAR,, NO UNUSUAL CONDITIONS,, ,A,DAYLIGHT,37.374353,-121.90269,,,,,A,NO PEDESTRIANS INVOLVED,2/18/2022 5:25:00 PM,A,VC 22350,False,1.0,I-880 S/B,,,2/25/2022 12:00:00 AM,A,S,2600.0,BROKAW ROAD,F,,D,2/25/2022 12:55:31 PM,2/25/2022 12:55:31 PM,False,True,4,,,,,,,
1709941,9340-2022-00567,1,False,9340,2/18/2022 4:40:00 PM,1640,230,1368,4313,San Jose,43,True,True,C,REAR END,,Friday,NotApplicable,False,,,False,True,True,SANTA CLARA SUPERIOR COURT HALL OF JUSTICE,C,OTHER MOTOR VEHICLE,,0.0,0.0,CLEAR,, NO UNUSUAL CONDITIONS,, ,A,DAYLIGHT,37.419026,-121.962388,,,,,A,NO PEDESTRIANS INVOLVED,2/18/2022 4:40:00 PM,A,VC 22350,False,1.0,SR-237 E/B,,,2/25/2022 12:00:00 AM,A,W,777.0,N. FIRST ST.,F,,D,2/25/2022 12:44:58 PM,2/25/2022 12:44:58 PM,False,True,4,,,,,,,
1709934,9340-2022-00210,1,False,9340,1/22/2022 9:15:00 PM,2115,110,1368,4313,San Jose,43,True,True,B,SIDE SWIPE,,Saturday,NotApplicable,False,M,,False,True,False,SANTA CLARA SUPERIOR COURT HALL OF JUSTICE,C,OTHER MOTOR VEHICLE,,0.0,0.0,CLEAR,, NO UNUSUAL CONDITIONS,, ,D,DARK-NO STREET LIGHTS,37.297232,-121.8113,,,,,A,NO PEDESTRIANS INVOLVED,1/22/2022 9:15:00 PM,A,VC 22107,False,1.0,US-101 S/B,,,2/25/2022 12:00:00 AM,A,N,990.0,YERBA BUENA RD,F,,D,2/25/2022 12:35:09 PM,2/25/2022 12:35:09 PM,False,True,4,,,,,,,
1709928,9340-2022-00562,2,False,9340,2/18/2022 2:55:00 PM,1455,087,1368,4313,San Jose,43,True,True,C,REAR END,,Friday,NotApplicable,False,,,False,True,False,SANTA CLARA SUPERIOR COURT DOWNTOWN SUPERIOR COURT,C,OTHER MOTOR VEHICLE,,0.0,0.0,CLEAR,, NO UNUSUAL CONDITIONS,, ,A,DAYLIGHT,37.173889,-121.521969,,,,,A,NO PEDESTRIANS INVOLVED,2/18/2022 2:55:00 PM,A,VC 22350,False,1.0,SR-87 N/B TO CURTNER AVE,,,2/25/2022 12:00:00 AM,A,S,300.0,CURTNER AVE,F,,D,2/25/2022 12:29:15 PM,2/25/2022 12:29:18 PM,False,True,4,,,,,,,
1709918,9340-2022-00558,1,False,9340,2/18/2022 11:50:00 AM,1150,083,1368,4313,San Jose,43,True,True,C,REAR END,,Friday,NotApplicable,False,,,False,True,True,SANTA CLARA SUPERIOR COURT HALL OF JUSTICE,C,OTHER MOTOR VEHICLE,,0.0,0.0,CLEAR,, NO UNUSUAL CONDITIONS,, ,A,DAYLIGHT,37.256063,-121.871117,,,,,A,NO PEDESTRIANS INVOLVED,2/18/2022 11:50:00 AM,A,VC 22350,False,1.0,SR-85 N/B,,,2/25/2022 12:00:00 AM,A,S,1125.0,ALMADEN EXPY.,F,,D,2/25/2022 12:12:31 PM,2/25/2022 12:12:31 PM,False,True,4,,,,,,,
1709893,9340-2022-00481,2,False,9340,2/12/2022 6:15:00 PM,1815,110,1368,4313,San Jose,43,True,True,B,SIDE SWIPE,,Saturday,Yes,False,,,False,True,True,Santa Clara Superior Court Hall of Justice,C,OTHER MOTOR VEHICLE,,1.0,0.0,CLEAR,, NO UNUSUAL CONDITIONS,, ,D,DARK-NO STREET LIGHTS,37.334063,-121.846909,,,,,A,NO PEDESTRIANS INVOLVED,2/12/2022 6:15:00 PM,A,VC 22107,False,1.0,US-101 S/B,,,1/6/2023 3:00:57 PM,A,S,795.0,STORY ROAD,F,,D,2/25/2022 11:54:09 AM,1/6/2023 3:01:01 PM,False,True,4,,,,False,,,
1709871,9340-2022-00468,1,False,9340,2/12/2022 3:40:00 AM,340,120,1368,4313,San Jose,43,True,True,E,HIT OBJECT,,Saturday,Yes,True,,,False,True,True,SANTA CLARA SUPERIOR COURT HALL OF JUSTICE,I,FIXED OBJECT,CONCRETE BARRIER,1.0,0.0,CLEAR,, NO UNUSUAL CONDITIONS,, ,C,DARK-STREET LIGHTS,37.363639,-121.903338,,,,,A,NO PEDESTRIANS INVOLVED,2/12/2022 3:40:00 AM,A,VC 23152(A),True,1.0,US-101 S/B TO I-880 S/B,,,2/25/2022 12:00:00 AM,A,N,319.0,I-880,F,,D,2/25/2022 11:37:14 AM,2/25/2022 11:37:14 AM,False,True,4,,,,,,,
1709726,9340-2022-00553,1,False,9340,2/17/2022 6:55:00 PM,1855,087,1368,4313,San Jose,43,True,True,B,SIDE SWIPE,,Thursday,NotApplicable,False,,,False,True,False,SANTA CLARA SUPERIOR COURT HALL OF JUSTICE,C,OTHER MOTOR VEHICLE,,0.0,0.0,CLEAR,, NO UNUSUAL CONDITIONS,, ,C,DARK-STREET LIGHTS,37.34432,-121.901754,,,,,A,NO PEDESTRIANS INVOLVED,2/17/2022 6:55:00 PM,A,VC 22107,False,1.0,SR-87 N/B TO TAYLOR STREET,,,2/25/2022 12:00:00 AM,A,S,1500.0,TAYLOR ST,F,,D,2/25/2022 9:43:44 AM,2/25/2022 9:43:44 AM,False,True,4,,,,,,,
1709701,9340-2022-00543,1,False,9340,2/16/2022 3:45:00 PM,1545,110,1368,4313,San Jose,43,True,True,B,SIDE SWIPE,,Wednesday,NotApplicable,False,M,,False,True,False,SANTA CLARA SUPERIOR COURT HALL OF JUSTICE,C,OTHER MOTOR VEHICLE,,0.0,0.0,CLEAR,, NO UNUSUAL CONDITIONS,, ,A,DAYLIGHT,37.258772,-121.798249,,,,,A,NO PEDESTRIANS INVOLVED,2/16/2022 3:45:00 PM,A,VC 22107,False,1.0,US-101 S/B,,,2/25/2022 12:00:00 AM,A,N,500.0,BLOSSOM HILL RD,F,,D,2/25/2022 9:25:35 AM,2/25/2022 9:25:35 AM,False,True,4,,,,,,,
1709648,9340-2022-00535,1,False,9340,2/16/2022 10:35:00 AM,1035,110,1368,4313,San Jose,43,True,True,E,HIT OBJECT,UNSAFE LOAD,Wednesday,NotApplicable,False,M,,False,True,False,SANTA CLARA SUPERIOR COURT HALL OF JUSTICE,J,OTHER OBJECT,UNKNOWN OBJECT,0.0,0.0,CLEAR,, NO UNUSUAL CONDITIONS,, ,A,DAYLIGHT,37.326414,-121.839038,,,,,A,NO PEDESTRIANS INVOLVED,2/16/2022 10:35:00 AM,A,VC 23114(a),False,1.0,US 101 N/B,,,2/25/2022 12:00:00 AM,A,N,2000.0,TULLY RD,F,,D,2/25/2022 8:46:55 AM,2/25/2022 8:46:55 AM,False,True,4,,,,,,,
1709630,9340-2022-00513,1,False,9340,2/15/2022 8:15:00 AM,815,240,1368,4313,San Jose,43,True,True,E,HIT OBJECT,,Tuesday,Yes,False,,,False,True,True,SANTA CLARA SUPERIOR COURT HALL OF JUSTICE,I,FIXED OBJECT,TREE,1.0,0.0,CLEAR,, NO UNUSUAL CONDITIONS,, ,A,DAYLIGHT,37.420028,-121.93908,,,,,A,NO PEDESTRIANS INVOLVED,2/15/2022 8:15:00 AM,A,VC 22350,True,1.0,SR-237 E/B FROM ZANKER RD N/B,,,2/25/2022 12:00:00 AM,A,E,200.0,ZANKER RD,F,,D,2/25/2022 8:31:13 AM,2/25/2022 8:31:13 AM,False,True,4,,,,,,,
1709581,9340-2022-00474,1,False,9340,2/12/2022 8:40:00 AM,840,681,1368,4313,San Jose,43,True,True,E,HIT OBJECT,,Saturday,Yes,False,F,,False,True,False,SANTA CLARA SUPERIOR COURT HALL OF JUSTICE,I,FIXED OBJECT,CONCRETE CENTER DIVIDER,2.0,0.0,CLEAR,, NO UNUSUAL CONDITIONS,, ,A,DAYLIGHT,37.205471,-121.502393,,,,,A,NO PEDESTRIANS INVOLVED,2/12/2022 8:40:00 AM,A,VC 21658(A),False,1.0,I-680 N/B,,,2/25/2022 12:00:00 AM,A,N,2275.0,KING RD,F,,D,2/25/2022 7:37:17 AM,2/25/2022 7:37:17 AM,False,True,4,,,,,,,
1708289,9340-2022-00552,1,False,9340,2/17/2022 4:35:00 PM,1635,089,1368,4313,San Jose,43,True,True,C,REAR END,,Thursday,NotApplicable,False,,,False,True,False,SANTA CLARA SUPERIOR COURT DOWNTOWN SUPERIOR COURT,C,OTHER MOTOR VEHICLE,,0.0,0.0,CLEAR,, NO UNUSUAL CONDITIONS,, ,A,DAYLIGHT,37.367383,-121.900965,,,,,A,NO PEDESTRIANS INVOLVED,2/17/2022 4:35:00 PM,A,VC 22350,False,1.0,I-880 N/B,,,2/24/2022 12:00:00 AM,A,N,20.0,OLD BAYSHORE HWY,F,,D,2/24/2022 4:19:43 PM,2/24/2022 4:19:43 PM,False,True,4,,,,,,,
1708211,9340-2022-00490,1,False,9340,2/13/2022 11:15:00 AM,1115,110,1368,4313,San Jose,43,True,True,C,REAR END,,Sunday,Yes,False,,,False,True,True,SANTA CLARA SUPERIOR COURT HALL OF JUSTICE,C,OTHER MOTOR VEHICLE,,2.0,0.0,CLEAR,, NO UNUSUAL CONDITIONS,, ,A,DAYLIGHT,37.313587,-121.826542,,,,,A,NO PEDESTRIANS INVOLVED,2/13/2022 11:15:00 AM,A,VC 22350,False,1.0,US-101 N/B,,,2/24/2022 12:00:00 AM,A,S,2250.0,TULLY ROAD,F,,D,2/24/2022 2:51:24 PM,2/24/2022 2:51:24 PM,False,True,4,,,,,,,
1708146,9340-2022-00539,1,False,9340,2/16/2022 5:40:00 PM,1740,120,1368,4313,San Jose,43,True,True,C,REAR END,,Wednesday,NotApplicable,False,,,False,True,True,SANTA CLARA SUPERIOR COURT HALL OF JUSTICE,C,OTHER MOTOR VEHICLE,,0.0,0.0,CLEAR,, NO UNUSUAL CONDITIONS,, ,B,DUSK-DAWN,37.373417,-121.926592,,,,,A,NO PEDESTRIANS INVOLVED,2/16/2022 5:40:00 PM,A,VC 22350,False,1.0,US-101 S/B,,,2/24/2022 12:00:00 AM,A,S,100.0,SR-87,F,,D,2/24/2022 1:54:38 PM,2/24/2022 1:54:38 PM,False,True,4,,,,,,,