Collision Id,	Report Number,	Report Version,	Is Preliminary,	NCIC Code,Crash Date Time,	Crash Time Description,	Beat,City Id,	City Code,	City Name,County Code,	City Is Active,	City Is Incorporated,	Collision Type Code,Collision Type Description,	Collision Type Other Desc,	Day Of Week,	DispatchNotified,	HasPhotographs,	HitRun,	IsAttachmentsMailed,	IsDeleted,	IsHighwayRelated,	IsTowAway,	JudicialDistrict,	MotorVehicleInvolvedWithCode,	MotorVehicleInvolvedWithDesc,MotorVehicleInvolvedWithOtherDesc,	NumberInjured,	NumberKilled,Weather 1, Weather 2, Road Condition 1, Road Condition 2, Special Condition,LightingCode, LightingDescription,Latitude,Longitude,MilepostDirection,MilepostDistance,MilepostMarker,MilepostUnitOfMeasure,	PedestrianActionCode,PedestrianActionDesc,PreparedDate,	Primary Collision Factor Code,Primary Collision Factor Violation,PrimaryCollisionFactorIsCited,	PrimaryCollisionPartyNumber,	PrimaryRoad,	ReportingDistrict,	ReportingDistrictCode,ReviewedDate,	RoadwaySurfaceCode,SecondaryDirection,	SecondaryDistance,	SecondaryRoad,	SecondaryUnitOfMeasure,	SketchDesc,	TrafficControlDeviceCode,CreatedDate,	ModifiedDate,IsCountyRoad,IsFreeway,CHP555Version,	IsAdditonalObjectStruck,NotificationDate,	NotificationTimeDescription,	HasDigitalMediaFiles,	EvidenceNumber,	IsLocationReferToNarrative,	IsAOIOneSameAsLocation
1702333,9340-2022-00408,1,False,9340,2/7/2022 7:28:00 AM,728,110,1368,4313,San Jose,43,True,True,C,REAR END,,Monday,NotApplicable,False,M,,False,True,False,SANTA CLARA SUPERIOR COURT HALL OF JUSTICE,C,OTHER MOTOR VEHICLE,,0.0,0.0,CLEAR,, NO UNUSUAL CONDITIONS,, ,A,DAYLIGHT,37.362688,-121.887109,,,,,A,NO PEDESTRIANS INVOLVED,2/7/2022 7:28:00 AM,A,VC 22350,False,,US 101 N/B,,,2/16/2022 12:00:00 AM,A,S,300.0,OAKLAND RD.,F,,D,2/16/2022 2:49:17 PM,2/16/2022 2:49:17 PM,False,True,4,,,,,,,
1702211,9340-2022-00431,1,False,9340,2/9/2022 6:00:00 PM,1800,681,1368,4313,San Jose,43,True,True,C,REAR END,,Wednesday,Yes,False,,,False,True,True,SANTA CLARA SUPERIOR COURT HALL OF JUSTICE,C,OTHER MOTOR VEHICLE,,3.0,0.0,CLEAR,, NO UNUSUAL CONDITIONS,, ,C,DARK-STREET LIGHTS,37.367565,-121.846145,,,,,A,NO PEDESTRIANS INVOLVED,2/9/2022 6:00:00 PM,A,VC 22350,True,1.0,I-680 S/B,,,2/16/2022 12:00:00 AM,A,S,50.0,MCKEE RD,F,,D,2/16/2022 12:48:47 PM,2/16/2022 12:48:47 PM,False,True,4,,,,,,,
1702169,9340-2022-00425,1,False,9340,2/9/2022 4:15:00 PM,1615,681,1368,4313,San Jose,43,True,True,C,REAR END,,Wednesday,NotApplicable,False,,,False,True,True,SANTA CLARA SUPERIOR COURT HALL OF JUSTICE,C,OTHER MOTOR VEHICLE,,2.0,0.0,CLEAR,, NO UNUSUAL CONDITIONS,, ,A,DAYLIGHT,37.376901,-121.855002,,,,,A,NO PEDESTRIANS INVOLVED,2/9/2022 4:15:00 PM,A,VC 22350,True,1.0,I-680 N/B,,,2/16/2022 12:00:00 AM,A,N,50.0,MABURY RD,F,,D,2/16/2022 11:52:41 AM,2/16/2022 11:52:41 AM,False,True,4,,,,,,,
1702120,9340-2022-00429,1,False,9340,2/9/2022 4:45:00 PM,1645,089,1368,4313,San Jose,43,True,True,C,REAR END,,Wednesday,NotApplicable,False,,,False,True,False,SANTA CLARA SUPERIOR COURT DOWNTOWN SUPERIOR COURT,C,OTHER MOTOR VEHICLE,,0.0,0.0,CLEAR,, NO UNUSUAL CONDITIONS,, ,A,DAYLIGHT,37.36597,-121.90131,,,,,A,NO PEDESTRIANS INVOLVED,2/9/2022 4:45:00 PM,A,VC 22350,False,1.0,I-880 S/B,,,2/16/2022 12:00:00 AM,A,N,750.0,US-101,F,,D,2/16/2022 10:58:27 AM,2/16/2022 10:58:27 AM,False,True,4,,,,,,,
1702089,9340-2022-00416,1,False,9340,2/8/2022 4:30:00 PM,1630,110,1368,4313,San Jose,43,True,True,B,SIDE SWIPE,,Tuesday,NotApplicable,False,,,False,True,False,Santa Clara Superior Court Downtown Superior Court,C,OTHER MOTOR VEHICLE,,0.0,0.0,CLEAR,, NO UNUSUAL CONDITIONS,, ,A,DAYLIGHT,37.347907,-121.840341,,,,,A,NO PEDESTRIANS INVOLVED,2/8/2022 4:30:00 PM,A,VC 22107,False,1.0,I-680 N/B,,,2/16/2022 12:00:00 AM,A,S,1570.0,JACKSON RD,F,,D,2/16/2022 10:29:09 AM,2/16/2022 10:29:09 AM,False,True,4,,,,,,,
1702088,9340-2022-00422,1,False,9340,2/9/2022 9:30:00 AM,930,089,1368,4313,San Jose,43,True,True,B,SIDE SWIPE,,Wednesday,NotApplicable,False,M,,False,True,False,SANTA CLARA SUPERIOR COURT HALL OF JUSTICE,C,OTHER MOTOR VEHICLE,,0.0,0.0,CLEAR,, NO UNUSUAL CONDITIONS,, ,A,DAYLIGHT,37.379538,-121.903665,,,,,A,NO PEDESTRIANS INVOLVED,2/9/2022 9:30:00 AM,A,VC 21658(A),False,1.0,I-880 N/B ,,,2/16/2022 12:00:00 AM,A,S,1000.0,BROKAW RD,F,,D,2/16/2022 10:28:16 AM,2/16/2022 10:28:16 AM,False,True,4,,,,,,,
1702079,9340-2022-00410,1,False,9340,2/8/2022 4:00:00 PM,1600,087,1368,4313,San Jose,43,True,True,C,REAR END,,Tuesday,NotApplicable,False,M,,False,True,False,SANTA CLARA SUPERIOR COURT DOWNTOWN SUPERIOR COURT,C,OTHER MOTOR VEHICLE,,0.0,0.0,CLEAR,, NO UNUSUAL CONDITIONS,, ,A,DAYLIGHT,37.155152,-121.513293,,,,,A,NO PEDESTRIANS INVOLVED,2/8/2022 4:00:00 PM,A,VC 22350,False,1.0,SR-87 S/B,,,2/16/2022 12:00:00 AM,A,S,550.0,BRANHAM LN,F,,D,2/16/2022 10:16:37 AM,2/16/2022 10:16:37 AM,False,True,4,,,,,,,
1701910,9340-2022-00362,1,False,9340,2/4/2022 2:00:00 PM,1400,083,1368,4313,San Jose,43,True,True,C,REAR END,,Friday,NotApplicable,False,M,,False,True,False,SANTA CLARA SUPERIOR COURT HALL OF JUSTICE,C,OTHER MOTOR VEHICLE,,0.0,0.0,CLEAR,, NO UNUSUAL CONDITIONS,, ,A,DAYLIGHT,37.2491,-121.9096,,,,,A,NO PEDESTRIANS INVOLVED,2/4/2022 2:00:00 PM,A,VC 22350,False,1.0,SR-85 S/B TO CAMDEN AVE,,,2/16/2022 12:00:00 AM,A,N,15.0,CAMDEN AVE,F,,A,2/16/2022 8:16:58 AM,2/16/2022 8:16:58 AM,False,True,4,,,,,,,
1701572,9340-2022-00398,1,False,9340,2/7/2022 3:37:00 PM,1537,110,1368,4313,San Jose,43,True,True,B,SIDE SWIPE,,Monday,NotApplicable,False,,,False,True,False,SANTA CLARA SUPERIOR COURT HALL OF JUSTICE,C,OTHER MOTOR VEHICLE,,0.0,0.0,CLEAR,, NO UNUSUAL CONDITIONS,, On-Duty Emergency Vehicle,A,DAYLIGHT,37.317847,-121.83287,,,,,A,NO PEDESTRIANS INVOLVED,2/7/2022 3:37:00 PM,A,VC 22107,False,1.0,US-101 S/B TO TULLY ROAD,,,2/15/2022 12:00:00 AM,A,N,17.0,TULLY RD.,F,,A,2/15/2022 4:54:13 PM,2/15/2022 4:54:13 PM,False,True,4,,,,,,,
1701560,9340-2022-00426,1,False,9340,2/9/2022 2:25:00 PM,1425,083,1368,4313,San Jose,43,True,True,C,REAR END,,Wednesday,NotApplicable,False,,,False,True,False,SANTA CLARA SUPERIOR COURT HALL OF JUSTICE,C,OTHER MOTOR VEHICLE,,2.0,0.0,CLEAR,, NO UNUSUAL CONDITIONS,, ,A,DAYLIGHT,37.15154,-121.55345,,,,,A,NO PEDESTRIANS INVOLVED,2/9/2022 2:25:00 PM,A,VC 22350,False,1.0,SR-85 S/B,,,2/15/2022 12:00:00 AM,A,N,2000.0,CAMDEN AVE,F,,D,2/15/2022 4:24:14 PM,2/15/2022 4:24:14 PM,False,True,4,,,,,,,
1701544,9340-2022-00428,1,False,9340,2/9/2022 4:10:00 PM,1610,083,1368,4313,San Jose,43,True,True,C,REAR END,,Wednesday,NotApplicable,False,,,False,True,False,SANTA CLARA SUPERIOR COURT HALL OF JUSTICE,C,OTHER MOTOR VEHICLE,,3.0,0.0,CLEAR,, NO UNUSUAL CONDITIONS,, ,A,DAYLIGHT,37.15192,-121.535598,,,,,A,NO PEDESTRIANS INVOLVED,2/9/2022 4:10:00 PM,A,VC 22350,False,1.0,SR-85 S/B,,,2/15/2022 12:00:00 AM,A,N,1000.0,MERIDIAN AVE,F,,D,2/15/2022 4:04:07 PM,2/15/2022 4:04:07 PM,False,True,4,,,,,,,
1701503,9340-2022-00319,1,False,9340,1/31/2022 4:17:00 PM,1617,083,1368,4313,San Jose,43,True,True,E,HIT OBJECT,,Monday,NotApplicable,False,,,False,True,True,SANTA CLARA SUPERIOR COURT HALL OF JUSTICE,I,FIXED OBJECT,SIGN,1.0,0.0,CLEAR,, NO UNUSUAL CONDITIONS,, ,E,DARK-STREET LIGHTS NOT FUNCTIONING*,37.251242,-121.909387,,,,,A,NO PEDESTRIANS INVOLVED,1/31/2022 4:17:00 PM,A,VC 22350,False,1.0,SR-85 N/B,,,2/15/2022 12:00:00 AM,B,S,15.0,BRANHAM LN,F,,A,2/15/2022 3:23:01 PM,2/15/2022 3:23:01 PM,False,True,4,True,,,,,,
1701499,9340-2022-00407,1,False,9340,2/8/2022 8:12:00 AM,812,088,1368,4313,San Jose,43,True,True,C,REAR END,,Tuesday,NotApplicable,False,,,False,True,False,SANTA CLARA SUPERIOR COURT DOWNTOWN SUPERIOR COURT,C,OTHER MOTOR VEHICLE,,0.0,0.0,CLEAR,, NO UNUSUAL CONDITIONS,, On-Duty Emergency Vehicle,A,DAYLIGHT,37.334031,-121.935805,,,,,A,NO PEDESTRIANS INVOLVED,2/8/2022 8:12:00 AM,A,VC 22106,False,2.0,I-880 N/B TO BASCOM AVE.,,,2/15/2022 12:00:00 AM,A,N,30.0,BASCOM AVE.,F,,D,2/15/2022 3:20:44 PM,2/15/2022 3:20:44 PM,False,True,4,,,,,,,
1701498,9340-2022-00424,1,False,9340,2/9/2022 12:32:00 PM,1232,120,1368,4313,San Jose,43,True,True,C,REAR END,,Wednesday,NotApplicable,False,,,False,True,False,SANTA CLARA SUPERIOR COURT SANTA CLARA COURTHOUSE,C,OTHER MOTOR VEHICLE,,0.0,0.0,CLEAR,, NO UNUSUAL CONDITIONS,, ,A,DAYLIGHT,37.363239,-121.892226,,,,,A,NO PEDESTRIANS INVOLVED,2/9/2022 12:32:00 PM,A,VC 22350,False,2.0,US-101 N/B,,,2/15/2022 12:00:00 AM,A,N,151.0,13TH STREET,F,,D,2/15/2022 3:20:07 PM,2/15/2022 3:20:07 PM,False,True,4,,,,,,,
1701459,9340-2022-00417,1,False,9340,2/8/2022 6:22:00 PM,1822,681,1368,4313,San Jose,43,True,True,E,HIT OBJECT,,Tuesday,NotApplicable,False,,,False,True,False,SANTA CLARA SUPERIOR COURT HALL OF JUSTICE,I,FIXED OBJECT,CONCRETE BARRIER,0.0,0.0,CLEAR,, NO UNUSUAL CONDITIONS,, ,D,DARK-NO STREET LIGHTS,37.355205,-121.838154,,,,,A,NO PEDESTRIANS INVOLVED,2/8/2022 6:22:00 PM,A,VC 22107,False,1.0,I-680 N/B,,,2/15/2022 12:00:00 AM,A,S,75.0,CAPITOL EXPRESSWAY,F,,D,2/15/2022 2:38:55 PM,2/15/2022 2:38:55 PM,False,True,4,,,,,,,
1701457,9340-2022-00457,1,False,9340,2/8/2022 9:40:00 PM,2140,083,1368,4313,San Jose,43,True,True,E,HIT OBJECT,,Tuesday,Yes,False,,,False,True,True,SANTA CLARA SUPERIOR COURT DOWNTOWN SUPERIOR COURT,I,FIXED OBJECT,CONCRETE CENTER DIVER,1.0,0.0,CLEAR,, NO UNUSUAL CONDITIONS,, ,D,DARK-NO STREET LIGHTS,37.250391,-121.836537,,,,,A,NO PEDESTRIANS INVOLVED,2/8/2022 9:40:00 PM,A,VC 23152(a),True,1.0,SR-85 S/B,,,2/15/2022 12:00:00 AM,A,S,175.0,BLOSSOM HILL RD,F,,D,2/15/2022 2:38:10 PM,2/15/2022 2:38:10 PM,False,True,4,,,,,,,
1701376,9340-2022-00413,1,False,9340,2/8/2022 2:45:00 PM,1445,088,1368,4313,San Jose,43,True,True,C,REAR END,,Tuesday,NotApplicable,False,,,False,True,False,SANTA CLARA SUPERIOR COURT DOWNTOWN SUPERIOR COURT,C,OTHER MOTOR VEHICLE,,0.0,0.0,CLEAR,, NO UNUSUAL CONDITIONS,, ,A,DAYLIGHT,37.358881,-121.906479,,,,,A,NO PEDESTRIANS INVOLVED,2/8/2022 2:45:00 PM,A,VC 22350,False,1.0,I-880 N/B,,,2/15/2022 12:00:00 AM,A,N,200.0,NORTH FIRST ST,F,,D,2/15/2022 1:39:38 PM,2/15/2022 1:39:38 PM,False,True,4,,,,,,,
1701364,9340-2022-00381,1,False,9340,2/5/2022 9:50:00 PM,2150,281,1368,4313,San Jose,43,True,True,B,SIDE SWIPE,,Saturday,NotApplicable,False,M,,False,True,False,SANTA CLARA SUPERIOR COURT HALL OF JUSTICE,C,OTHER MOTOR VEHICLE,,0.0,0.0,CLEAR,, NO UNUSUAL CONDITIONS,, ,C,DARK-STREET LIGHTS,37.33537,-121.858657,,,,,A,NO PEDESTRIANS INVOLVED,2/5/2022 9:50:00 PM,A,VC 22107,False,1.0,I-280 S/B,,,2/15/2022 12:00:00 AM,A,N,1700.0,US-101,F,,D,2/15/2022 1:33:29 PM,2/15/2022 1:33:29 PM,False,True,4,,,,,,,
1701351,9340-2022-00411,1,False,9340,2/8/2022 6:00:00 PM,1800,120,1368,4313,San Jose,43,True,True,C,REAR END,,Tuesday,NotApplicable,False,,,False,True,False,SANTA CLARA SUPERIOR COURT DOWNTOWN SUPERIOR COURT,C,OTHER MOTOR VEHICLE,,1.0,0.0,CLEAR,, NO UNUSUAL CONDITIONS,, ,D,DARK-NO STREET LIGHTS,37.22222,-121.552771,,,,,A,NO PEDESTRIANS INVOLVED,2/8/2022 6:00:00 PM,A,VC 22350,False,1.0,US-101 SB,,,2/15/2022 12:00:00 AM,A,N,1300.0,BROKAW RD,F,,D,2/15/2022 1:22:22 PM,2/15/2022 1:22:22 PM,False,True,4,,,,,,,
1701082,9340-2022-00345,1,False,9340,2/3/2022 9:35:00 AM,935,230,1368,4313,San Jose,43,True,True,B,SIDE SWIPE,,Thursday,NotApplicable,False,,,False,True,False,SANTA CLARA SUPERIOR COURT DOWNTOWN SUPERIOR COURT,C,OTHER MOTOR VEHICLE,,0.0,0.0,CLEAR,, NO UNUSUAL CONDITIONS,, ,A,DAYLIGHT,37.419024,-121.966742,,,,,A,NO PEDESTRIANS INVOLVED,2/3/2022 9:35:00 AM,A,VC 21658(A),False,1.0,SR237 W/B,,,2/15/2022 12:00:00 AM,A,E,0.4,LAFAYETTE STREET,M,,D,2/15/2022 9:50:06 AM,2/15/2022 9:50:06 AM,False,True,4,,,,,,,
1701029,9340-2022-00397,1,False,9340,2/7/2022 3:05:00 PM,1505,681,1368,4313,San Jose,43,True,True,E,HIT OBJECT,,Monday,NotApplicable,False,,,False,True,False,SANTA CLARA SUPERIOR COURT HALL OF JUSTICE,J,OTHER OBJECT,METAL SIGN,0.0,0.0,CLEAR,, NO UNUSUAL CONDITIONS,, ,A,DAYLIGHT,37.354468,-121.837838,,,,,A,NO PEDESTRIANS INVOLVED,2/7/2022 3:05:00 PM,A,VC 22107,False,1.0,I-680 N/B,,,2/15/2022 12:00:00 AM,A,S,350.0,CAPITOL EXPRESSWAY,F,,D,2/15/2022 9:08:32 AM,2/15/2022 9:08:32 AM,False,True,4,,,,,,,
1701010,9340-2022-00399,1,False,9340,2/7/2022 3:03:00 PM,1503,110,1368,4313,San Jose,43,True,True,C,REAR END,,Monday,NotApplicable,False,,,False,True,False,SANTA CLARA SUPERIOR COURT HALL OF JUSTICE,C,OTHER MOTOR VEHICLE,,1.0,0.0,CLEAR,, NO UNUSUAL CONDITIONS,, ,A,DAYLIGHT,37.318396,-121.832084,,,,,A,NO PEDESTRIANS INVOLVED,2/7/2022 3:03:00 PM,A,VC 22350,False,1.0,US-101 S/B FROM TULLY RD. W/B,,,2/15/2022 12:00:00 AM,A,N,118.0,TULLY RD.,F,,A,2/15/2022 8:53:04 AM,2/15/2022 8:53:04 AM,False,True,4,,,,,,,
1700970,9340-2022-00372,1,False,9340,2/5/2022 10:45:00 AM,1045,087,1368,4313,San Jose,43,True,True,E,HIT OBJECT,,Saturday,Yes,False,,,False,True,True,SANTA CLARA SUPERIOR COURT HALL OF JUSTICE,J,OTHER OBJECT,CONCRETE BARRIER,1.0,0.0,CLOUDY,, NO UNUSUAL CONDITIONS,, ,A,DAYLIGHT,37.294538,-121.873334,,,,,A,NO PEDESTRIANS INVOLVED,2/5/2022 10:45:00 AM,A,VC 22107,False,1.0,SR-87 S/B FROM CURTNER AVE W/B,,,2/15/2022 12:00:00 AM,A,N,75.0,CURTNER AVE,F,,D,2/15/2022 8:25:16 AM,2/15/2022 8:25:16 AM,False,True,4,,,,,,,
1700950,9340-2022-00382,1,False,9340,2/5/2022 6:28:00 PM,1828,088,1368,4313,San Jose,43,True,True,C,REAR END,,Saturday,Yes,False,,,False,True,False,SANTA CLARA SUPERIOR COURT HALL OF JUSTICE,C,OTHER MOTOR VEHICLE,,0.0,0.0,CLEAR,, NO UNUSUAL CONDITIONS,, ,A,DAYLIGHT,37.357925,-121.907822,,,,,A,NO PEDESTRIANS INVOLVED,2/5/2022 6:28:00 PM,A,VC 23152(a),True,1.0,I-880 S/B,,,2/15/2022 12:00:00 AM,A,S,250.0,FIRST STREET,F,,D,2/15/2022 8:11:10 AM,2/15/2022 8:11:10 AM,False,True,4,,,,,,,
1700896,9340-2022-00367,1,False,9340,2/3/2022 6:30:00 PM,1830,087,1368,4313,San Jose,43,True,True,C,REAR END,,Thursday,NotApplicable,False,,,False,True,False,SANTA CLARA SUPERIOR COURT DOWNTOWN SUPERIOR COURT,C,OTHER MOTOR VEHICLE,,0.0,0.0,CLEAR,, NO UNUSUAL CONDITIONS,, ,A,DAYLIGHT,37.320018,-121.889845,,,,,A,NO PEDESTRIANS INVOLVED,2/3/2022 6:30:00 PM,A,VC 22350,False,1.0,SR-87 N/B TO I-280 S/B-N/B,,,2/15/2022 12:00:00 AM,A,N,20.0,VIRGINIA STREET,F,,A,2/15/2022 7:37:45 AM,2/15/2022 7:37:45 AM,False,True,4,,,,,,,
1700882,9340-2022-00349,1,False,9340,2/3/2022 4:40:00 PM,1640,282,1368,4313,San Jose,43,True,True,C,REAR END,,Thursday,NotApplicable,False,M,,False,True,False,SANTA CLARA SUPERIOR COURT DOWNTOWN SUPERIOR COURT,C,OTHER MOTOR VEHICLE,,0.0,0.0,CLEAR,, NO UNUSUAL CONDITIONS,, ,A,DAYLIGHT,37.32579,-122.00542,,,,,A,NO PEDESTRIANS INVOLVED,2/3/2022 4:40:00 PM,A,VC 22350,False,1.0,I-280 S/B,,,2/15/2022 12:00:00 AM,A,N,1200.0,LAWRENCE EXPY,F,,D,2/15/2022 7:27:41 AM,2/15/2022 7:27:41 AM,False,True,4,,,,,,,
1700633,9340-2022-00394,1,False,9340,2/7/2022 8:00:00 AM,800,088,1368,4313,San Jose,43,True,True,E,HIT OBJECT,,Monday,NotApplicable,False,,,False,True,False,SANTA CLARA SUPERIOR COURT HALL OF JUSTICE,I,FIXED OBJECT,CENTER DIVIDER ATTENUATOR,0.0,0.0,CLOUDY,, NO UNUSUAL CONDITIONS,, ,A,DAYLIGHT,37.323013,-121.939271,,,,,A,NO PEDESTRIANS INVOLVED,2/7/2022 8:00:00 AM,A,VC 22107,False,1.0,I-880 N/B,,,2/14/2022 12:00:00 AM,A,S,22.0,STEVENS CREEK BLVD E/B,F,,A,2/14/2022 4:40:12 PM,2/14/2022 4:40:12 PM,False,True,4,,,,,,,
1700619,9340-2022-00396,1,False,9340,2/7/2022 5:45:00 AM,545,120,1368,4313,San Jose,43,True,True,B,SIDE SWIPE,,Monday,NotApplicable,False,,,False,True,False,SANTA CLARA SUPERIOR COURT HALL OF JUSTICE,C,OTHER MOTOR VEHICLE,,0.0,0.0,CLEAR,, NO UNUSUAL CONDITIONS,, ,D,DARK-NO STREET LIGHTS,37.375335,-121.933625,,,,,A,NO PEDESTRIANS INVOLVED,2/7/2022 5:45:00 AM,A,VC 21658(A),False,1.0,US-101 N/B,,,2/14/2022 12:00:00 AM,A,S,2300.0,TRIMBLE RD,F,,D,2/14/2022 4:11:24 PM,2/14/2022 4:11:24 PM,False,True,4,,,,,,,
1700582,9340-2022-00340,1,False,9340,2/2/2022 3:55:00 PM,1555,087,1368,4313,San Jose,43,True,True,C,REAR END,,Wednesday,NotApplicable,False,,,False,True,False,SANTA CLARA SUPERIOR COURT DOWNTOWN SUPERIOR COURT,C,OTHER MOTOR VEHICLE,,1.0,0.0,CLEAR,, NO UNUSUAL CONDITIONS,, ,A,DAYLIGHT,37.315384,-121.8885,,,,,A,NO PEDESTRIANS INVOLVED,2/2/2022 3:55:00 PM,A,VC 22350,False,1.0,SR-87 S/B,,,2/14/2022 12:00:00 AM,A,N,50.0,WILLOW ST,F,,D,2/14/2022 3:27:46 PM,2/14/2022 3:27:46 PM,False,True,4,,,,,,,
1700561,9340-2022-00361,1,False,9340,2/4/2022 11:30:00 AM,1130,110,1368,4313,San Jose,43,True,True,B,SIDE SWIPE,,Friday,NotApplicable,False,,,False,True,False,SANTA CLARA SUPERIOR COURT HALL OF JUSTICE,C,OTHER MOTOR VEHICLE,,0.0,0.0,CLEAR,, NO UNUSUAL CONDITIONS,, ,A,DAYLIGHT,37.362173,-121.884299,,,,,A,NO PEDESTRIANS INVOLVED,2/4/2022 11:30:00 AM,A,VC 21658(A),False,1.0,US 101 S/B,,,2/14/2022 12:00:00 AM,A,S,300.0,HEDDING ST.,F,,D,2/14/2022 3:03:18 PM,2/14/2022 3:03:18 PM,False,True,4,,,,,,,
1700381,9340-2022-00376,1,False,9340,2/5/2022 3:35:00 PM,1535,088,1368,4313,San Jose,43,True,True,C,REAR END,,Saturday,NotApplicable,False,,,False,True,False,Santa Clara Superior Court Hall of Justice,C,OTHER MOTOR VEHICLE,,0.0,0.0,CLEAR,, NO UNUSUAL CONDITIONS,, ,A,DAYLIGHT,37.33228,-121.93935,,,,,A,NO PEDESTRIANS INVOLVED,2/5/2022 3:35:00 PM,A,VC 22350,False,1.0,I-880 SOUTHBOUND,,,2/14/2022 12:00:00 AM,A,S,1900.0,COLEMAN AVE,F,,D,2/14/2022 12:59:23 PM,2/14/2022 12:59:23 PM,False,True,4,,,,,,,
1700328,9340-2022-00385,1,False,9340,2/6/2022 9:00:00 AM,900,120,1368,4313,San Jose,43,True,True,E,HIT OBJECT,,Sunday,Yes,False,M,,False,True,True,SANTA CLARA SUPERIOR COURT SANTA CLARA COURTHOUSE,I,FIXED OBJECT,CONCRETE BARRIER,0.0,0.0,CLEAR,, NO UNUSUAL CONDITIONS,, ,A,DAYLIGHT,37.375895,-121.93626,,,,,A,NO PEDESTRIANS INVOLVED,2/6/2022 9:00:00 AM,A,VC 22107,False,1.0,US-101 N/B,,,2/14/2022 12:00:00 AM,A,S,1584.0,TRIMBLE RD,F,,D,2/14/2022 12:12:59 PM,2/14/2022 12:12:59 PM,False,True,4,,,,,,,
1700242,9340-2022-00375,1,False,9340,2/5/2022 4:45:00 PM,1645,281,1368,4313,San Jose,43,True,True,C,REAR END,,Saturday,NotApplicable,False,,,False,True,True,SANTA CLARA SUPERIOR COURT HALL OF JUSTICE,C,OTHER MOTOR VEHICLE,,0.0,0.0,CLEAR,, NO UNUSUAL CONDITIONS,, ,A,DAYLIGHT,37.327429,-121.878496,,,,,A,NO PEDESTRIANS INVOLVED,2/5/2022 4:45:00 PM,A,VC 22350,False,1.0,I-280 S/B,,,2/14/2022 12:00:00 AM,A,N,850.0,7TH STREET,F,,D,2/14/2022 11:02:47 AM,2/14/2022 11:02:47 AM,False,True,4,,,,,,,
1700183,9340-2022-00380,1,False,9340,2/5/2022 6:00:00 PM,1800,110,1368,4313,San Jose,43,True,True,C,REAR END,,Saturday,NotApplicable,False,,,False,True,True,Santa Clara Superior Court Downtown Superior Court,C,OTHER MOTOR VEHICLE,,0.0,0.0,CLEAR,, NO UNUSUAL CONDITIONS,, ,C,DARK-STREET LIGHTS,37.362842,-121.888284,,,,,A,NO PEDESTRIANS INVOLVED,2/5/2022 6:00:00 PM,A,VC 22350,False,1.0,US-101 N/B,,,2/14/2022 12:00:00 AM,A,S,900.0,OAKLAND RD,F,,D,2/14/2022 10:29:03 AM,2/14/2022 10:29:03 AM,False,True,4,,,,,,,
1700174,9340-2022-00348,1,False,9340,2/3/2022 1:05:00 PM,1305,089,1368,4313,San Jose,43,True,True,B,SIDE SWIPE,,Thursday,NotApplicable,False,,,False,True,True,SANTA CLARA SUPERIOR COURT DOWNTOWN SUPERIOR COURT,C,OTHER MOTOR VEHICLE,,0.0,0.0,CLEAR,, NO UNUSUAL CONDITIONS,, ,A,DAYLIGHT,37.398868,-121.90843,,,,,A,NO PEDESTRIANS INVOLVED,2/3/2022 1:05:00 PM,D,,,,I-880 S/B,,,2/14/2022 12:00:00 AM,A,S,950.0,MONTAGUE EXPRESSWAY,F,,D,2/14/2022 10:21:49 AM,2/14/2022 10:21:49 AM,False,True,4,,,,,,,
1722487,9340-2022-00708,1,False,9340,3/2/2022 2:30:00 PM,1430,110,1368,4313,San Jose,43,True,True,C,REAR END,,Wednesday,NotApplicable,False,,,False,True,False,Santa Clara Superior Court Hall of Justice,C,OTHER MOTOR VEHICLE,,0.0,0.0,CLEAR,, NO UNUSUAL CONDITIONS,, ,A,DAYLIGHT,37.294727,-121.810411,,,,,A,NO PEDESTRIANS INVOLVED,3/2/2022 2:30:00 PM,A,VC 22350,False,1.0,US-101 SOUTHBOUND TO YERBA BUENA ROAD,,,3/14/2022 12:00:00 AM,A,N,15.0,YERBA BUENA RD,F,,A,3/14/2022 4:39:01 PM,3/14/2022 4:39:01 PM,False,True,4,,,,,,,
1722472,9340-2022-00769,1,False,9340,3/7/2022 4:15:00 AM,415,282,1368,4313,San Jose,43,True,True,C,REAR END,,Monday,NotApplicable,False,,,False,True,True,SANTA CLARA SUPERIOR COURT HALL OF JUSTICE,C,OTHER MOTOR VEHICLE,,0.0,0.0,CLEAR,, OBSTRUCTION ON ROADWAY*,, ,D,DARK-NO STREET LIGHTS,37.318216,-121.974553,,,,,A,NO PEDESTRIANS INVOLVED,3/7/2022 4:15:00 AM,A,VC 22350,False,1.0,I-280 N/B TO SARATOGA AVE,,,3/14/2022 12:00:00 AM,A,S,60.0,SARATOGA AVE W/B,F,,D,3/14/2022 4:16:04 PM,3/14/2022 4:16:04 PM,False,True,4,,,,,,,