Collision Id,	Report Number,	Report Version,	Is Preliminary,	NCIC Code,Crash Date Time,	Crash Time Description,	Beat,City Id,	City Code,	City Name,County Code,	City Is Active,	City Is Incorporated,	Collision Type Code,Collision Type Description,	Collision Type Other Desc,	Day Of Week,	DispatchNotified,	HasPhotographs,	HitRun,	IsAttachmentsMailed,	IsDeleted,	IsHighwayRelated,	IsTowAway,	JudicialDistrict,	MotorVehicleInvolvedWithCode,	MotorVehicleInvolvedWithDesc,MotorVehicleInvolvedWithOtherDesc,	NumberInjured,	NumberKilled,Weather 1, Weather 2, Road Condition 1, Road Condition 2, Special Condition,LightingCode, LightingDescription,Latitude,Longitude,MilepostDirection,MilepostDistance,MilepostMarker,MilepostUnitOfMeasure,	PedestrianActionCode,PedestrianActionDesc,PreparedDate,	Primary Collision Factor Code,Primary Collision Factor Violation,PrimaryCollisionFactorIsCited,	PrimaryCollisionPartyNumber,	PrimaryRoad,	ReportingDistrict,	ReportingDistrictCode,ReviewedDate,	RoadwaySurfaceCode,SecondaryDirection,	SecondaryDistance,	SecondaryRoad,	SecondaryUnitOfMeasure,	SketchDesc,	TrafficControlDeviceCode,CreatedDate,	ModifiedDate,IsCountyRoad,IsFreeway,CHP555Version,	IsAdditonalObjectStruck,NotificationDate,	NotificationTimeDescription,	HasDigitalMediaFiles,	EvidenceNumber,	IsLocationReferToNarrative,	IsAOIOneSameAsLocation
1722457,9340-2022-00758,1,False,9340,3/5/2022 2:45:00 PM,1445,681,1368,4313,San Jose,43,True,True,C,REAR END,,Saturday,NotApplicable,False,,,False,True,False,SANTA CLARA SUPERIOR COURT HALL OF JUSTICE,C,OTHER MOTOR VEHICLE,,1.0,0.0,CLOUDY,, NO UNUSUAL CONDITIONS,, ,A,DAYLIGHT,37.34198,-121.84802,,,,,A,NO PEDESTRIANS INVOLVED,3/5/2022 2:45:00 PM,A,VC 22350,False,1.0,I-680 N/B,,,3/14/2022 12:00:00 AM,A,S,200.0,KING RD,F,,D,3/14/2022 3:52:41 PM,3/14/2022 3:52:41 PM,False,True,4,,,,,,,
1722387,9340-2022-00742,1,False,9340,3/4/2022 4:50:00 PM,1650,281,1368,4313,San Jose,43,True,True,B,SIDE SWIPE,,Friday,NotApplicable,False,,,False,True,False,Santa Clara Superior Court Hall of Justice,C,OTHER MOTOR VEHICLE,,0.0,0.0,CLEAR,, NO UNUSUAL CONDITIONS,, ,A,DAYLIGHT,37.335447,-121.859044,,,,,A,NO PEDESTRIANS INVOLVED,3/4/2022 4:50:00 PM,A,VC 22107,False,1.0,I-280 N/B,,,3/14/2022 12:00:00 AM,A,N,450.0,MCLAUGHLIN AVE.,F,,D,3/14/2022 2:34:06 PM,3/14/2022 2:34:06 PM,False,True,4,,,,,,,
1722350,9340-2022-00728,1,False,9340,3/2/2022 4:29:00 PM,1629,110,1368,4313,San Jose,43,True,True,C,REAR END,,Wednesday,NotApplicable,False,,,False,True,False,SANTA CLARA SUPERIOR COURT HALL OF JUSTICE,C,OTHER MOTOR VEHICLE,,0.0,0.0,CLEAR,, NO UNUSUAL CONDITIONS,, ,A,DAYLIGHT,37.31804,-121.833307,,,,,A,NO PEDESTRIANS INVOLVED,3/2/2022 4:29:00 PM,A,VC 22106,False,1.0,US-101 SOUTHBOUND TO TULLY ROAD,,,3/14/2022 12:00:00 AM,A,N,50.0,TULLY ROAD,F,,A,3/14/2022 1:55:40 PM,3/14/2022 1:55:40 PM,False,False,4,,,,,,,
1721920,9340-2022-00755,1,False,9340,3/5/2022 11:45:00 AM,1145,110,1368,4313,San Jose,43,True,True,E,HIT OBJECT,,Saturday,NotApplicable,False,,,False,True,True,SANTA CLARA SUPERIOR COURT HALL OF JUSTICE,I,FIXED OBJECT,GUARD RAIL,0.0,0.0,CLEAR,, NO UNUSUAL CONDITIONS,, ,A,DAYLIGHT,37.321469,-121.834901,,,,,A,NO PEDESTRIANS INVOLVED,3/5/2022 11:45:00 AM,A,VC 22107,False,1.0,US-101 S/B,,,3/14/2022 12:00:00 AM,A,N,1420.0,TULLY RD,F,,D,3/14/2022 9:18:20 AM,3/14/2022 9:18:20 AM,False,True,4,,,,,,,
1721817,9340-2022-00764,1,False,9340,3/6/2022 12:20:00 AM,20,281,1368,4313,San Jose,43,True,True,C,REAR END,,Sunday,NotApplicable,False,M,,False,True,False,SANTA CLARA SUPERIOR COURT HALL OF JUSTICE,C,OTHER MOTOR VEHICLE,,2.0,0.0,CLEAR,, NO UNUSUAL CONDITIONS,, ,C,DARK-STREET LIGHTS,37.333994,-121.86088,,,,,A,NO PEDESTRIANS INVOLVED,3/6/2022 12:20:00 AM,A,VC 22350,False,1.0,I-280 S/B,,,3/14/2022 12:00:00 AM,A,N,1327.0,MCLAUGHLIN AVE,F,,D,3/14/2022 8:27:20 AM,3/14/2022 8:27:20 AM,False,True,4,,,,,,,
1721800,9340-2022-00705,1,False,9340,3/2/2022 8:02:00 AM,802,172,1368,4313,San Jose,43,True,True,C,REAR END,,Wednesday,NotApplicable,False,,,False,True,False,SANTA CLARA SUPERIOR COURT HALL OF JUSTICE,C,OTHER MOTOR VEHICLE,,1.0,0.0,CLEAR,, NO UNUSUAL CONDITIONS,, ,A,DAYLIGHT,37.306701,-121.940312,,,,,A,NO PEDESTRIANS INVOLVED,3/2/2022 8:02:00 AM,A,VC 22350,False,1.0,SR-17 N/B,,,3/14/2022 12:00:00 AM,A,S,3780.0,OF I-280,F,,D,3/14/2022 8:16:33 AM,3/14/2022 8:16:33 AM,False,True,4,,,,,,,
1721103,9340-2022-00723,1,False,9340,3/3/2022 5:20:00 PM,1720,087,1368,4313,San Jose,43,True,True,C,REAR END,,Thursday,NotApplicable,False,M,,False,True,False,SANTA CLARA SUPERIOR COURT HALL OF JUSTICE,C,OTHER MOTOR VEHICLE,,0.0,0.0,CLEAR,, NO UNUSUAL CONDITIONS,, ,A,DAYLIGHT,37.32031,-121.890432,,,,,A,NO PEDESTRIANS INVOLVED,3/3/2022 5:20:00 PM,A,VC 22350,False,1.0,SR-87 S/B,,,3/11/2022 12:00:00 AM,A,N,114.0,VIRGINIA STREET,F,,D,3/11/2022 3:40:12 PM,3/11/2022 3:40:12 PM,False,True,4,,,,,,,
1721072,9340-2022-00775,1,False,9340,3/7/2022 3:15:00 PM,1515,120,1368,4313,San Jose,43,True,True,B,SIDE SWIPE,,Monday,NotApplicable,False,M,,False,True,False,SANTA CLARA SUPERIOR COURT HALL OF JUSTICE,C,OTHER MOTOR VEHICLE,,0.0,0.0,CLEAR,, NO UNUSUAL CONDITIONS,, ,A,DAYLIGHT,37.376055,-121.938959,,,,,A,NO PEDESTRIANS INVOLVED,3/7/2022 3:15:00 PM,A,VC 21658(A),False,1.0,US-101 S/B,,,3/11/2022 12:00:00 AM,A,S,1000.0,DE LA CRUZ BLVD,F,,D,3/11/2022 3:17:17 PM,3/11/2022 3:17:17 PM,False,True,4,,,,,,,
1721034,9340-2022-00668,1,False,9340,2/26/2022 3:53:00 PM,1553,089,1368,4313,San Jose,43,True,True,B,SIDE SWIPE,,Saturday,NotApplicable,False,M,,False,True,True,SANTA CLARA SUPERIOR COURT HALL OF JUSTICE,C,OTHER MOTOR VEHICLE,,0.0,0.0,CLOUDY,, NO UNUSUAL CONDITIONS,, ,A,DAYLIGHT,37.377615,-121.90321,,,,,A,NO PEDESTRIANS INVOLVED,2/26/2022 3:53:00 PM,A,VC 23152(f),True,1.0,I-880 N/B,,,3/11/2022 12:00:00 AM,A,S,1470.0,BROKAW ROAD,F,,D,3/11/2022 2:38:39 PM,3/11/2022 2:38:39 PM,False,True,4,,,,,,,
1721026,9340-2022-00820,1,False,9340,3/10/2022 8:42:00 AM,842,088,1368,4313,San Jose,43,True,True,C,REAR END,,Thursday,NotApplicable,False,,,False,True,False,SANTA CLARA SUPERIOR COURT HALL OF JUSTICE,C,OTHER MOTOR VEHICLE,,0.0,0.0,CLEAR,, NO UNUSUAL CONDITIONS,, ,A,DAYLIGHT,37.337434,-121.932767,,,,,A,NO PEDESTRIANS INVOLVED,3/10/2022 8:42:00 AM,A,VC 22350,False,1.0,I-880 N/B,,,3/11/2022 12:00:00 AM,A,S,50.0,PARK AVE O/C,F,,A,3/11/2022 2:30:28 PM,3/11/2022 2:30:28 PM,False,True,4,,,,,,,
1721024,9340-2022-00667,1,False,9340,2/26/2022 3:51:00 PM,1551,088,1368,4313,San Jose,43,True,True,B,SIDE SWIPE,,Saturday,NotApplicable,False,M,,False,True,False,Santa Clara Superior Court Hall of Justice,C,OTHER MOTOR VEHICLE,,0.0,0.0,CLOUDY,, NO UNUSUAL CONDITIONS,, ,A,DAYLIGHT,37.358326,-121.906934,,,,,A,NO PEDESTRIANS INVOLVED,2/26/2022 3:51:00 PM,A,VC 23152(F),True,1.0,I-880 N/B,,,3/11/2022 12:00:00 AM,A,S,970.0,US-101,F,,D,3/11/2022 2:27:53 PM,3/11/2022 2:27:53 PM,False,True,4,,,,,,,
1721008,9340-2022-00821,1,False,9340,3/10/2022 7:28:00 AM,728,083,1368,4313,San Jose,43,True,True,B,SIDE SWIPE,,Thursday,NotApplicable,False,M,,False,True,False,SANTA CLARA SUPERIOR COURT HALL OF JUSTICE,C,OTHER MOTOR VEHICLE,,0.0,0.0,CLEAR,, NO UNUSUAL CONDITIONS,, ,A,DAYLIGHT,37.250827,-121.90481,,,,,A,NO PEDESTRIANS INVOLVED,3/10/2022 7:28:00 AM,A,VC 22107,False,2.0,SR-85 NB,,,3/11/2022 12:00:00 AM,A,S,1600.0,CAMDEN AVE,F,,D,3/11/2022 2:14:10 PM,3/11/2022 2:14:10 PM,False,True,4,,,,,,,
1720989,9340-2022-00814,1,False,9340,3/9/2022 2:30:00 PM,1430,083,1368,4313,San Jose,43,True,True,C,REAR END,,Wednesday,NotApplicable,False,,,False,True,False,SANTA CLARA SUPERIOR COURT HALL OF JUSTICE,C,OTHER MOTOR VEHICLE,,0.0,0.0,CLEAR,, NO UNUSUAL CONDITIONS,, ,A,DAYLIGHT,37.251082,-121.909163,,,,,A,NO PEDESTRIANS INVOLVED,3/9/2022 2:30:00 PM,A,VC 22350,False,1.0,SR-85 N/B TO CAMDEN AVE.,,,3/11/2022 12:00:00 AM,A,S,10.0,BRANHAM LN,F,,A,3/11/2022 1:51:45 PM,3/11/2022 1:51:45 PM,False,True,4,,,,,,,
1720987,9340-2022-00790,1,False,9340,3/8/2022 7:50:00 AM,750,083,1368,4313,San Jose,43,True,True,B,SIDE SWIPE,,Tuesday,NotApplicable,False,,,False,True,False,SANTA CLARA SUPERIOR COURT HALL OF JUSTICE,C,OTHER MOTOR VEHICLE,,0.0,0.0,CLEAR,, NO UNUSUAL CONDITIONS,, ,A,DAYLIGHT,37.253742,-121.842652,,,,,A,NO PEDESTRIANS INVOLVED,3/8/2022 7:50:00 AM,D,,,,SR-85 N/B,,,3/11/2022 12:00:00 AM,A,N,1500.0,BLOSSOM HILL ROAD,F,,D,3/11/2022 1:51:29 PM,3/11/2022 1:51:29 PM,False,True,4,,,,,,,
1720882,9340-2022-00810,1,False,9340,3/9/2022 8:35:00 AM,835,240,1368,4313,San Jose,43,True,True,C,REAR END,,Wednesday,Yes,False,,,False,True,True,SANTA CLARA SUPERIOR COURT HALL OF JUSTICE,C,OTHER MOTOR VEHICLE,,1.0,0.0,CLEAR,, NO UNUSUAL CONDITIONS,, ,A,DAYLIGHT,37.41981,-121.942495,,,,,A,NO PEDESTRIANS INVOLVED,3/9/2022 8:35:00 AM,A,VC 22350,False,1.0,SR-237 W/B,,,3/11/2022 12:00:00 AM,A,W,400.0,ZANKER RD,F,,D,3/11/2022 12:25:55 PM,3/11/2022 12:25:55 PM,False,True,4,,,,,,,
1720872,9340-2022-00792,1,False,9340,3/8/2022 9:03:00 AM,903,083,1368,4313,San Jose,43,True,True,C,REAR END,,Tuesday,NotApplicable,False,,,False,True,True,SANTA CLARA SUPERIOR COURT HALL OF JUSTICE,C,OTHER MOTOR VEHICLE,,0.0,0.0,CLEAR,, NO UNUSUAL CONDITIONS,, ,A,DAYLIGHT,37.255984,-121.869369,,,,,A,NO PEDESTRIANS INVOLVED,3/8/2022 9:03:00 AM,A,VC 22350,False,1.0,SR-85 N/B (WEST VALLEY FREEWAY),,,3/11/2022 12:00:00 AM,A,S,400.0,CHERRY AVENUE,F,,D,3/11/2022 12:17:49 PM,3/11/2022 12:17:49 PM,False,True,4,,,,,,,
1720864,9340-2022-00800,1,False,9340,3/8/2022 3:05:00 PM,1505,083,1368,4313,San Jose,43,True,True,C,REAR END,,Tuesday,NotApplicable,False,,,False,True,False,SANTA CLARA SUPERIOR COURT HALL OF JUSTICE,C,OTHER MOTOR VEHICLE,,1.0,0.0,CLEAR,, NO UNUSUAL CONDITIONS,, ,A,DAYLIGHT,37.15314,-121.55538,,,,,A,NO PEDESTRIANS INVOLVED,3/8/2022 3:05:00 PM,A,VC 22350,False,1.0,SR-85 S/B,,,3/11/2022 12:00:00 AM,A,N,40.0,UNION AVE,F,,D,3/11/2022 12:11:25 PM,3/11/2022 12:11:25 PM,False,True,4,,,,,,,
1720834,9340-2022-00796,1,False,9340,3/8/2022 6:50:00 AM,650,110,1368,4313,San Jose,43,True,True,C,REAR END,,Tuesday,NotApplicable,False,,,False,True,False,SANTA CLARA SUPERIOR COURT HALL OF JUSTICE,C,OTHER MOTOR VEHICLE,,0.0,0.0,CLEAR,, NO UNUSUAL CONDITIONS,, ,A,DAYLIGHT,37.34551,-121.857689,,,,,A,NO PEDESTRIANS INVOLVED,3/8/2022 6:50:00 AM,A,VC 22350,False,1.0,US 101 N/B ,,,3/11/2022 12:00:00 AM,A,S,200.0,EAST SAN ANTONIO ST.,F,,D,3/11/2022 11:41:05 AM,3/11/2022 11:41:05 AM,False,True,4,,,,,,,
1720825,9340-2022-00798,1,False,9340,3/8/2022 2:00:00 PM,1400,110,1368,4313,San Jose,43,True,True,E,HIT OBJECT,,Tuesday,NotApplicable,False,,,False,True,False,SANTA CLARA SUPERIOR COURT HALL OF JUSTICE,J,OTHER OBJECT,TREE BRANCH,0.0,0.0,CLEAR,, NO UNUSUAL CONDITIONS,, ,A,DAYLIGHT,37.291015,-121.810017,,,,,A,NO PEDESTRIANS INVOLVED,3/8/2022 2:00:00 PM,A,VC 22107,False,1.0,US-101 S/B FROM YERBA BUENA,,,3/11/2022 12:00:00 AM,A,S,1800.0,YERBA BUENA AVE,F,,A,3/11/2022 11:36:24 AM,3/11/2022 11:36:24 AM,False,True,4,,,,,,,
1720798,9340-2022-00774,1,False,9340,3/7/2022 3:25:00 PM,1525,087,1368,4313,San Jose,43,True,True,C,REAR END,,Monday,NotApplicable,False,,,False,True,True,SANTA CLARA SUPERIOR COURT DOWNTOWN SUPERIOR COURT,C,OTHER MOTOR VEHICLE,,0.0,0.0,CLEAR,, NO UNUSUAL CONDITIONS,, ,A,DAYLIGHT,37.319029,-121.890226,,,,,A,NO PEDESTRIANS INVOLVED,3/7/2022 3:25:00 PM,A,VC 22350,False,1.0,SB SR-87,,,3/11/2022 12:00:00 AM,A,S,300.0,VIRGINIA ST,F,,D,3/11/2022 11:02:47 AM,3/11/2022 11:02:47 AM,False,True,4,,,,,,,
1720788,9340-2022-00754,1,False,9340,3/5/2022 11:45:00 AM,1145,110,1368,4313,San Jose,43,True,True,B,SIDE SWIPE,,Saturday,NotApplicable,False,,,False,True,False,Santa Clara Superior Court Hall of Justice,C,OTHER MOTOR VEHICLE,,0.0,0.0,CLOUDY,, NO UNUSUAL CONDITIONS,, ,A,DAYLIGHT,37.361966,-121.883378,,,,,A,NO PEDESTRIANS INVOLVED,3/5/2022 11:45:00 AM,A,VC 21658(A),False,1.0,N/B 101,,,3/11/2022 12:00:00 AM,A,S,750.0,HEDDING ST,F,,D,3/11/2022 10:54:00 AM,3/11/2022 10:54:00 AM,False,True,4,,,,,,,
1720694,9340-2022-00666,1,False,9340,2/26/2022 3:50:00 PM,1550,088,1368,4313,San Jose,43,True,True,B,SIDE SWIPE,,Saturday,NotApplicable,False,M,,False,True,False,SANTA CLARA SUPERIOR COURT HALL OF JUSTICE,C,OTHER MOTOR VEHICLE,,0.0,0.0,CLOUDY,, NO UNUSUAL CONDITIONS,, ,A,DAYLIGHT,37.358563,-121.906836,,,,,A,NO PEDESTRIANS INVOLVED,2/26/2022 3:50:00 PM,A,VC 23152(f),True,1.0,I-880 N/B,,,3/11/2022 12:00:00 AM,A,N,90.0,N. FIRST ST,F,,D,3/11/2022 9:26:59 AM,3/11/2022 9:26:59 AM,False,True,4,,,,,,,
1720543,9340-2022-00712,1,False,9340,3/2/2022 10:55:00 PM,2255,083,1368,4313,San Jose,43,True,True,E,HIT OBJECT,,Wednesday,Yes,False,M,,False,True,False,SANTA CLARA SUPERIOR COURT HALL OF JUSTICE,J,OTHER OBJECT,GUARDRAIL,1.0,0.0,CLEAR,, NO UNUSUAL CONDITIONS,, ,D,DARK-NO STREET LIGHTS,37.250563,-121.912851,,,,,A,NO PEDESTRIANS INVOLVED,3/2/2022 10:55:00 PM,A,VC 23152(a),True,1.0,SR-85 S/B,,,3/11/2022 12:00:00 AM,A,S,200.0,CAMDEN AVENUE,F,,D,3/11/2022 6:52:59 AM,3/11/2022 6:52:59 AM,False,True,4,,,,,,,
1720012,9340-2022-00768,1,False,9340,3/7/2022 3:45:00 AM,345,282,1368,4313,San Jose,43,True,True,E,HIT OBJECT,,Monday,NotApplicable,False,,,False,True,True,SANTA CLARA SUPERIOR COURT HALL OF JUSTICE,I,FIXED OBJECT,WRONG WAY SIGN POST,0.0,0.0,CLEAR,, NO UNUSUAL CONDITIONS,, ,D,DARK-NO STREET LIGHTS,37.318069,-121.97448,,,,,A,NO PEDESTRIANS INVOLVED,3/7/2022 3:45:00 AM,A,VC 22107,False,1.0,I-280 N/B TO SARATOGA AVE W/B,,,3/10/2022 12:00:00 AM,A,S,13.0,SARATOGA AVE W/B,F,,D,3/10/2022 2:33:30 PM,3/10/2022 2:33:30 PM,False,True,4,,,,,,,
1720006,9340-2022-00686,1,False,9340,2/28/2022 2:45:00 PM,1445,281,1368,4313,San Jose,43,True,True,C,REAR END,,Monday,Yes,False,,,False,True,True,SANTA CLARA SUPERIOR COURT HALL OF JUSTICE,C,OTHER MOTOR VEHICLE,,1.0,0.0,CLEAR,, NO UNUSUAL CONDITIONS,, ,A,DAYLIGHT,37.314683,-121.910685,,,,,A,NO PEDESTRIANS INVOLVED,2/28/2022 2:45:00 PM,A,VC 23152(a),True,1.0,I-280 SOUTHBOUND,,,3/10/2022 12:00:00 AM,A,S,50.0,RACE STREET,F,,D,3/10/2022 2:28:28 PM,3/10/2022 2:28:28 PM,False,True,4,,,,,,,
1719804,9340-2022-00797,1,False,9340,3/8/2022 8:30:00 AM,830,110,1368,4313,San Jose,43,True,True,C,REAR END,,Tuesday,NotApplicable,False,,,False,True,False,SANTA CLARA SUPERIOR COURT HALL OF JUSTICE,C,OTHER MOTOR VEHICLE,,1.0,0.0,CLEAR,, NO UNUSUAL CONDITIONS,, ,A,DAYLIGHT,37.287313,-121.809512,,,,,A,NO PEDESTRIANS INVOLVED,3/8/2022 8:30:00 AM,A,VC 22350,False,1.0,US 101 N/B,,,3/10/2022 12:00:00 AM,A,N,300.0,HELLYER AVE,F,,D,3/10/2022 11:42:14 AM,3/10/2022 11:42:14 AM,False,True,4,,,,,,,
1719803,9340-2022-00715,1,False,9340,3/3/2022 8:20:00 AM,820,681,1368,4313,San Jose,43,True,True,C,REAR END,,Thursday,NotApplicable,False,,,False,True,True,SANTA CLARA SUPERIOR COURT HALL OF JUSTICE,C,OTHER MOTOR VEHICLE,,1.0,0.0,CLOUDY,, NO UNUSUAL CONDITIONS,, ,A,DAYLIGHT,37.35903,-121.84112,,,,,A,NO PEDESTRIANS INVOLVED,3/3/2022 8:20:00 AM,A,VC 22350,False,1.0,I-680 S/B,,,3/10/2022 12:00:00 AM,A,S,80.0,ALUM ROCK AVE,F,,D,3/10/2022 11:40:08 AM,3/10/2022 11:40:08 AM,False,True,4,,,,,,,
1719772,9340-2022-00659,2,False,9340,2/25/2022 11:15:00 PM,2315,087,1368,4313,San Jose,43,True,True,C,REAR END,,Friday,Yes,True,F,,False,True,True,SANTA CLARA SUPERIOR COURT HALL OF JUSTICE,C,OTHER MOTOR VEHICLE,,4.0,0.0,CLEAR,, NO UNUSUAL CONDITIONS,, ,C,DARK-STREET LIGHTS,37.34919,-121.908344,,,,,A,NO PEDESTRIANS INVOLVED,2/25/2022 11:15:00 PM,A,VC 22350,False,1.0,SR-87 S/B,,,4/4/2022 12:00:00 AM,A,N,1295.0,TAYLOR STREET,F,,D,3/10/2022 11:17:10 AM,4/4/2022 2:52:41 PM,False,True,4,,,,,,,
1719729,9340-2022-00750,1,False,9340,3/5/2022 8:55:00 AM,855,681,1368,4313,San Jose,43,True,True,E,HIT OBJECT,,Saturday,NotApplicable,False,,,False,True,False,SANTA CLARA SUPERIOR COURT HALL OF JUSTICE,I,FIXED OBJECT,CONCRETE CENTER DIVIDER,0.0,0.0,CLEAR,, NO UNUSUAL CONDITIONS,, ,A,DAYLIGHT,37.350478,-121.838356,,,,,A,NO PEDESTRIANS INVOLVED,3/5/2022 8:55:00 AM,A,VC 21658(A),False,1.0,I-680 N/B,,,3/10/2022 12:00:00 AM,A,S,1873.0,CAPITOL EXPY,F,,D,3/10/2022 10:45:30 AM,3/10/2022 10:45:30 AM,False,True,4,,,,,,,
1719700,9340-2022-00743,1,False,9340,3/4/2022 10:30:00 PM,2230,089,1368,4313,San Jose,43,True,True,E,HIT OBJECT,HYDROPLANED,Friday,NotApplicable,False,,,False,True,False,SANTA CLARA SUPERIOR COURT HALL OF JUSTICE,J,OTHER OBJECT,BUSH,0.0,0.0,CLOUDY,RAINING, NO UNUSUAL CONDITIONS,, ,D,DARK-NO STREET LIGHTS,37.368994,-121.900787,,,,,A,NO PEDESTRIANS INVOLVED,3/4/2022 10:30:00 PM,A,VC 22350,False,1.0,I-880 N/B TO GISH ROAD,,,3/10/2022 12:00:00 AM,B,N,0.1,OLD BAYSHORE HIGHWAY,M,,D,3/10/2022 10:24:16 AM,3/10/2022 10:24:16 AM,False,True,4,,,,,,,
1719690,9340-2022-00741,1,False,9340,3/4/2022 9:20:00 PM,2120,088,1368,4313,San Jose,43,True,True,E,HIT OBJECT,,Friday,NotApplicable,False,M,,False,True,False,SANTA CLARA SUPERIOR COURT HALL OF JUSTICE,J,OTHER OBJECT,BUSH,0.0,0.0,RAINING,, NO UNUSUAL CONDITIONS,, ,D,DARK-NO STREET LIGHTS,37.34178,-121.92536,,,,,A,NO PEDESTRIANS INVOLVED,3/4/2022 9:20:00 PM,A,VC 22350,False,1.0,I-880 N/B TO THE ALAMEDA,,,3/10/2022 12:00:00 AM,B,S,50.0,THE ALAMEDA,F,,D,3/10/2022 10:15:55 AM,3/10/2022 10:15:55 AM,False,True,4,,,,,,,
1719663,9340-2022-00725,1,False,9340,3/3/2022 6:20:00 PM,1820,087,1368,4313,San Jose,43,True,True,C,REAR END,,Thursday,NotApplicable,False,,,False,True,False,SANTA CLARA SUPERIOR COURT HALL OF JUSTICE,C,OTHER MOTOR VEHICLE,,0.0,0.0,CLEAR,, NO UNUSUAL CONDITIONS,, ,C,DARK-STREET LIGHTS,37.322731,-121.891687,,,,,A,NO PEDESTRIANS INVOLVED,3/3/2022 6:20:00 PM,A,VC 22350,False,1.0,SR-87 S/B,,,3/10/2022 12:00:00 AM,A,S,318.0,I-280,F,,D,3/10/2022 9:57:26 AM,3/10/2022 9:57:26 AM,False,True,4,,,,,,,
1719609,9340-2022-00673,3,False,9340,2/27/2022 1:45:00 AM,145,681,1368,4313,San Jose,43,True,True,E,HIT OBJECT,,Sunday,NotApplicable,False,M,,False,True,False,SANTA CLARA SUPERIOR COURT HALL OF JUSTICE,I,FIXED OBJECT,WOODEN SIGN,0.0,0.0,CLEAR,, NO UNUSUAL CONDITIONS,, ,D,DARK-NO STREET LIGHTS,37.361265,-121.842353,,,,,A,NO PEDESTRIANS INVOLVED,2/27/2022 1:45:00 AM,A,VC 22107,False,1.0,I-680 S/B TO ALUM ROCK AVENUE,,,8/10/2022 12:00:00 AM,A,N,635.0,ALUM ROCK AVENUE,F,,A,3/10/2022 9:16:00 AM,8/10/2022 10:26:07 AM,False,True,4,True,,,,,,
1719421,9340-2022-00730,1,False,9340,3/4/2022 2:15:00 AM,215,087,1368,4313,San Jose,43,True,True,E,HIT OBJECT,,Friday,NotApplicable,False,,,False,True,True,SANTA CLARA SUPERIOR COURT HALL OF JUSTICE,I,FIXED OBJECT,CONCRETE DIVIDER,0.0,0.0,CLOUDY,, NO UNUSUAL CONDITIONS,, ,D,DARK-NO STREET LIGHTS,37.282384,-121.866,,,,,A,NO PEDESTRIANS INVOLVED,3/4/2022 2:15:00 AM,A,VC 22107,False,1.0,SR-87 N/B,,,3/10/2022 12:00:00 AM,A,N,2900.0,CAPITOL EXPRESSWAY,F,,D,3/10/2022 6:58:48 AM,3/10/2022 6:58:48 AM,False,True,4,,,,,,,
1719392,9340-2022-00711,1,False,9340,3/2/2022 11:35:00 PM,2335,681,1368,4313,San Jose,43,True,True,C,REAR END,,Wednesday,NotApplicable,False,,,False,True,False,SANTA CLARA SUPERIOR COURT HALL OF JUSTICE,C,OTHER MOTOR VEHICLE,,0.0,0.0,CLEAR,, NO UNUSUAL CONDITIONS,, ,D,DARK-NO STREET LIGHTS,37.380412,-121.858447,,,,,A,NO PEDESTRIANS INVOLVED,3/2/2022 11:35:00 PM,A,VC 22350,False,1.0,I-680 N/B,,,3/10/2022 12:00:00 AM,A,S,2200.0,BERRYESSA RD,F,,D,3/10/2022 6:20:16 AM,3/10/2022 6:20:16 AM,False,True,4,,,,,,,
1719377,9340-2022-00688,1,False,9340,3/1/2022 1:00:00 AM,100,120,1368,4313,San Jose,43,True,True,E,HIT OBJECT,,Tuesday,NotApplicable,False,,,False,True,True,SANTA CLARA SUPERIOR COURT HALL OF JUSTICE,J,OTHER OBJECT,TOW TRUCK TIRE DOLLY,0.0,0.0,CLEAR,, NO UNUSUAL CONDITIONS,, ,C,DARK-STREET LIGHTS,37.364355,-121.902879,,,,,A,NO PEDESTRIANS INVOLVED,3/1/2022 1:00:00 AM,A,VC 22350,False,1.0,US-101 S/B,,,3/10/2022 12:00:00 AM,A,N,215.0,I-880,F,,D,3/10/2022 5:43:23 AM,3/10/2022 5:43:23 AM,False,True,4,,,,,,,
1719375,9340-2022-00665,1,False,9340,2/26/2022 7:10:00 PM,1910,282,1368,4313,San Jose,43,True,True,E,HIT OBJECT,,Saturday,NotApplicable,False,M,,False,True,True,SANTA CLARA SUPERIOR COURT HALL OF JUSTICE,I,FIXED OBJECT,CONCRETE WALL,0.0,0.0,CLEAR,, NO UNUSUAL CONDITIONS,, ,D,DARK-NO STREET LIGHTS,37.321663,-121.940293,,,,,A,NO PEDESTRIANS INVOLVED,2/26/2022 7:10:00 PM,A,VC 22107,False,1.0,I-280 S/B TO I-880 N/B,,,3/10/2022 12:00:00 AM,A,N,1300.0,MACARTHUR AVE,F,,D,3/10/2022 5:40:32 AM,3/10/2022 5:40:32 AM,False,True,4,,,,,,,