Collision Id,	Report Number,	Report Version,	Is Preliminary,	NCIC Code,Crash Date Time,	Crash Time Description,	Beat,City Id,	City Code,	City Name,County Code,	City Is Active,	City Is Incorporated,	Collision Type Code,Collision Type Description,	Collision Type Other Desc,	Day Of Week,	DispatchNotified,	HasPhotographs,	HitRun,	IsAttachmentsMailed,	IsDeleted,	IsHighwayRelated,	IsTowAway,	JudicialDistrict,	MotorVehicleInvolvedWithCode,	MotorVehicleInvolvedWithDesc,MotorVehicleInvolvedWithOtherDesc,	NumberInjured,	NumberKilled,Weather 1, Weather 2, Road Condition 1, Road Condition 2, Special Condition,LightingCode, LightingDescription,Latitude,Longitude,MilepostDirection,MilepostDistance,MilepostMarker,MilepostUnitOfMeasure,	PedestrianActionCode,PedestrianActionDesc,PreparedDate,	Primary Collision Factor Code,Primary Collision Factor Violation,PrimaryCollisionFactorIsCited,	PrimaryCollisionPartyNumber,	PrimaryRoad,	ReportingDistrict,	ReportingDistrictCode,ReviewedDate,	RoadwaySurfaceCode,SecondaryDirection,	SecondaryDistance,	SecondaryRoad,	SecondaryUnitOfMeasure,	SketchDesc,	TrafficControlDeviceCode,CreatedDate,	ModifiedDate,IsCountyRoad,IsFreeway,CHP555Version,	IsAdditonalObjectStruck,NotificationDate,	NotificationTimeDescription,	HasDigitalMediaFiles,	EvidenceNumber,	IsLocationReferToNarrative,	IsAOIOneSameAsLocation
1740106,9340-2022-00973,1,False,9340,3/22/2022 12:10:00 PM,1210,110,1368,4313,San Jose,43,True,True,B,SIDE SWIPE,,Tuesday,NotApplicable,False,,,False,True,False,SANTA CLARA SUPERIOR COURT HALL OF JUSTICE,C,OTHER MOTOR VEHICLE,,0.0,0.0,CLEAR,, NO UNUSUAL CONDITIONS,, ,A,DAYLIGHT,37.330166,-121.843083,,,,,A,NO PEDESTRIANS INVOLVED,3/22/2022 12:10:00 PM,A,VC 22107,False,1.0,I-280 SB TO US-101 SB,,,4/4/2022 12:00:00 AM,A,S,1.1,MCLAUGHLIN AVE,M,,D,4/4/2022 9:51:57 AM,4/4/2022 9:51:57 AM,False,True,4,,,,,,,
1740036,9340-2022-01019,1,False,9340,3/25/2022 2:35:00 PM,1435,088,1368,4313,San Jose,43,True,True,C,REAR END,,Friday,NotApplicable,False,,,False,True,True,SANTA CLARA SUPERIOR COURT HALL OF JUSTICE,C,OTHER MOTOR VEHICLE,,1.0,0.0,CLEAR,, NO UNUSUAL CONDITIONS,, ,A,DAYLIGHT,37.346752,-121.921026,,,,,A,NO PEDESTRIANS INVOLVED,3/25/2022 2:35:00 PM,A,VC 22350,False,1.0,I-880 N/B,,,4/4/2022 12:00:00 AM,A,S,1072.0,COLEMAN AVE,F,,D,4/4/2022 9:06:30 AM,4/4/2022 9:06:30 AM,False,True,4,,,,,,,
1739965,9340-2022-00995,1,False,9340,3/23/2022 9:25:00 PM,2125,110,1368,4313,San Jose,43,True,True,C,REAR END,,Wednesday,NotApplicable,False,,,False,True,True,SANTA CLARA SUPERIOR COURT HALL OF JUSTICE,C,OTHER MOTOR VEHICLE,,0.0,0.0,CLEAR,, NO UNUSUAL CONDITIONS,, ,C,DARK-STREET LIGHTS,37.344787,-121.857113,,,,,A,NO PEDESTRIANS INVOLVED,3/23/2022 9:25:00 PM,A,VC 22350,False,1.0,US-101 S/B,,,4/4/2022 12:00:00 AM,A,S,702.0,E. SAN ANTONIO STREET,F,,D,4/4/2022 8:32:00 AM,4/4/2022 8:32:00 AM,False,True,4,,,,,,,
1739893,9340-2022-00993,1,False,9340,3/23/2022 9:24:00 PM,2124,110,1368,4313,San Jose,43,True,True,B,SIDE SWIPE,,Wednesday,NotApplicable,False,,,False,True,True,SANTA CLARA SUPERIOR COURT HALL OF JUSTICE,C,OTHER MOTOR VEHICLE,,0.0,0.0,CLEAR,, NO UNUSUAL CONDITIONS,, ,C,DARK-STREET LIGHTS,37.344787,-121.857113,,,,,A,NO PEDESTRIANS INVOLVED,3/23/2022 9:24:00 PM,A,VC 22350,False,1.0,US-101 S/B,,,4/4/2022 12:00:00 AM,A,S,702.0,E SAN ANTONIO ST,F,,D,4/4/2022 7:47:12 AM,4/4/2022 7:47:12 AM,False,True,4,,,,,,,
1739871,9340-2022-00980,1,False,9340,3/22/2022 5:50:00 PM,1750,281,1368,4313,San Jose,43,True,True,C,REAR END,,Tuesday,NotApplicable,False,M,,False,True,False,SANTA CLARA SUPERIOR COURT HALL OF JUSTICE,C,OTHER MOTOR VEHICLE,,0.0,0.0,CLEAR,, NO UNUSUAL CONDITIONS,, ,A,DAYLIGHT,37.374108,-121.889966,,,,,A,NO PEDESTRIANS INVOLVED,3/22/2022 5:50:00 PM,A,VC 22350,False,1.0,I-280 S/B,,,4/4/2022 12:00:00 AM,A,S,620.0,SR-87 N/B,F,,D,4/4/2022 7:27:10 AM,4/4/2022 7:27:10 AM,False,True,4,,,,,,,
1739800,9340-2022-01007,1,False,9340,3/24/2022 4:55:00 PM,1655,120,1368,4313,San Jose,43,True,True,C,REAR END,,Thursday,NotApplicable,False,,,False,True,True,SANTA CLARA SUPERIOR COURT HALL OF JUSTICE,C,OTHER MOTOR VEHICLE,,0.0,0.0,CLEAR,, NO UNUSUAL CONDITIONS,, ,A,DAYLIGHT,37.374971,-121.933349,,,,,A,NO PEDESTRIANS INVOLVED,3/24/2022 4:55:00 PM,A,VC 22350,False,1.0,US-101 S/B,,,4/4/2022 12:00:00 AM,A,N,1440.0,SR-87,F,,D,4/4/2022 6:08:43 AM,4/4/2022 6:08:43 AM,False,True,4,,,,,,,
1738792,9340-2022-01006,1,False,9340,3/24/2022 8:55:00 PM,2055,681,1368,4313,San Jose,43,True,True,C,REAR END,,Thursday,NotApplicable,False,,,False,True,False,SANTA CLARA SUPERIOR COURT HALL OF JUSTICE,C,OTHER MOTOR VEHICLE,,0.0,0.0,CLEAR,, NO UNUSUAL CONDITIONS,, ,A,DAYLIGHT,37.433892,-121.887946,,,,,A,NO PEDESTRIANS INVOLVED,3/24/2022 8:55:00 PM,A,VC 22350,False,2.0,I-680 N/B,,,4/1/2022 12:00:00 AM,A,S,275.0,CALAVERAS BLVD,F,,D,4/1/2022 9:05:44 AM,4/1/2022 9:05:44 AM,False,True,4,,,,,,,
1738778,9340-2022-01003,1,False,9340,3/24/2022 4:05:00 PM,1605,087,1368,4313,San Jose,43,True,True,C,REAR END,,Thursday,Yes,False,,,False,True,False,SANTA CLARA SUPERIOR COURT HALL OF JUSTICE,C,OTHER MOTOR VEHICLE,,1.0,0.0,CLEAR,, NO UNUSUAL CONDITIONS,, ,A,DAYLIGHT,37.318929,-121.890053,,,,,A,NO PEDESTRIANS INVOLVED,3/24/2022 4:05:00 PM,A,VC 22350,False,1.0,SR-87 S/B,,,4/1/2022 12:00:00 AM,A,S,335.0,VIRGINIA STREET,F,,D,4/1/2022 8:52:59 AM,4/1/2022 8:52:59 AM,False,True,4,,,,,,,
1738635,9340-2022-00977,1,False,9340,3/22/2022 2:35:00 PM,1435,020,1368,4313,San Jose,43,True,True,D,BROADSIDE,,Tuesday,NotApplicable,False,,,False,False,False,SANTA CLARA SUPERIOR COURT HALL OF JUSTICE,C,OTHER MOTOR VEHICLE,,0.0,0.0,CLEAR,, NO UNUSUAL CONDITIONS,, School Bus Collision,A,DAYLIGHT,37.356568,-121.812447,,,,,A,NO PEDESTRIANS INVOLVED,3/22/2022 2:35:00 PM,A,VC 22106,False,1.0,3319 HICKERSON DR ,,,4/1/2022 12:00:00 AM,A,E,150.0,LACELOT LANE,F,,D,4/1/2022 6:20:32 AM,4/1/2022 6:20:32 AM,True,False,4,,,,,,,
1738384,9340-2022-00905,1,False,9340,3/16/2022 5:41:00 PM,1741,281,1368,4313,San Jose,43,True,True,C,REAR END,,Wednesday,NotApplicable,False,M,,False,True,False,SANTA CLARA SUPERIOR COURT HALL OF JUSTICE,C,OTHER MOTOR VEHICLE,,0.0,0.0,CLEAR,, NO UNUSUAL CONDITIONS,, ,A,DAYLIGHT,37.316764,-121.922606,,,,,A,NO PEDESTRIANS INVOLVED,3/16/2022 5:41:00 PM,A,VC 22350,False,1.0,I-280 S/B,,,3/31/2022 12:00:00 AM,A,S,310.0,LEIGH AVE.,F,,D,3/31/2022 4:45:34 PM,3/31/2022 4:45:34 PM,False,True,4,,,,,,,
1738356,9340-2022-01028,1,False,9340,3/25/2022 4:10:00 PM,1610,282,1368,4313,San Jose,43,True,True,C,REAR END,,Friday,NotApplicable,False,M,,False,True,False,SANTA CLARA SUPERIOR COURT HALL OF JUSTICE,C,OTHER MOTOR VEHICLE,,0.0,0.0,CLEAR,, NO UNUSUAL CONDITIONS,, ,A,DAYLIGHT,37.185914,-121.581023,,,,,A,NO PEDESTRIANS INVOLVED,3/25/2022 4:10:00 PM,A,VC 22350,False,1.0,I-280 S/B,,,3/31/2022 12:00:00 AM,A,S,1500.0,SARATOGA AVE,F,,D,3/31/2022 3:20:28 PM,3/31/2022 3:20:28 PM,False,True,4,,,,,,,
1738302,9340-2022-00989,1,False,9340,3/23/2022 6:20:00 AM,620,172,1368,4313,San Jose,43,True,True,B,SIDE SWIPE,,Wednesday,NotApplicable,False,,,False,True,True,SANTA CLARA SUPERIOR COURT HALL OF JUSTICE,C,OTHER MOTOR VEHICLE,,0.0,0.0,CLEAR,, NO UNUSUAL CONDITIONS,, ,D,DARK-NO STREET LIGHTS,37.280307,-121.944143,,,,,A,NO PEDESTRIANS INVOLVED,3/23/2022 6:20:00 AM,A,VC 22107,False,1.0,SR-17 N/B,,,3/31/2022 12:00:00 AM,A,N,3400.0,CAMDEN AVE,F,,D,3/31/2022 1:38:03 PM,3/31/2022 1:38:03 PM,False,True,4,,,,,,,
1738299,9340-2022-00984,1,False,9340,3/23/2022 5:50:00 AM,550,681,1368,4313,San Jose,43,True,True,C,REAR END,,Wednesday,NotApplicable,False,,,False,True,False,SANTA CLARA SUPERIOR COURT HALL OF JUSTICE,C,OTHER MOTOR VEHICLE,,0.0,0.0,CLEAR,, NO UNUSUAL CONDITIONS,, ,C,DARK-STREET LIGHTS,37.37435,-121.85228,,,,,A,NO PEDESTRIANS INVOLVED,3/23/2022 5:50:00 AM,A,VC 22350,False,1.0,I-680 N/B,,,3/31/2022 12:00:00 AM,A,S,1050.0,MABURY RD,F,,D,3/31/2022 1:35:39 PM,3/31/2022 1:35:39 PM,False,True,4,,,,,,,
1738277,9340-2022-01068,1,False,9340,3/27/2022 8:10:00 PM,2010,087,1368,4313,San Jose,43,True,True,B,SIDE SWIPE,,Sunday,NotApplicable,False,,,False,True,False,SANTA CLARA SUPERIOR COURT HALL OF JUSTICE,C,OTHER MOTOR VEHICLE,,1.0,0.0,RAINING,, NO UNUSUAL CONDITIONS,, ,C,DARK-STREET LIGHTS,37.342295,-121.900934,,,,,A,NO PEDESTRIANS INVOLVED,3/27/2022 8:10:00 PM,A,VC 21658(A),False,1.0,SR-87 N/B,,,3/31/2022 12:00:00 AM,B,S,2200.0,TAYLOR ST,F,,D,3/31/2022 1:17:47 PM,3/31/2022 1:17:47 PM,False,True,4,,,,,,,
1738270,9340-2022-00953,1,False,9340,3/20/2022 6:10:00 PM,1810,681,1368,4313,San Jose,43,True,True,B,SIDE SWIPE,,Sunday,NotApplicable,False,M,,False,True,False,SANTA CLARA SUPERIOR COURT HALL OF JUSTICE,C,OTHER MOTOR VEHICLE,,0.0,0.0,CLEAR,, NO UNUSUAL CONDITIONS,, ,A,DAYLIGHT,37.367398,-121.845666,,,,,A,NO PEDESTRIANS INVOLVED,3/20/2022 6:10:00 PM,A,VC 22107,False,1.0,I-680 N/B,,,3/31/2022 12:00:00 AM,A,S,190.0,MCKEE ROAD,F,,D,3/31/2022 1:10:15 PM,3/31/2022 1:10:15 PM,False,True,4,,,,,,,
1738268,9340-2022-00988,1,False,9340,3/23/2022 10:00:00 AM,1000,281,1368,4313,San Jose,43,True,True,E,HIT OBJECT,,Wednesday,Yes,False,,,False,True,False,Santa Clara Superior Court Hall of Justice,I,FIXED OBJECT,CONCRETE BARRIER,1.0,0.0,CLEAR,, NO UNUSUAL CONDITIONS,, ,A,DAYLIGHT,37.337872,-121.852886,,,,,A,NO PEDESTRIANS INVOLVED,3/23/2022 10:00:00 AM,A,VC 22350,False,1.0,I-280 S/B TO US-101 S/B,,,3/31/2022 12:00:00 AM,A,N,570.0,US-101,F,,D,3/31/2022 1:09:45 PM,3/31/2022 1:09:45 PM,False,True,4,,,,,,,
1738245,9340-2022-01008,1,False,9340,3/25/2022 12:17:00 PM,1217,110,1368,4313,San Jose,43,True,True,C,REAR END,,Friday,NotApplicable,False,M,,False,True,False,SANTA CLARA SUPERIOR COURT HALL OF JUSTICE,C,OTHER MOTOR VEHICLE,,0.0,0.0,CLEAR,, NO UNUSUAL CONDITIONS,, ,A,DAYLIGHT,37.308061,-121.821264,,,,,A,NO PEDESTRIANS INVOLVED,3/25/2022 12:17:00 PM,A,VC 22350,False,1.0,US 101 N/B,,,3/31/2022 12:00:00 AM,A,N,1000.0,CAPITOL EXPY,F,,D,3/31/2022 12:48:53 PM,3/31/2022 12:48:53 PM,False,True,4,,,,,,,
1738243,9340-2022-01004,1,False,9340,3/24/2022 2:45:00 PM,1445,681,1368,4313,San Jose,43,True,True,B,SIDE SWIPE,,Thursday,NotApplicable,False,M,,False,True,False,SANTA CLARA SUPERIOR COURT HALL OF JUSTICE,C,OTHER MOTOR VEHICLE,,0.0,0.0,CLEAR,, NO UNUSUAL CONDITIONS,, ,A,DAYLIGHT,37.403166,-121.876702,,,,,A,NO PEDESTRIANS INVOLVED,3/24/2022 2:45:00 PM,A,VC 21658(a),False,1.0,I-680 N/B,,,3/31/2022 12:00:00 AM,A,N,1510.0,CAPITOL AVENUE,F,,D,3/31/2022 12:45:25 PM,3/31/2022 12:45:25 PM,False,True,4,,,,,,,
1738210,9340-2022-00996,1,False,9340,3/23/2022 2:30:00 PM,1430,110,1368,4313,San Jose,43,True,True,B,SIDE SWIPE,,Wednesday,NotApplicable,False,,,False,True,False,SANTA CLARA SUPERIOR COURT HALL OF JUSTICE,C,OTHER MOTOR VEHICLE,,0.0,0.0,CLEAR,, NO UNUSUAL CONDITIONS,, ,A,DAYLIGHT,37.362667,-121.891978,,,,,A,NO PEDESTRIANS INVOLVED,3/23/2022 2:30:00 PM,A,VC 21658(A),False,1.0,US-101 S/B,,,3/31/2022 12:00:00 AM,A,N,140.0,OAKLAND ROAD,F,,A,3/31/2022 12:11:09 PM,3/31/2022 12:11:09 PM,False,True,4,,,,,,,
1738165,9340-2022-01002,1,False,9340,3/24/2022 5:18:00 PM,1718,120,1368,4313,San Jose,43,True,True,C,REAR END,,Thursday,NotApplicable,False,,,False,True,False,SANTA CLARA SUPERIOR COURT HALL OF JUSTICE,C,OTHER MOTOR VEHICLE,,0.0,0.0,CLEAR,, NO UNUSUAL CONDITIONS,, ,A,DAYLIGHT,37.374526,-121.931449,,,,,A,NO PEDESTRIANS INVOLVED,3/24/2022 5:18:00 PM,A,VC 22350,False,1.0,US101 S/B,,,3/31/2022 12:00:00 AM,A,N,1000.0,SR-87,F,,A,3/31/2022 11:25:50 AM,3/31/2022 11:25:50 AM,False,True,4,,,,,,,
1738159,9340-2022-01001,1,False,9340,3/24/2022 2:05:00 PM,1405,240,1368,4313,San Jose,43,True,True,C,REAR END,,Thursday,NotApplicable,False,,,False,True,True,SANTA CLARA SUPERIOR COURT HALL OF JUSTICE,C,OTHER MOTOR VEHICLE,,1.0,0.0,CLEAR,, NO UNUSUAL CONDITIONS,, ,A,DAYLIGHT,37.41921,-121.958367,,,,,A,NO PEDESTRIANS INVOLVED,3/24/2022 2:05:00 PM,A,VC 22350,True,1.0,SR-237 E/B,,,3/31/2022 12:00:00 AM,A,E,200.0,1ST ST,F,,D,3/31/2022 11:14:34 AM,3/31/2022 11:14:34 AM,False,True,4,,,,,,,
1738025,9340-2022-00999,1,False,9340,3/24/2022 8:00:00 AM,800,281,1368,4313,San Jose,43,True,True,C,REAR END,,Thursday,NotApplicable,False,,,False,True,False,Santa Clara Superior Court Hall of Justice,C,OTHER MOTOR VEHICLE,,0.0,0.0,CLEAR,, NO UNUSUAL CONDITIONS,, ,B,DUSK-DAWN,37.315692,-121.90793,,,,,A,NO PEDESTRIANS INVOLVED,3/24/2022 8:00:00 AM,A,VC 22350,False,1.0,I-280 N/B,,,3/31/2022 12:00:00 AM,A,S,890.0,RACE ST,F,,D,3/31/2022 8:47:47 AM,3/31/2022 8:47:47 AM,False,True,4,,,,,,,
1737976,9340-2022-00960,1,False,9340,3/21/2022 4:20:00 PM,1620,110,1368,4313,San Jose,43,True,True,C,REAR END,,Monday,NotApplicable,False,,,False,True,False,SANTA CLARA SUPERIOR COURT HALL OF JUSTICE,C,OTHER MOTOR VEHICLE,,2.0,0.0,CLEAR,, NO UNUSUAL CONDITIONS,, School Bus Collision,A,DAYLIGHT,37.33111,-121.84312,,,,,A,NO PEDESTRIANS INVOLVED,3/21/2022 4:20:00 PM,A,VC 22350,False,1.0,US-101 N/B TO I-680 N/B,,,3/31/2022 12:00:00 AM,A,S,1000.0,STORY RD,F,,D,3/31/2022 7:56:46 AM,3/31/2022 7:56:46 AM,False,True,4,,,,,,,
1737955,9340-2022-00950,1,False,9340,3/20/2022 11:45:00 AM,1145,681,1368,4313,San Jose,43,True,True,E,HIT OBJECT,,Sunday,NotApplicable,False,,,False,True,True,SANTA CLARA SUPERIOR COURT HALL OF JUSTICE,I,FIXED OBJECT,GUARDRAIL,0.0,0.0,CLEAR,, NO UNUSUAL CONDITIONS,, ,A,DAYLIGHT,37.342807,-121.847647,,,,,A,NO PEDESTRIANS INVOLVED,3/20/2022 11:45:00 AM,A,VC 22107,False,1.0,I-680 S/B TO US-101,,,3/31/2022 12:00:00 AM,A,S,325.0,KING RD,F,,D,3/31/2022 7:12:50 AM,3/31/2022 7:12:50 AM,False,True,4,,,,,,,
1737910,9340-2022-00965,1,False,9340,3/21/2022 4:00:00 PM,1600,681,1368,4313,San Jose,43,True,True,B,SIDE SWIPE,,Monday,Yes,False,,,False,True,True,SANTA CLARA SUPERIOR COURT HALL OF JUSTICE,J,OTHER OBJECT,TRAILER,1.0,0.0,CLEAR,, NO UNUSUAL CONDITIONS,, ,A,DAYLIGHT,37.357284,-121.839473,,,,,A,NO PEDESTRIANS INVOLVED,3/21/2022 4:00:00 PM,A,VC 21658(A),False,2.0,I-680 N/B,,,3/31/2022 12:00:00 AM,A,N,750.0,CAPITOL EXPRESSWAY,F,,D,3/31/2022 5:52:30 AM,3/31/2022 5:52:30 AM,False,True,4,,,,,,,
1737510,9340-2022-00991,1,False,9340,3/23/2022 2:15:00 PM,1415,230,1368,4313,San Jose,43,True,True,C,REAR END,,Wednesday,Yes,False,,,False,True,True,SANTA CLARA SUPERIOR COURT HALL OF JUSTICE,C,OTHER MOTOR VEHICLE,,2.0,0.0,CLEAR,, NO UNUSUAL CONDITIONS,, ,A,DAYLIGHT,37.416433,-121.975617,,,,,A,NO PEDESTRIANS INVOLVED,3/23/2022 2:15:00 PM,A,VC 22350,False,1.0,SR-237 E/B,,,3/30/2022 12:00:00 AM,A,W,800.0,GREAT AMERICA PKY,F,,D,3/30/2022 2:35:23 PM,3/30/2022 2:35:23 PM,False,True,4,,,,,,,
1737464,9340-2022-00930,1,False,9340,3/18/2022 1:40:00 PM,1340,281,1368,4313,San Jose,43,True,True,B,SIDE SWIPE,,Friday,NotApplicable,False,,,False,True,False,SANTA CLARA SUPERIOR COURT HALL OF JUSTICE,C,OTHER MOTOR VEHICLE,,0.0,0.0,CLEAR,, NO UNUSUAL CONDITIONS,, ,A,DAYLIGHT,37.31535,-121.90896,,,,,A,NO PEDESTRIANS INVOLVED,3/18/2022 1:40:00 PM,A,VC 21658(A),False,1.0,I-280 N/B,,,3/30/2022 12:00:00 AM,A,S,450.0,RACE ST,F,,D,3/30/2022 2:01:34 PM,3/30/2022 2:01:34 PM,False,True,4,,,,,,,
1737459,9340-2022-00982,1,False,9340,3/22/2022 5:25:00 PM,1725,083,1368,4313,San Jose,43,True,True,E,HIT OBJECT,,Tuesday,NotApplicable,False,,,False,True,True,SANTA CLARA SUPERIOR COURT HALL OF JUSTICE,I,FIXED OBJECT,CONCRETE MEDIAN BARRIER,1.0,0.0,CLEAR,, NO UNUSUAL CONDITIONS,, ,A,DAYLIGHT,37.25523,-121.84888,,,,,A,NO PEDESTRIANS INVOLVED,3/22/2022 5:25:00 PM,A,VC 22107,False,1.0,SR-85 S/B,,,3/30/2022 12:00:00 AM,A,S,2960.0,SANTA TERESA BLVD,F,,D,3/30/2022 1:55:48 PM,3/30/2022 1:55:48 PM,False,True,4,,,,,,,
1737356,9340-2022-00933,1,False,9340,3/18/2022 7:00:00 PM,1900,110,1368,4313,San Jose,43,True,True,B,SIDE SWIPE,,Friday,NotApplicable,False,,,False,True,False,SANTA CLARA SUPERIOR COURT HALL OF JUSTICE,C,OTHER MOTOR VEHICLE,,0.0,0.0,CLEAR,, NO UNUSUAL CONDITIONS,, ,B,DUSK-DAWN,37.343321,-121.846054,,,,,A,NO PEDESTRIANS INVOLVED,3/18/2022 7:00:00 PM,A,VC 22107,False,2.0,I-680 N/B,,,3/30/2022 12:00:00 AM,A,N,75.0,KING ROAD,F,,D,3/30/2022 12:30:21 PM,3/30/2022 12:30:21 PM,False,True,4,,,,,,,
1737340,9340-2022-00946,1,False,9340,3/19/2022 8:20:00 PM,2020,681,1368,4313,San Jose,43,True,True,B,SIDE SWIPE,,Saturday,NotApplicable,False,M,,False,True,True,SANTA CLARA SUPERIOR COURT HALL OF JUSTICE,C,OTHER MOTOR VEHICLE,,0.0,0.0,CLOUDY,, NO UNUSUAL CONDITIONS,, ,C,DARK-STREET LIGHTS,37.343479,-121.847264,,,,,A,NO PEDESTRIANS INVOLVED,3/19/2022 8:20:00 PM,A,VC 22107,False,1.0,I-680 S/B FROM KING ROAD,,,3/30/2022 12:00:00 AM,B,S,105.0,KING RD,F,,B,3/30/2022 12:13:12 PM,3/30/2022 12:13:12 PM,False,True,4,,,,,,,
1737189,9340-2022-00987,1,False,9340,3/23/2022 8:13:00 AM,813,110,1368,4313,San Jose,43,True,True,C,REAR END,,Wednesday,NotApplicable,False,,,False,True,False,SANTA CLARA SUPERIOR COURT HALL OF JUSTICE,C,OTHER MOTOR VEHICLE,,0.0,0.0,CLOUDY,, NO UNUSUAL CONDITIONS,, ,A,DAYLIGHT,37.348092,-121.860027,,,,,A,NO PEDESTRIANS INVOLVED,3/23/2022 8:13:00 AM,A,VC 22350,False,1.0,US 101 N/B,,,3/30/2022 12:00:00 AM,A,S,300.0,ALUM ROCK AVE.,F,,D,3/30/2022 10:13:58 AM,3/30/2022 10:13:58 AM,False,True,4,,,,,,,
1737105,9725-2022-00358,1,False,9725,3/25/2022 4:10:00 PM,1610,013,1368,4313,San Jose,43,True,True,C,REAR END,,Friday,Yes,False,,,False,True,False,SANTA CLARA SUPERIOR COURT SOUTH COUNTY COURTHOUSE,C,OTHER MOTOR VEHICLE,,1.0,0.0,CLEAR,, NO UNUSUAL CONDITIONS,, ,A,DAYLIGHT,37.162875,-121.663628,,,,,A,NO PEDESTRIANS INVOLVED,3/25/2022 4:10:00 PM,A,VC 22350,False,1.0,US-101 S/B,,,3/30/2022 12:00:00 AM,A,N,200.0,BURNETT AVE,F,,D,3/30/2022 9:21:47 AM,3/30/2022 9:21:47 AM,False,True,4,,,,,,,
1736994,9340-2022-00974,1,False,9340,3/22/2022 10:10:00 AM,1010,110,1368,4313,San Jose,43,True,True,E,HIT OBJECT,,Tuesday,NotApplicable,False,M,,False,True,False,SANTA CLARA SUPERIOR COURT HALL OF JUSTICE,J,OTHER OBJECT,ROCK,0.0,0.0,CLEAR,, NO UNUSUAL CONDITIONS,, ,A,DAYLIGHT,37.318529,-121.832858,,,,,A,NO PEDESTRIANS INVOLVED,3/22/2022 10:10:00 AM,A,VC 23114(a),False,,US 101 S/B FROM TULLY RD. W/B,,,3/30/2022 12:00:00 AM,A,N,200.0,TULLY RD.,F,,D,3/30/2022 8:13:32 AM,3/30/2022 8:13:32 AM,False,True,4,,,,,,,
1736990,9340-2022-00967,1,False,9340,3/21/2022 6:50:00 PM,1850,087,1368,4313,San Jose,43,True,True,C,REAR END,,Monday,NotApplicable,False,,,False,True,True,SANTA CLARA SUPERIOR COURT HALL OF JUSTICE,C,OTHER MOTOR VEHICLE,,0.0,0.0,CLEAR,, NO UNUSUAL CONDITIONS,, ,A,DAYLIGHT,37.321326,-121.890089,,,,,A,NO PEDESTRIANS INVOLVED,3/21/2022 6:50:00 PM,A,VC 22350,False,1.0,SR-87 N/B TO I-280 S/B,,,3/30/2022 12:00:00 AM,A,S,92.0,I-280,F,,D,3/30/2022 8:11:29 AM,3/30/2022 8:11:29 AM,False,True,4,,,,,,,
1736958,9340-2022-00963,1,False,9340,3/21/2022 3:45:00 PM,1545,281,1368,4313,San Jose,43,True,True,C,REAR END,,Monday,NotApplicable,False,,,False,True,True,SANTA CLARA SUPERIOR COURT HALL OF JUSTICE,C,OTHER MOTOR VEHICLE,,1.0,0.0,CLEAR,, NO UNUSUAL CONDITIONS,, ,A,DAYLIGHT,37.319482,-121.901349,,,,,A,NO PEDESTRIANS INVOLVED,3/21/2022 3:45:00 PM,A,VC 22350,True,1.0,I-280 S/B,,,3/30/2022 12:00:00 AM,A,N,210.0,BIRD AVE.,F,,D,3/30/2022 7:43:25 AM,3/30/2022 7:43:25 AM,False,True,4,,,,,,,
1736862,9340-2022-00949,1,False,9340,3/19/2022 9:25:00 PM,2125,281,1368,4313,San Jose,43,True,True,B,SIDE SWIPE,,Saturday,Yes,False,M,,False,True,True,SANTA CLARA SUPERIOR COURT HALL OF JUSTICE,C,OTHER MOTOR VEHICLE,,1.0,0.0,CLEAR,, NO UNUSUAL CONDITIONS,, ,D,DARK-NO STREET LIGHTS,37.327925,-121.874179,,,,,A,NO PEDESTRIANS INVOLVED,3/19/2022 9:25:00 PM,A,VC 23152(a),True,1.0,I-280 S/B,,,3/30/2022 12:00:00 AM,A,S,400.0,7TH ST,F,,D,3/30/2022 6:04:21 AM,3/30/2022 6:04:21 AM,False,True,4,,,,,,,
1736429,9340-2022-00979,1,False,9340,3/22/2022 5:35:00 PM,1735,282,1368,4313,San Jose,43,True,True,E,HIT OBJECT,,Tuesday,NotApplicable,False,,,False,True,False,SANTA CLARA SUPERIOR COURT HALL OF JUSTICE,I,FIXED OBJECT,CONCRETE SOUND WALL,0.0,0.0,CLEAR,, NO UNUSUAL CONDITIONS,, ,A,DAYLIGHT,37.316681,-121.965498,,,,,A,NO PEDESTRIANS INVOLVED,3/22/2022 5:35:00 PM,A,VC 22107,False,1.0,I-280 N/B,,,3/29/2022 12:00:00 AM,A,N,345.0,SAN TOMAS EXPY,F,,D,3/29/2022 1:49:36 PM,3/29/2022 1:49:36 PM,False,True,4,,,,,,,
1736327,9340-2022-00919,1,False,9340,3/17/2022 5:05:00 PM,1705,110,1368,4313,San Jose,43,True,True,C,REAR END,,Thursday,NotApplicable,False,,,False,True,True,Santa Clara Superior Court Hall of Justice,C,OTHER MOTOR VEHICLE,,0.0,0.0,CLEAR,, NO UNUSUAL CONDITIONS,, ,A,DAYLIGHT,37.318608,-121.832216,,,,,A,NO PEDESTRIANS INVOLVED,3/17/2022 5:05:00 PM,A,VC 22350,False,1.0,US-101 S/B FROM TULLY ROAD W/B,,,3/29/2022 12:00:00 AM,A,N,120.0,TULLY RD,F,,A,3/29/2022 12:26:00 PM,3/29/2022 12:26:00 PM,False,True,4,,,,,,,