Collision Id,	Report Number,	Report Version,	Is Preliminary,	NCIC Code,Crash Date Time,	Crash Time Description,	Beat,City Id,	City Code,	City Name,County Code,	City Is Active,	City Is Incorporated,	Collision Type Code,Collision Type Description,	Collision Type Other Desc,	Day Of Week,	DispatchNotified,	HasPhotographs,	HitRun,	IsAttachmentsMailed,	IsDeleted,	IsHighwayRelated,	IsTowAway,	JudicialDistrict,	MotorVehicleInvolvedWithCode,	MotorVehicleInvolvedWithDesc,MotorVehicleInvolvedWithOtherDesc,	NumberInjured,	NumberKilled,Weather 1, Weather 2, Road Condition 1, Road Condition 2, Special Condition,LightingCode, LightingDescription,Latitude,Longitude,MilepostDirection,MilepostDistance,MilepostMarker,MilepostUnitOfMeasure,	PedestrianActionCode,PedestrianActionDesc,PreparedDate,	Primary Collision Factor Code,Primary Collision Factor Violation,PrimaryCollisionFactorIsCited,	PrimaryCollisionPartyNumber,	PrimaryRoad,	ReportingDistrict,	ReportingDistrictCode,ReviewedDate,	RoadwaySurfaceCode,SecondaryDirection,	SecondaryDistance,	SecondaryRoad,	SecondaryUnitOfMeasure,	SketchDesc,	TrafficControlDeviceCode,CreatedDate,	ModifiedDate,IsCountyRoad,IsFreeway,CHP555Version,	IsAdditonalObjectStruck,NotificationDate,	NotificationTimeDescription,	HasDigitalMediaFiles,	EvidenceNumber,	IsLocationReferToNarrative,	IsAOIOneSameAsLocation
1785664,9340-2022-01163,1,False,9340,4/4/2022 2:40:00 PM,1440,901,1368,4313,San Jose,43,True,True,B,SIDE SWIPE,,Monday,NotApplicable,False,M,,False,False,False,SANTA CLARA SUPERIOR COURT HALL OF JUSTICE,C,OTHER MOTOR VEHICLE,,0.0,0.0,CLEAR,, NO UNUSUAL CONDITIONS,, School Bus Collision,A,DAYLIGHT,37.28458,-121.840504,,,,,A,NO PEDESTRIANS INVOLVED,4/4/2022 2:40:00 PM,A,VC 22107,False,1.0,FEHREN DRIVE E/B,,,6/1/2022 12:00:00 AM,A,E,275.0,MONTEREY RD,F,,A,6/1/2022 8:14:56 AM,6/1/2022 8:14:56 AM,False,False,4,,,,,,,
1785659,9340-2022-01813,1,False,9340,5/20/2022 3:45:00 PM,1545,901,1368,4313,San Jose,43,True,True,C,REAR END,,Friday,NotApplicable,False,,,False,False,False,Santa Clara Superior Court Hall of Justice,E,PARKED MOTOR VEHICLE,,0.0,0.0,CLEAR,, NO UNUSUAL CONDITIONS,, School Bus Collision,A,DAYLIGHT,37.35325,-121.814929,,,,,A,NO PEDESTRIANS INVOLVED,5/20/2022 3:45:00 PM,A,VC 22106,False,1.0,10282 MURTHA DRIVE,,,6/1/2022 12:00:00 AM,A,E,350.0,WHITE ROAD,F,,D,6/1/2022 8:07:18 AM,6/1/2022 8:07:18 AM,False,False,4,,,,,,,
1785318,9340-2022-01823,1,False,9340,5/23/2022 10:25:00 AM,1025,089,1368,4313,San Jose,43,True,True,B,SIDE SWIPE,,Monday,NotApplicable,False,,,False,True,False,SANTA CLARA SUPERIOR COURT HALL OF JUSTICE,C,OTHER MOTOR VEHICLE,,0.0,0.0,CLEAR,, NO UNUSUAL CONDITIONS,, ,A,DAYLIGHT,37.364187,-121.902805,,,,,A,NO PEDESTRIANS INVOLVED,5/23/2022 10:25:00 AM,A,VC 22107,False,1.0,I-880 S/B TO US-101 S/B,,,5/31/2022 12:00:00 AM,A,S,1200.0,OLD BAYSHORE HWY,F,,A,5/31/2022 3:25:01 PM,5/31/2022 3:25:01 PM,False,True,4,,,,,,,
1785257,9340-2022-01853,1,False,9340,5/24/2022 7:50:00 AM,750,110,1368,4313,San Jose,43,True,True,C,REAR END,,Tuesday,NotApplicable,False,,,False,True,False,SANTA CLARA SUPERIOR COURT HALL OF JUSTICE,C,OTHER MOTOR VEHICLE,,1.0,0.0,CLEAR,, NO UNUSUAL CONDITIONS,, ,A,DAYLIGHT,37.280519,-121.807345,,,,,A,NO PEDESTRIANS INVOLVED,5/24/2022 7:50:00 AM,A,VC 22350,False,1.0,US 101 N/B ,,,5/31/2022 12:00:00 AM,A,S,300.0,HELLYER AVE.,F,,D,5/31/2022 2:24:10 PM,5/31/2022 2:24:10 PM,False,True,4,,,,,,,
1785093,9340-2022-01821,1,False,9340,5/23/2022 2:15:00 AM,215,681,1368,4313,San Jose,43,True,True,E,HIT OBJECT,,Monday,NotApplicable,False,M,,False,True,True,SANTA CLARA SUPERIOR COURT HALL OF JUSTICE,I,FIXED OBJECT,TREE STUMP,0.0,0.0,CLEAR,, NO UNUSUAL CONDITIONS,, ,C,DARK-STREET LIGHTS,37.365842,-121.84438,,,,,A,NO PEDESTRIANS INVOLVED,5/23/2022 2:15:00 AM,A,VC 22107,False,1.0,I-680 N/B TO MCKEE ROAD,,,5/31/2022 12:00:00 AM,A,S,921.0,MCKEE RD,F,,D,5/31/2022 12:12:14 PM,5/31/2022 12:12:14 PM,False,True,4,,,,,,,
1785083,9340-2022-01829,1,False,9340,5/23/2022 11:33:00 PM,2333,087,1368,4313,San Jose,43,True,True,E,HIT OBJECT,,Monday,NotApplicable,False,,,False,True,False,SANTA CLARA SUPERIOR COURT HALL OF JUSTICE,J,OTHER OBJECT,METAL DEBRIS,0.0,0.0,CLEAR,, NO UNUSUAL CONDITIONS,, ,D,DARK-NO STREET LIGHTS,37.266167,-121.859215,,,,,A,NO PEDESTRIANS INVOLVED,5/23/2022 11:33:00 PM,A,VC 22350,False,1.0,SR-87 S/B,,,5/31/2022 12:00:00 AM,A,N,6.0,BRANHAM LN,F,,D,5/31/2022 12:03:41 PM,5/31/2022 12:03:41 PM,False,True,4,,,,,,,
1784809,9340-2022-01781,1,False,9340,5/19/2022 7:40:00 AM,740,083,1368,4313,San Jose,43,True,True,C,REAR END,,Thursday,NotApplicable,False,M,,False,True,False,SANTA CLARA SUPERIOR COURT HALL OF JUSTICE,C,OTHER MOTOR VEHICLE,,0.0,0.0,CLEAR,, NO UNUSUAL CONDITIONS,, ,A,DAYLIGHT,37.253299,-121.943919,,,,,A,NO PEDESTRIANS INVOLVED,5/19/2022 7:40:00 AM,A,VC 22350,False,,SR-85 N/B,,,5/31/2022 12:00:00 AM,A,S,1500.0,BASCOM AVE,F,,D,5/31/2022 9:14:11 AM,5/31/2022 9:14:11 AM,False,True,4,,,,,,,
1784707,9340-2022-01801,1,False,9340,5/21/2022 11:10:00 PM,2310,088,1368,4313,San Jose,43,True,True,D,BROADSIDE,,Saturday,NotApplicable,False,,,False,True,False,SANTA CLARA SUPERIOR COURT HALL OF JUSTICE,C,OTHER MOTOR VEHICLE,,0.0,0.0,CLEAR,, NO UNUSUAL CONDITIONS,, ,C,DARK-STREET LIGHTS,37.347528,-121.91579,,,,,A,NO PEDESTRIANS INVOLVED,5/21/2022 11:10:00 PM,A,VC 22350,False,2.0,I-880 N/B FROM COLEMAN AVE.,,,5/31/2022 12:00:00 AM,A,N,78.0,COLEMAN AVE.,F,,D,5/31/2022 8:19:10 AM,5/31/2022 8:19:10 AM,False,True,4,,,,,,,
1784290,9340-2022-01807,1,False,9340,5/20/2022 8:00:00 PM,2000,083,1368,4313,San Jose,43,True,True,C,REAR END,,Friday,Yes,False,,,False,True,True,SANTA CLARA SUPERIOR COURT HALL OF JUSTICE,C,OTHER MOTOR VEHICLE,,1.0,0.0,CLEAR,, NO UNUSUAL CONDITIONS,, ,A,DAYLIGHT,37.251792,-121.888349,,,,,A,NO PEDESTRIANS INVOLVED,5/20/2022 8:00:00 PM,A,VC 23152(a),True,1.0,SR-85 S/B,,,5/30/2022 12:00:00 AM,A,N,3770.0,ALMADEN EXPY,F,,D,5/30/2022 2:04:09 PM,5/30/2022 2:04:09 PM,False,True,4,,,,,,,
1784269,9340-2022-01767,1,False,9340,5/18/2022 8:50:00 AM,850,281,1368,4313,San Jose,43,True,True,C,REAR END,,Wednesday,NotApplicable,False,,,False,True,False,SANTA CLARA SUPERIOR COURT HALL OF JUSTICE,C,OTHER MOTOR VEHICLE,,0.0,0.0,CLEAR,, NO UNUSUAL CONDITIONS,, ,A,DAYLIGHT,37.317193,-121.932363,,,,,A,NO PEDESTRIANS INVOLVED,5/18/2022 8:50:00 AM,A,VC 22350,False,1.0,I-280 N/B,,,5/30/2022 12:00:00 AM,A,N,90.0,BASCOM AVE,F,,D,5/30/2022 1:09:29 PM,5/30/2022 1:09:29 PM,False,True,4,,,,,,,
1783569,9340-2022-01784,1,False,9340,5/19/2022 5:15:00 PM,1715,110,1368,4313,San Jose,43,True,True,B,SIDE SWIPE,,Thursday,NotApplicable,False,,,False,True,False,Santa Clara Superior Court Hall of Justice,C,OTHER MOTOR VEHICLE,,0.0,0.0,CLEAR,, NO UNUSUAL CONDITIONS,, ,A,DAYLIGHT,37.347238,-121.859054,,,,,A,NO PEDESTRIANS INVOLVED,5/19/2022 5:15:00 PM,A,VC 21658(A),False,1.0,US-101 N/B,,,5/27/2022 12:00:00 AM,A,S,1175.0,ALUM ROCK AVENUE,F,,D,5/27/2022 3:26:20 PM,5/27/2022 3:26:20 PM,False,True,4,,,,,,,
1783401,9340-2022-01795,1,False,9340,5/20/2022 4:35:00 PM,1635,681,1368,4313,San Jose,43,True,True,C,REAR END,,Friday,NotApplicable,False,,,False,True,False,SANTA CLARA SUPERIOR COURT HALL OF JUSTICE,C,OTHER MOTOR VEHICLE,,0.0,0.0,CLEAR,, NO UNUSUAL CONDITIONS,, ,A,DAYLIGHT,37.263588,-121.843643,,,,,A,NO PEDESTRIANS INVOLVED,5/20/2022 4:35:00 PM,A,VC 22350,False,1.0,I-680 S/B,,,5/27/2022 12:00:00 AM,A,N,1559.0,ALUM ROCK AVENUE,F,,D,5/27/2022 11:48:16 AM,5/27/2022 11:48:16 AM,False,True,4,,,,,,,
1783312,9340-2022-01788,1,False,9340,5/20/2022 4:00:00 AM,400,110,1368,4313,San Jose,43,True,True,E,HIT OBJECT,MOVING DEBRIS,Friday,NotApplicable,False,,,False,True,True,SANTA CLARA SUPERIOR COURT HALL OF JUSTICE,J,OTHER OBJECT,MOVING DEBRIS,0.0,0.0,CLEAR,, NO UNUSUAL CONDITIONS,, ,D,DARK-NO STREET LIGHTS,37.2577,-121.7966,,,,,A,NO PEDESTRIANS INVOLVED,5/20/2022 4:00:00 AM,C,,,,US-101 NB,,,5/27/2022 12:00:00 AM,A,N,50.0,BLOSSOM HILL ROAD,F,,D,5/27/2022 10:26:28 AM,5/27/2022 10:26:28 AM,False,True,4,,,,,,,
1783296,9340-2022-01786,1,False,9340,5/19/2022 6:15:00 PM,1815,120,1368,4313,San Jose,43,True,True,B,SIDE SWIPE,,Thursday,NotApplicable,True,M,,False,True,False,SANTA CLARA SUPERIOR COURT HALL OF JUSTICE,C,OTHER MOTOR VEHICLE,,0.0,0.0,CLEAR,, NO UNUSUAL CONDITIONS,, ,A,DAYLIGHT,37.375613,-121.936614,,,,,A,NO PEDESTRIANS INVOLVED,5/19/2022 6:15:00 PM,A,VC 22107,False,1.0,US-101 SOUTHBOUND,,,5/27/2022 12:00:00 AM,A,S,1500.0,TRIMBLE RD,F,,D,5/27/2022 10:16:02 AM,5/27/2022 10:16:02 AM,False,True,4,,,,,,,
1783224,9340-2022-01775,1,False,9340,5/18/2022 4:50:00 PM,1650,110,1368,4313,San Jose,43,True,True,C,REAR END,,Wednesday,Yes,False,M,,False,True,False,SANTA CLARA SUPERIOR COURT HALL OF JUSTICE,C,OTHER MOTOR VEHICLE,,0.0,0.0,CLEAR,, NO UNUSUAL CONDITIONS,, ,A,DAYLIGHT,37.360114,-121.874642,,,,,A,NO PEDESTRIANS INVOLVED,5/18/2022 4:50:00 PM,A,VC 23152(a),True,1.0,US-101 S/B,,,5/27/2022 12:00:00 AM,A,S,856.0,TAYLOR STREET,F,,D,5/27/2022 9:19:52 AM,5/27/2022 9:19:52 AM,False,True,4,,,,,,,
1783158,9340-2022-01793,1,False,9340,5/20/2022 12:15:00 PM,1215,089,1368,4313,San Jose,43,True,True,E,HIT OBJECT,,Friday,NotApplicable,False,,,False,True,False,Santa Clara Superior Court Hall of Justice,J,OTHER OBJECT,GUARD RAIL,1.0,0.0,CLEAR,, NO UNUSUAL CONDITIONS,, ,A,DAYLIGHT,37.390261,-121.906185,,,,,A,NO PEDESTRIANS INVOLVED,5/20/2022 12:15:00 PM,A,VC 22107,False,1.0,I-880 N/B,,,5/27/2022 12:00:00 AM,A,N,2500.0,BROKAW ROAD,F,,D,5/27/2022 8:43:01 AM,5/27/2022 8:43:01 AM,False,True,4,,,,,,,
1783078,9340-2022-01768,1,False,9340,5/18/2022 2:40:00 PM,1440,681,1368,4313,San Jose,43,True,True,B,SIDE SWIPE,,Wednesday,Yes,False,F,,False,True,True,SANTA CLARA SUPERIOR COURT HALL OF JUSTICE,C,OTHER MOTOR VEHICLE,,1.0,0.0,CLEAR,, NO UNUSUAL CONDITIONS,, ,A,DAYLIGHT,37.409006,-121.878944,,,,,A,NO PEDESTRIANS INVOLVED,5/18/2022 2:40:00 PM,A,VC 22107,False,1.0,I-680 S/B,,,5/27/2022 12:00:00 AM,D,N,1300.0,CROPLEY AVE,F,,A,5/27/2022 8:06:31 AM,5/27/2022 8:06:31 AM,False,True,4,,,,,,,
1783070,9340-2022-01765,1,False,9340,5/18/2022 1:01:00 AM,101,681,1368,4313,San Jose,43,True,True,E,HIT OBJECT,,Wednesday,NotApplicable,False,,,False,True,True,Santa Clara Superior Court Hall of Justice,I,FIXED OBJECT,WOODEN ADVISORY SIGN,0.0,0.0,CLEAR,, NO UNUSUAL CONDITIONS,, ,D,DARK-NO STREET LIGHTS,37.38649,-121.86471,,,,,A,NO PEDESTRIANS INVOLVED,5/18/2022 1:01:00 AM,A,VC 22107,False,,I-680 N/B,,,5/27/2022 12:00:00 AM,A,N,820.0,BERRYESSA RD,F,,D,5/27/2022 8:00:46 AM,5/27/2022 8:00:46 AM,False,True,4,True,,,,,,
1782981,9340-2022-01797,1,False,9340,5/20/2022 4:50:00 PM,1650,120,1368,4313,San Jose,43,True,True,C,REAR END,,Friday,NotApplicable,False,,,False,True,False,SANTA CLARA SUPERIOR COURT HALL OF JUSTICE,C,OTHER MOTOR VEHICLE,,0.0,0.0,CLEAR,, NO UNUSUAL CONDITIONS,, ,A,DAYLIGHT,37.37823,-121.948775,,,,,A,NO PEDESTRIANS INVOLVED,5/20/2022 4:50:00 PM,A,VC 21658(A),False,1.0,US101 N/B,,,5/27/2022 12:00:00 AM,A,N,100.0,LAFAYETTE ST,F,,D,5/27/2022 6:09:25 AM,5/27/2022 6:09:25 AM,False,True,4,,,,,,,
1782782,9340-2022-01861,1,False,9340,5/25/2022 11:18:00 PM,2318,110,1368,4313,San Jose,43,True,True,C,REAR END,,Wednesday,Yes,False,M,,False,True,True,Santa Clara Superior Court Hall of Justice,C,OTHER MOTOR VEHICLE,,1.0,0.0,CLEAR,, CONSTRUCTION-REPAIR ZONE,, ,C,DARK-STREET LIGHTS,37.31195,-121.82566,,,,,A,NO PEDESTRIANS INVOLVED,5/25/2022 11:18:00 PM,A,VC 23152(a),True,1.0,US-101 S/B,,,5/26/2022 12:00:00 AM,A,N,4100.0,CAPITOL EXPY,F,,D,5/26/2022 8:41:38 PM,5/26/2022 8:41:38 PM,False,True,4,,,,,,,
1782780,9340-2022-01856,1,False,9340,5/25/2022 3:55:00 PM,1555,282,1368,4313,San Jose,43,True,True,C,REAR END,,Wednesday,NotApplicable,False,,,False,True,False,SANTA CLARA SUPERIOR COURT HALL OF JUSTICE,C,OTHER MOTOR VEHICLE,,0.0,0.0,CLEAR,, NO UNUSUAL CONDITIONS,, ,A,DAYLIGHT,37.316284,-121.958489,,,,,A,NO PEDESTRIANS INVOLVED,5/25/2022 3:55:00 PM,A,VC 22350,False,1.0,I-280 S/B,,,5/26/2022 12:00:00 AM,A,N,1400.0,WINCHESTER BLVD,F,,D,5/26/2022 8:13:44 PM,5/26/2022 8:13:44 PM,False,True,4,,,,,,,
1781661,9340-2022-01744,1,False,9340,5/16/2022 7:00:00 AM,700,089,1368,4313,San Jose,43,True,True,C,REAR END,,Monday,NotApplicable,False,,,False,True,False,SANTA CLARA SUPERIOR COURT HALL OF JUSTICE,C,OTHER MOTOR VEHICLE,,0.0,0.0,CLEAR,, NO UNUSUAL CONDITIONS,, ,A,DAYLIGHT,37.39513,-121.90736,,,,,A,NO PEDESTRIANS INVOLVED,5/16/2022 7:00:00 AM,A,VC 22350,False,1.0,I-880 N/B,,,5/26/2022 12:00:00 AM,A,S,2000.0,MONTAGUE EXPY,F,,D,5/26/2022 3:07:27 PM,5/26/2022 3:07:27 PM,False,True,4,,,,,,,
1781653,9340-2022-01724,1,False,9340,5/14/2022 4:00:00 PM,1600,110,1368,4313,San Jose,43,True,True,B,SIDE SWIPE,,Saturday,NotApplicable,False,M,,False,True,True,SANTA CLARA SUPERIOR COURT HALL OF JUSTICE,C,OTHER MOTOR VEHICLE,,0.0,0.0,CLEAR,, NO UNUSUAL CONDITIONS,, ,A,DAYLIGHT,37.27914,-121.80694,,,,,A,NO PEDESTRIANS INVOLVED,5/14/2022 4:00:00 PM,A,VC 22107,False,1.0,US-101 S/B,,,5/26/2022 12:00:00 AM,A,S,200.0,HELLYER AVE,F,,D,5/26/2022 2:58:51 PM,5/26/2022 2:58:51 PM,False,True,4,,,,,,,
1781416,9340-2022-01769,1,False,9340,5/18/2022 4:15:00 PM,1615,681,1368,4313,San Jose,43,True,True,C,REAR END,,Wednesday,NotApplicable,False,,,False,True,False,SANTA CLARA SUPERIOR COURT HALL OF JUSTICE,C,OTHER MOTOR VEHICLE,,0.0,0.0,CLEAR,, NO UNUSUAL CONDITIONS,, ,A,DAYLIGHT,37.408499,-121.878666,,,,,A,NO PEDESTRIANS INVOLVED,5/18/2022 4:15:00 PM,A,VC 12500(A),True,1.0,I-680 S/B,,,5/26/2022 12:00:00 AM,A,N,1100.0,CROPLEY AVE,F,,D,5/26/2022 11:17:41 AM,5/26/2022 11:17:41 AM,False,True,4,,,,,,,
1781362,9340-2022-01796,1,False,9340,5/20/2022 5:40:00 PM,1740,088,1368,4313,San Jose,43,True,True,C,REAR END,,Friday,NotApplicable,False,,,False,True,True,SANTA CLARA SUPERIOR COURT HALL OF JUSTICE,C,OTHER MOTOR VEHICLE,,2.0,0.0,CLEAR,, NO UNUSUAL CONDITIONS,, ,A,DAYLIGHT,37.325284,-121.940942,,,,,A,NO PEDESTRIANS INVOLVED,5/20/2022 5:40:00 PM,A,VC 22350,False,1.0,I-880 S/B,,,5/26/2022 12:00:00 AM,A,N,685.0,STEVENS CREEK BLVD,F,,D,5/26/2022 10:40:30 AM,5/26/2022 10:40:30 AM,False,True,4,,,,,,,
1781237,9340-2022-01776,1,False,9340,5/19/2022 1:40:00 AM,140,120,1368,4313,San Jose,43,True,True,F,OVERTURNED,,Thursday,NotApplicable,False,M,,False,True,True,SANTA CLARA SUPERIOR COURT HALL OF JUSTICE,A,NON-COLLISION,,0.0,0.0,CLEAR,, NO UNUSUAL CONDITIONS,, ,C,DARK-STREET LIGHTS,37.364204,-121.900101,,,,,A,NO PEDESTRIANS INVOLVED,5/19/2022 1:40:00 AM,A,VC 22350,False,1.0,US-101 N/B TO I-880 N/B,,,5/26/2022 12:00:00 AM,A,N,2500.0,OLD OAKLAND ROAD,F,,A,5/26/2022 8:45:40 AM,5/26/2022 8:45:40 AM,False,True,4,,,,,,,
1781176,9340-2022-01763,1,False,9340,5/18/2022 8:30:00 PM,2030,110,1368,4313,San Jose,43,True,True,E,HIT OBJECT,,Wednesday,Yes,False,,,False,True,True,SANTA CLARA SUPERIOR COURT HALL OF JUSTICE,I,FIXED OBJECT,IMPACT ATTENUATOR,1.0,0.0,CLEAR,, NO UNUSUAL CONDITIONS,, ,D,DARK-NO STREET LIGHTS,37.25807,-121.79751,,,,,A,NO PEDESTRIANS INVOLVED,5/18/2022 8:30:00 PM,A,VC 23152(a),True,1.0,US-101 SB,,,5/26/2022 12:00:00 AM,A,N,100.0,BLOSSOM HILL RD,F,,D,5/26/2022 8:01:34 AM,5/26/2022 8:01:34 AM,False,True,4,,,,,,,
1781169,9340-2022-01759,1,False,9340,5/17/2022 5:30:00 PM,1730,087,1368,4313,San Jose,43,True,True,B,SIDE SWIPE,,Tuesday,NotApplicable,False,M,,False,True,False,SANTA CLARA SUPERIOR COURT HALL OF JUSTICE,C,OTHER MOTOR VEHICLE,,0.0,0.0,CLEAR,, NO UNUSUAL CONDITIONS,, ,A,DAYLIGHT,37.27918,-121.86487,,,,,A,NO PEDESTRIANS INVOLVED,5/17/2022 5:30:00 PM,A,VC 21658(A),False,2.0,SR-87 S/B,,,5/26/2022 12:00:00 AM,A,N,300.0,CAPITOL EXPY,F,,D,5/26/2022 7:51:25 AM,5/26/2022 7:51:25 AM,False,True,4,,,,,,,
1781158,9340-2022-01789,1,False,9340,5/19/2022 8:00:00 AM,800,110,1368,4313,San Jose,43,True,True,C,REAR END,,Thursday,NotApplicable,False,M,,False,True,False,SANTA CLARA SUPERIOR COURT HALL OF JUSTICE,C,OTHER MOTOR VEHICLE,,0.0,0.0,CLEAR,, NO UNUSUAL CONDITIONS,, ,A,DAYLIGHT,37.341948,-121.854224,,,,,A,NO PEDESTRIANS INVOLVED,5/19/2022 8:00:00 AM,A,VC 22350,False,1.0,US 101 N/B,,,5/26/2022 12:00:00 AM,A,N,500.0,I-680,F,,D,5/26/2022 7:43:17 AM,5/26/2022 7:43:17 AM,False,True,4,,,,,,,
1781153,9340-2022-01750,1,False,9340,5/16/2022 3:50:00 PM,1550,087,1368,4313,San Jose,43,True,True,C,REAR END,,Monday,Yes,False,,,False,True,False,Santa Clara Superior Court Hall of Justice,C,OTHER MOTOR VEHICLE,,1.0,0.0,CLEAR,, NO UNUSUAL CONDITIONS,, ,A,DAYLIGHT,37.293515,-121.873131,,,,,A,NO PEDESTRIANS INVOLVED,5/16/2022 3:50:00 PM,A,VC 22350,False,1.0,SR-87 S/B FROM CURTNER AVENUE,,,5/26/2022 12:00:00 AM,A,S,97.0,CURTNER AVENUE,F,,D,5/26/2022 7:34:34 AM,5/26/2022 7:34:34 AM,False,True,4,,,,,,,
1781150,9340-2022-01742,1,False,9340,5/16/2022 8:30:00 AM,830,087,1368,4313,San Jose,43,True,True,C,REAR END,,Monday,NotApplicable,False,,,False,True,False,SANTA CLARA SUPERIOR COURT HALL OF JUSTICE,C,OTHER MOTOR VEHICLE,,0.0,0.0,CLEAR,, NO UNUSUAL CONDITIONS,, ,A,DAYLIGHT,37.27526,-121.86312,,,,,A,NO PEDESTRIANS INVOLVED,5/16/2022 8:30:00 AM,A,VC 22350,False,1.0,SR-87 N/B,,,5/26/2022 12:00:00 AM,A,N,150.0,CAPITOL EXPY,F,,D,5/26/2022 7:31:34 AM,5/26/2022 7:31:34 AM,False,True,4,,,,,,,
1781145,9340-2022-01743,1,False,9340,5/16/2022 7:58:00 AM,758,089,1368,4313,San Jose,43,True,True,C,REAR END,,Monday,NotApplicable,False,,,False,True,False,SANTA CLARA SUPERIOR COURT HALL OF JUSTICE,C,OTHER MOTOR VEHICLE,,0.0,0.0,CLEAR,, NO UNUSUAL CONDITIONS,, ,A,DAYLIGHT,37.37231,-121.90216,,,,,A,NO PEDESTRIANS INVOLVED,5/16/2022 7:58:00 AM,A,VC 22350,False,1.0,I-880 S/B,,,5/26/2022 12:00:00 AM,A,N,1700.0,OLD BAYSHORE HWY,F,,D,5/26/2022 7:27:59 AM,5/26/2022 7:27:59 AM,False,True,4,,,,,,,
1781106,9340-2022-01729,1,False,9340,5/14/2022 10:45:00 PM,2245,110,1368,4313,San Jose,43,True,True,E,HIT OBJECT,,Saturday,Yes,False,,,False,True,True,SANTA CLARA SUPERIOR COURT HALL OF JUSTICE,I,FIXED OBJECT,CONCRETE BARRIER,0.0,0.0,CLEAR,, NO UNUSUAL CONDITIONS,, ,D,DARK-NO STREET LIGHTS,37.33968,-121.85419,,,,,A,NO PEDESTRIANS INVOLVED,5/14/2022 10:45:00 PM,A,VC 23152(a),True,1.0,101 S/B TO 280 N/B,,,5/26/2022 12:00:00 AM,A,N,315.0,I-280 N/B,F,,D,5/26/2022 6:24:53 AM,5/26/2022 6:24:53 AM,False,True,4,,,,,,,
1780575,9340-2022-01758,1,False,9340,5/17/2022 2:00:00 PM,1400,681,1368,4313,San Jose,43,True,True,E,HIT OBJECT,,Tuesday,NotApplicable,False,,,False,True,False,SANTA CLARA SUPERIOR COURT HALL OF JUSTICE,J,OTHER OBJECT,TRAILER HITCH STAND,0.0,0.0,CLEAR,, OBSTRUCTION ON ROADWAY*,, ,A,DAYLIGHT,37.4085,-121.8787,,,,,A,NO PEDESTRIANS INVOLVED,5/17/2022 2:00:00 PM,A,VC 23114(a),False,1.0,I-680 S/B,,,5/25/2022 12:00:00 AM,A,N,3200.0,CAPITOL AVE,F,,A,5/25/2022 2:34:01 PM,5/25/2022 2:34:01 PM,False,True,4,,,,,,,
1780446,9340-2022-01783,1,False,9340,5/19/2022 6:20:00 PM,1820,240,1368,4313,San Jose,43,True,True,C,REAR END,,Thursday,NotApplicable,False,,,False,True,True,SANTA CLARA SUPERIOR COURT HALL OF JUSTICE,C,OTHER MOTOR VEHICLE,,0.0,0.0,CLEAR,, NO UNUSUAL CONDITIONS,, ,A,DAYLIGHT,37.419299,-121.94983,,,,,A,NO PEDESTRIANS INVOLVED,5/19/2022 6:20:00 PM,A,VC 22350,False,1.0,SR-237 E/B,,,5/25/2022 12:00:00 AM,A,W,2889.0,ZANKER RD,F,,D,5/25/2022 1:02:08 PM,5/25/2022 1:02:08 PM,False,True,4,,,,,,,
1780412,9340-2022-01787,1,False,9340,5/19/2022 8:50:00 AM,850,281,1368,4313,San Jose,43,True,True,C,REAR END,,Thursday,NotApplicable,False,,,False,True,False,SANTA CLARA SUPERIOR COURT HALL OF JUSTICE,C,OTHER MOTOR VEHICLE,,0.0,0.0,CLEAR,, NO UNUSUAL CONDITIONS,, ,A,DAYLIGHT,37.3165,-121.91772,,,,,A,NO PEDESTRIANS INVOLVED,5/19/2022 8:50:00 AM,A,VC 22350,False,1.0,I-280 N/B,,,5/25/2022 12:00:00 AM,A,S,100.0,MERIDIAN AVE,F,,D,5/25/2022 12:34:50 PM,5/25/2022 12:34:50 PM,False,True,4,,,,,,,
1780408,9725-2022-00629,1,False,9725,5/23/2022 9:50:00 AM,950,015,1368,4313,San Jose,43,True,True,C,REAR END,,Monday,NotApplicable,False,,,False,True,True,SANTA CLARA SUPERIOR COURT DOWNTOWN SUPERIOR COURT,C,OTHER MOTOR VEHICLE,,0.0,0.0,CLEAR,, NO UNUSUAL CONDITIONS,, ,A,DAYLIGHT,37.231524,-121.750849,,,,,A,NO PEDESTRIANS INVOLVED,5/23/2022 9:50:00 AM,A,VC 22350,False,1.0,US-101 S/B,,,5/25/2022 12:00:00 AM,A,N,0.2,METCALF ROAD,M,,D,5/25/2022 12:31:42 PM,5/25/2022 12:31:42 PM,False,True,4,,,,,,,