Collision Id,	Report Number,	Report Version,	Is Preliminary,	NCIC Code,Crash Date Time,	Crash Time Description,	Beat,City Id,	City Code,	City Name,County Code,	City Is Active,	City Is Incorporated,	Collision Type Code,Collision Type Description,	Collision Type Other Desc,	Day Of Week,	DispatchNotified,	HasPhotographs,	HitRun,	IsAttachmentsMailed,	IsDeleted,	IsHighwayRelated,	IsTowAway,	JudicialDistrict,	MotorVehicleInvolvedWithCode,	MotorVehicleInvolvedWithDesc,MotorVehicleInvolvedWithOtherDesc,	NumberInjured,	NumberKilled,Weather 1, Weather 2, Road Condition 1, Road Condition 2, Special Condition,LightingCode, LightingDescription,Latitude,Longitude,MilepostDirection,MilepostDistance,MilepostMarker,MilepostUnitOfMeasure,	PedestrianActionCode,PedestrianActionDesc,PreparedDate,	Primary Collision Factor Code,Primary Collision Factor Violation,PrimaryCollisionFactorIsCited,	PrimaryCollisionPartyNumber,	PrimaryRoad,	ReportingDistrict,	ReportingDistrictCode,ReviewedDate,	RoadwaySurfaceCode,SecondaryDirection,	SecondaryDistance,	SecondaryRoad,	SecondaryUnitOfMeasure,	SketchDesc,	TrafficControlDeviceCode,CreatedDate,	ModifiedDate,IsCountyRoad,IsFreeway,CHP555Version,	IsAdditonalObjectStruck,NotificationDate,	NotificationTimeDescription,	HasDigitalMediaFiles,	EvidenceNumber,	IsLocationReferToNarrative,	IsAOIOneSameAsLocation
1780349,9340-2022-01740,1,False,9340,5/15/2022 10:30:00 PM,2230,110,1368,4313,San Jose,43,True,True,C,REAR END,,Sunday,NotApplicable,False,M,,False,True,False,SANTA CLARA SUPERIOR COURT HALL OF JUSTICE,C,OTHER MOTOR VEHICLE,,0.0,0.0,CLEAR,, NO UNUSUAL CONDITIONS,, ,D,DARK-NO STREET LIGHTS,37.328236,-121.84112,,,,,A,NO PEDESTRIANS INVOLVED,5/15/2022 10:30:00 PM,A,VC 22107,False,1.0,US-101 S/B,,,5/25/2022 12:00:00 AM,A,S,3500.0,STORY RD,F,,D,5/25/2022 11:41:02 AM,5/25/2022 11:41:02 AM,False,True,4,,,,,,,
1780143,9340-2022-01780,1,False,9340,5/19/2022 5:55:00 AM,555,088,1368,4313,San Jose,43,True,True,B,SIDE SWIPE,,Thursday,NotApplicable,False,,,False,True,True,SANTA CLARA SUPERIOR COURT HALL OF JUSTICE,C,OTHER MOTOR VEHICLE,,1.0,0.0,CLEAR,, NO UNUSUAL CONDITIONS,, ,A,DAYLIGHT,37.326174,-121.940764,,,,,A,NO PEDESTRIANS INVOLVED,5/19/2022 5:55:00 AM,D,,,,I-880 N/B ,,,5/25/2022 12:00:00 AM,A,N,0.2,STEVENS CREEK BOULEVARD,M,,D,5/25/2022 11:01:17 AM,5/25/2022 11:01:17 AM,False,True,4,,,,,,,
1780107,9340-2022-01770,1,False,9340,5/18/2022 5:30:00 PM,1730,681,1368,4313,San Jose,43,True,True,C,REAR END,,Wednesday,NotApplicable,False,,,False,True,True,SANTA CLARA SUPERIOR COURT HALL OF JUSTICE,C,OTHER MOTOR VEHICLE,,1.0,0.0,CLEAR,, NO UNUSUAL CONDITIONS,, ,A,DAYLIGHT,37.408272,-121.878604,,,,,A,NO PEDESTRIANS INVOLVED,5/18/2022 5:30:00 PM,A,VC 22350,True,1.0,I-680 S/B,,,5/25/2022 12:00:00 AM,A,N,1000.0,CROPLEY AVE,F,,D,5/25/2022 10:37:42 AM,5/25/2022 10:37:42 AM,False,True,4,,,,,,,
1780104,9340-2022-01771,1,False,9340,5/18/2022 4:25:00 PM,1625,120,1368,4313,San Jose,43,True,True,B,SIDE SWIPE,,Wednesday,NotApplicable,False,,,False,True,True,SANTA CLARA SUPERIOR COURT HALL OF JUSTICE,C,OTHER MOTOR VEHICLE,,0.0,0.0,CLEAR,, NO UNUSUAL CONDITIONS,, ,A,DAYLIGHT,37.37137,-121.915836,,,,,A,NO PEDESTRIANS INVOLVED,5/18/2022 4:25:00 PM,A,VC 22350,False,1.0,US-101 S/B,,,5/25/2022 12:00:00 AM,A,S,800.0,FIRST ST,F,,D,5/25/2022 10:33:44 AM,5/25/2022 10:33:44 AM,False,True,4,,,,,,,
1780098,9340-2022-01774,1,False,9340,5/18/2022 5:15:00 PM,1715,120,1368,4313,San Jose,43,True,True,C,REAR END,,Wednesday,NotApplicable,False,,,False,True,True,SANTA CLARA SUPERIOR COURT HALL OF JUSTICE,C,OTHER MOTOR VEHICLE,,0.0,0.0,CLEAR,, NO UNUSUAL CONDITIONS,, ,A,DAYLIGHT,37.374723,-121.932646,,,,,A,NO PEDESTRIANS INVOLVED,5/18/2022 5:15:00 PM,A,VC 22350,False,1.0,US-101 S/B,,,5/25/2022 12:00:00 AM,A,N,1000.0,SR-87,F,,D,5/25/2022 10:29:08 AM,5/25/2022 10:29:08 AM,False,True,4,,,,,,,
1780094,9340-2022-01773,1,False,9340,5/18/2022 4:45:00 PM,1645,083,1368,4313,San Jose,43,True,True,C,REAR END,,Wednesday,NotApplicable,False,,,False,True,False,SANTA CLARA SUPERIOR COURT HALL OF JUSTICE,C,OTHER MOTOR VEHICLE,,1.0,0.0,CLEAR,, NO UNUSUAL CONDITIONS,, ,A,DAYLIGHT,37.255208,-121.954795,,,,,A,NO PEDESTRIANS INVOLVED,5/18/2022 4:45:00 PM,A,VC 22350,False,1.0,SR-85 S/B,,,5/25/2022 12:00:00 AM,A,S,650.0,SR-17,F,,D,5/25/2022 10:26:16 AM,5/25/2022 10:26:16 AM,False,True,4,,,,,,,
1780060,9340-2022-01746,1,False,9340,5/15/2022 11:55:00 PM,2355,281,1368,4313,San Jose,43,True,True,E,HIT OBJECT,,Sunday,Yes,False,,,False,True,True,SANTA CLARA SUPERIOR COURT HALL OF JUSTICE,I,FIXED OBJECT,CONCRETE BARRIER,0.0,0.0,CLEAR,, NO UNUSUAL CONDITIONS,, ,C,DARK-STREET LIGHTS,37.324512,-121.889682,,,,,A,NO PEDESTRIANS INVOLVED,5/15/2022 11:55:00 PM,A,VC 23152(A),True,1.0,I-280 N/B,,,5/25/2022 12:00:00 AM,A,N,430.0,ALMADEN BLVD,F,,D,5/25/2022 10:09:05 AM,5/25/2022 10:09:05 AM,False,True,4,,,,,,,
1780023,9340-2022-01754,1,False,9340,5/17/2022 8:15:00 AM,815,110,1368,4313,San Jose,43,True,True,C,REAR END,,Tuesday,NotApplicable,False,,,False,True,True,SANTA CLARA SUPERIOR COURT HALL OF JUSTICE,C,OTHER MOTOR VEHICLE,,0.0,0.0,CLEAR,, NO UNUSUAL CONDITIONS,, ,A,DAYLIGHT,37.293079,-121.809706,,,,,A,NO PEDESTRIANS INVOLVED,5/17/2022 8:15:00 AM,A,VC 22350,False,1.0,US-101 N/B,,,5/25/2022 12:00:00 AM,A,S,530.0,YERBA BUENA RD,F,,D,5/25/2022 9:51:09 AM,5/25/2022 9:51:09 AM,False,True,4,,,,,,,
1780007,9340-2022-01778,1,False,9340,5/18/2022 8:50:00 AM,850,110,1368,4313,San Jose,43,True,True,C,REAR END,,Wednesday,NotApplicable,False,,,False,True,False,SANTA CLARA SUPERIOR COURT HALL OF JUSTICE,C,OTHER MOTOR VEHICLE,,1.0,0.0,CLEAR,, NO UNUSUAL CONDITIONS,, ,A,DAYLIGHT,37.267022,-121.801922,,,,,A,NO PEDESTRIANS INVOLVED,5/18/2022 8:50:00 AM,A,VC 22350,False,1.0,US 101 N/B,,,5/25/2022 12:00:00 AM,A,N,1000.0,BLOSSOM HILL RD.,F,,D,5/25/2022 9:39:46 AM,5/25/2022 9:39:46 AM,False,True,4,,,,,,,
1779990,9340-2022-01745,1,False,9340,5/16/2022 12:00:00 AM,2500,172,1368,4313,San Jose,43,True,True,E,HIT OBJECT,,Monday,NotApplicable,False,M,,False,True,True,SANTA CLARA SUPERIOR COURT HALL OF JUSTICE,I,FIXED OBJECT,IRON FENCE,0.0,0.0,CLEAR,, NO UNUSUAL CONDITIONS,, ,D,DARK-NO STREET LIGHTS,37.316551,-121.939352,,,,,A,NO PEDESTRIANS INVOLVED,5/16/2022 12:00:00 AM,A,VC 22107,False,1.0,SR 17 NB TO I-280 SB,,,5/25/2022 12:00:00 AM,A,N,126.0,MOORPARK AVE,F,,D,5/25/2022 9:30:11 AM,5/25/2022 9:30:11 AM,False,True,4,,,,,,,
1779928,9340-2022-01779,1,False,9340,5/18/2022 7:30:00 AM,730,110,1368,4313,San Jose,43,True,True,B,SIDE SWIPE,,Wednesday,NotApplicable,False,,,False,True,False,SANTA CLARA SUPERIOR COURT HALL OF JUSTICE,C,OTHER MOTOR VEHICLE,,0.0,0.0,CLEAR,, NO UNUSUAL CONDITIONS,, ,A,DAYLIGHT,37.314741,-121.827691,,,,,A,NO PEDESTRIANS INVOLVED,5/18/2022 7:30:00 AM,A,VC 21658(A),False,1.0,US 101 N/B,,,5/25/2022 12:00:00 AM,A,S,1000.0,TULLY RD.,F,,D,5/25/2022 8:45:39 AM,5/25/2022 8:45:39 AM,False,True,4,,,,,,,
1779898,9340-2022-01749,1,False,9340,5/16/2022 5:00:00 PM,1700,083,1368,4313,San Jose,43,True,True,C,REAR END,,Monday,NotApplicable,False,M,,False,True,False,SANTA CLARA SUPERIOR COURT HALL OF JUSTICE,C,OTHER MOTOR VEHICLE,,0.0,0.0,CLEAR,, NO UNUSUAL CONDITIONS,, ,A,DAYLIGHT,37.252824,-121.942582,,,,,A,NO PEDESTRIANS INVOLVED,5/16/2022 5:00:00 PM,A,VC 22107,False,1.0,SR-85 S/B,,,5/25/2022 12:00:00 AM,A,S,2500.0,BASCOM AVE,F,,D,5/25/2022 8:27:16 AM,5/25/2022 8:27:16 AM,False,True,4,,,,,,,
1779892,9340-2022-01756,1,False,9340,5/17/2022 2:26:00 PM,1426,282,1368,4313,San Jose,43,True,True,E,HIT OBJECT,,Tuesday,NotApplicable,False,,,False,True,True,SANTA CLARA SUPERIOR COURT HALL OF JUSTICE,I,FIXED OBJECT,TREE,1.0,0.0,CLEAR,, NO UNUSUAL CONDITIONS,, ,A,DAYLIGHT,37.317286,-121.973917,,,,,A,NO PEDESTRIANS INVOLVED,5/17/2022 2:26:00 PM,A,VC 22107,False,1.0,I-280 N/B TO SARATOGA AVE N/B,,,5/25/2022 12:00:00 AM,A,S,300.0,SARATOGA AVE,F,,D,5/25/2022 8:23:48 AM,5/25/2022 8:23:48 AM,False,True,4,,,,,,,
1779888,9340-2022-01751,1,False,9340,5/16/2022 4:30:00 PM,1630,087,1368,4313,San Jose,43,True,True,C,REAR END,,Monday,NotApplicable,False,M,,False,True,False,Santa Clara Superior Court Hall of Justice,C,OTHER MOTOR VEHICLE,,0.0,0.0,CLEAR,, NO UNUSUAL CONDITIONS,, ,A,DAYLIGHT,37.311172,-121.884503,,,,,A,NO PEDESTRIANS INVOLVED,5/16/2022 4:30:00 PM,A,VC 22350,False,1.0,SR-87 S/B,,,5/25/2022 12:00:00 AM,A,N,480.0,ALMA AVENUE,F,,D,5/25/2022 8:18:42 AM,5/25/2022 8:18:42 AM,False,True,4,,,,,,,
1779869,9340-2022-01728,1,False,9340,5/15/2022 3:25:00 AM,325,110,1368,4313,San Jose,43,True,True,E,HIT OBJECT,,Sunday,NotApplicable,False,M,,False,True,True,SANTA CLARA SUPERIOR COURT HALL OF JUSTICE,I,FIXED OBJECT,STREET LIGHT POLE,0.0,0.0,CLEAR,, NO UNUSUAL CONDITIONS,, ,E,DARK-STREET LIGHTS NOT FUNCTIONING*,37.305032,-121.818182,,,,,A,NO PEDESTRIANS INVOLVED,5/15/2022 3:25:00 AM,A,VC 22107,False,1.0,US-101 NB,,,5/25/2022 12:00:00 AM,A,N,620.0,CAPITOL EXPY,F,,D,5/25/2022 8:03:09 AM,5/25/2022 8:03:09 AM,False,True,4,,,,,,,
1779857,9340-2022-01719,1,False,9340,5/14/2022 1:20:00 AM,120,120,1368,4313,San Jose,43,True,True,E,HIT OBJECT,,Saturday,Yes,False,,,False,True,True,SANTA CLARA SUPERIOR COURT HALL OF JUSTICE,J,OTHER OBJECT,TEMP. CONSTRUCTION SIGN,1.0,0.0,CLEAR,, NO UNUSUAL CONDITIONS,, ,D,DARK-NO STREET LIGHTS,37.383978,-121.971314,,,,,A,NO PEDESTRIANS INVOLVED,5/14/2022 1:20:00 AM,A,VC 23152(a),True,1.0,US-101 S/B,,,5/25/2022 12:00:00 AM,A,S,1650.0,GREAT AMERICA PKY,F,,D,5/25/2022 7:56:34 AM,5/25/2022 7:56:34 AM,False,True,4,,,,,,,
1779766,9340-2022-01721,1,False,9340,5/14/2022 10:55:00 AM,1055,281,1368,4313,San Jose,43,True,True,E,HIT OBJECT,,Saturday,NotApplicable,False,,,False,True,True,SANTA CLARA SUPERIOR COURT HALL OF JUSTICE,I,FIXED OBJECT,CONCRETE JERSEY WALL,0.0,0.0,CLEAR,, NO UNUSUAL CONDITIONS,, ,A,DAYLIGHT,37.325889,-121.883569,,,,,A,NO PEDESTRIANS INVOLVED,5/14/2022 10:55:00 AM,A,VC 22107,False,1.0,I-280 S/B,,,5/25/2022 12:00:00 AM,A,S,2550.0,7TH ST,F,,D,5/25/2022 5:57:17 AM,5/25/2022 5:57:17 AM,False,True,4,,,,,,,
1779418,9340-2022-01764,1,False,9340,5/17/2022 11:30:00 PM,2330,089,1368,4313,San Jose,43,True,True,E,HIT OBJECT,,Tuesday,Yes,False,,,False,True,True,SANTA CLARA SUPERIOR COURT HALL OF JUSTICE,I,FIXED OBJECT,CONCRETE WALL,1.0,0.0,CLEAR,, NO UNUSUAL CONDITIONS,, ,D,DARK-NO STREET LIGHTS,37.39133,-121.90662,,,,,A,NO PEDESTRIANS INVOLVED,5/17/2022 11:30:00 PM,A,VC 23152(a),True,1.0,I-880 S/B,,,5/24/2022 12:00:00 AM,A,S,660.0,MONTAGUE EXPRESSWAY,F,,D,5/24/2022 2:41:58 PM,5/24/2022 2:41:58 PM,False,True,4,,,,,,,
1779261,9340-2022-01755,1,False,9340,5/17/2022 2:25:00 PM,1425,282,1368,4313,San Jose,43,True,True,B,SIDE SWIPE,,Tuesday,NotApplicable,False,,,False,True,True,SANTA CLARA SUPERIOR COURT HALL OF JUSTICE,C,OTHER MOTOR VEHICLE,,0.0,0.0,CLEAR,, NO UNUSUAL CONDITIONS,, ,A,DAYLIGHT,37.31648,-121.968015,,,,,A,NO PEDESTRIANS INVOLVED,5/17/2022 2:25:00 PM,A,VC 21658(A),False,1.0,I-280 N/B,,,5/24/2022 12:00:00 AM,A,S,1150.0,SARATOGA AVE,F,,D,5/24/2022 12:58:50 PM,5/24/2022 12:58:50 PM,False,True,4,,,,,,,
1779199,9340-2022-01747,1,False,9340,5/16/2022 10:15:00 AM,1015,089,1368,4313,San Jose,43,True,True,B,SIDE SWIPE,,Monday,NotApplicable,False,,,False,True,False,SANTA CLARA SUPERIOR COURT HALL OF JUSTICE,C,OTHER MOTOR VEHICLE,,0.0,0.0,CLEAR,, NO UNUSUAL CONDITIONS,, ,A,DAYLIGHT,37.387015,-121.905716,,,,,A,NO PEDESTRIANS INVOLVED,5/16/2022 10:15:00 AM,D,,,,I-880 S/B,,,5/24/2022 12:00:00 AM,A,N,0.3,BROKAW ROAD,M,,D,5/24/2022 12:22:06 PM,5/24/2022 12:22:06 PM,False,True,4,,,,,,,
1778894,9340-2022-01723,1,False,9340,5/14/2022 12:55:00 PM,1255,089,1368,4313,San Jose,43,True,True,B,SIDE SWIPE,,Saturday,NotApplicable,False,M,,False,True,False,SANTA CLARA SUPERIOR COURT HALL OF JUSTICE,C,OTHER MOTOR VEHICLE,,0.0,0.0,CLEAR,, NO UNUSUAL CONDITIONS,, ,A,DAYLIGHT,37.366928,-121.901162,,,,,A,NO PEDESTRIANS INVOLVED,5/14/2022 12:55:00 PM,A,VC 22350,False,1.0,I-880 S/B,,,5/24/2022 12:00:00 AM,A,N,925.0,US-101,F,,D,5/24/2022 8:53:29 AM,5/24/2022 8:53:29 AM,False,True,4,,,,,,,
1778874,9340-2022-01712,1,False,9340,5/13/2022 3:00:00 PM,1500,089,1368,4313,San Jose,43,True,True,B,SIDE SWIPE,,Friday,NotApplicable,False,M,,False,True,False,SANTA CLARA SUPERIOR COURT HALL OF JUSTICE,C,OTHER MOTOR VEHICLE,,0.0,0.0,CLEAR,, NO UNUSUAL CONDITIONS,, ,A,DAYLIGHT,37.363815,-121.902149,,,,,A,NO PEDESTRIANS INVOLVED,5/13/2022 3:00:00 PM,A,VC 22350,False,1.0,I-880 S/B,,,5/24/2022 12:00:00 AM,A,S,1309.0,OLD BAYSHORE HWY,F,,D,5/24/2022 8:36:32 AM,5/24/2022 8:36:32 AM,False,True,4,,,,,,,
1778870,9340-2022-01718,1,False,9340,5/14/2022 3:05:00 AM,305,110,1368,4313,San Jose,43,True,True,E,HIT OBJECT,,Saturday,Yes,False,,,False,True,True,SANTA CLARA SUPERIOR COURT HALL OF JUSTICE,I,FIXED OBJECT,CONCRETE BARRIER,1.0,0.0,CLEAR,, NO UNUSUAL CONDITIONS,, ,C,DARK-STREET LIGHTS,37.361248,-121.877717,,,,,A,NO PEDESTRIANS INVOLVED,5/14/2022 3:05:00 AM,A,VC 23152(a),True,1.0,US-101 N/B,,,5/24/2022 12:00:00 AM,A,N,55.0,TAYLOR ST,F,,D,5/24/2022 8:36:08 AM,5/24/2022 8:36:08 AM,False,True,4,,,,,,,
1778851,9340-2022-01710,1,False,9340,5/13/2022 2:45:00 PM,1445,120,1368,4313,San Jose,43,True,True,C,REAR END,,Friday,NotApplicable,False,,,False,True,False,SANTA CLARA SUPERIOR COURT HALL OF JUSTICE,C,OTHER MOTOR VEHICLE,,2.0,0.0,CLEAR,, NO UNUSUAL CONDITIONS,, ,A,DAYLIGHT,37.363574,-121.895702,,,,,A,NO PEDESTRIANS INVOLVED,5/13/2022 2:45:00 PM,A,VC 22350,False,1.0,US101 N/B,,,5/24/2022 12:00:00 AM,A,N,1200.0,OAKLAND AVE,F,,D,5/24/2022 8:22:54 AM,5/24/2022 8:22:54 AM,False,True,4,,,,,,,
1778850,9340-2022-01720,1,False,9340,5/14/2022 1:00:00 AM,100,089,1368,4313,San Jose,43,True,True,B,SIDE SWIPE,,Saturday,NotApplicable,False,M,,False,True,True,Santa Clara Superior Court Hall of Justice,C,OTHER MOTOR VEHICLE,,0.0,0.0,CLEAR,, NO UNUSUAL CONDITIONS,, ,D,DARK-NO STREET LIGHTS,37.368731,-121.902214,,,,,A,NO PEDESTRIANS INVOLVED,5/14/2022 1:00:00 AM,A,VC 21658(A),False,1.0,I-880 N/B,,,5/24/2022 12:00:00 AM,A,N,500.0,OLD BAYSHORE HWY,F,,D,5/24/2022 8:22:15 AM,5/24/2022 8:22:15 AM,False,True,4,,,,,,,
1778813,9340-2022-01678,1,False,9340,5/11/2022 1:30:00 AM,130,087,1368,4313,San Jose,43,True,True,E,HIT OBJECT,,Wednesday,Yes,False,M,,False,True,True,SANTA CLARA SUPERIOR COURT HALL OF JUSTICE,I,FIXED OBJECT,GUARD RAIL,1.0,0.0,CLEAR,, NO UNUSUAL CONDITIONS,, ,D,DARK-NO STREET LIGHTS,37.276204,-121.863929,,,,,A,NO PEDESTRIANS INVOLVED,5/11/2022 1:30:00 AM,A,VC 23152(F),False,1.0,SR-87 S/B TO CAPITOL EXPY,,,5/24/2022 12:00:00 AM,A,N,523.0,CAPITOL EXPY,F,,A,5/24/2022 7:55:39 AM,5/24/2022 7:55:39 AM,False,True,4,,,,,,,
1778735,9340-2022-01705,1,False,9340,5/13/2022 9:10:00 AM,910,088,1368,4313,San Jose,43,True,True,B,SIDE SWIPE,,Friday,Yes,False,,,False,True,True,SANTA CLARA SUPERIOR COURT HALL OF JUSTICE,A,NON-COLLISION,,0.0,0.0,CLEAR,, NO UNUSUAL CONDITIONS,, ,A,DAYLIGHT,37.328246,-121.940872,,,,,A,NO PEDESTRIANS INVOLVED,5/13/2022 9:10:00 AM,A,VC 22107,False,1.0,I-880 S/B,,,5/24/2022 12:00:00 AM,A,N,400.0,FOREST AVE.,F,,D,5/24/2022 5:30:15 AM,5/24/2022 5:30:15 AM,False,True,4,,,,,,,
1778508,9340-2022-01766,1,False,9340,5/17/2022 5:49:00 PM,1749,088,1368,4313,San Jose,43,True,True,B,SIDE SWIPE,,Tuesday,NotApplicable,False,F,,False,True,True,SANTA CLARA SUPERIOR COURT HALL OF JUSTICE,C,OTHER MOTOR VEHICLE,,1.0,0.0,CLEAR,, NO UNUSUAL CONDITIONS,, ,A,DAYLIGHT,37.362096,-121.90308,,,,,A,NO PEDESTRIANS INVOLVED,5/17/2022 5:49:00 PM,A,VC 21658(A),False,,I-880 S/B,,,5/23/2022 12:00:00 AM,A,N,510.0,FOURH ST.,F,,D,5/23/2022 8:57:33 PM,5/23/2022 8:57:33 PM,False,True,4,,,,,,,
1778295,9340-2022-01684,1,False,9340,5/11/2022 9:45:00 AM,945,281,1368,4313,San Jose,43,True,True,C,REAR END,,Wednesday,NotApplicable,False,,,False,True,True,SANTA CLARA SUPERIOR COURT HALL OF JUSTICE,C,OTHER MOTOR VEHICLE,,1.0,0.0,CLEAR,, NO UNUSUAL CONDITIONS,, ,A,DAYLIGHT,37.317383,-121.940035,,,,,A,NO PEDESTRIANS INVOLVED,5/11/2022 9:45:00 AM,D,,,,I-280 N/B,,,5/23/2022 12:00:00 AM,A,S,10.0,I-880 N/B,F,,A,5/23/2022 2:38:20 PM,5/23/2022 2:38:20 PM,False,True,4,,,,,,,
1778231,9340-2022-01704,1,False,9340,5/12/2022 11:50:00 PM,2350,083,1368,4313,San Jose,43,True,True,E,HIT OBJECT,,Thursday,Yes,False,,,False,True,True,SANTA CLARA SUPERIOR COURT HALL OF JUSTICE,I,FIXED OBJECT,DIRT EMBANKMENT,1.0,0.0,CLOUDY,, NO UNUSUAL CONDITIONS,, ,D,DARK-NO STREET LIGHTS,37.251031,-121.893324,,,,,A,NO PEDESTRIANS INVOLVED,5/12/2022 11:50:00 PM,A,VC 22107,False,1.0,SR-85 N/B,,,5/23/2022 12:00:00 AM,A,S,600.0,MERIDIAN AVE,F,,D,5/23/2022 1:47:03 PM,5/23/2022 1:47:03 PM,False,True,4,,,,,,,
1778179,9340-2022-01731,1,False,9340,5/15/2022 5:15:00 AM,515,110,1368,4313,San Jose,43,True,True,C,REAR END,,Sunday,Yes,False,F,,False,True,True,SANTA CLARA SUPERIOR COURT HALL OF JUSTICE,C,OTHER MOTOR VEHICLE,,2.0,0.0,CLEAR,, NO UNUSUAL CONDITIONS,, ,B,DUSK-DAWN,37.310042,-121.823683,,,,,A,NO PEDESTRIANS INVOLVED,5/15/2022 5:15:00 AM,A,VC 22350,False,1.0,US-101 S/B,,,5/23/2022 12:00:00 AM,A,N,3173.0,CAPITOL EXPRESSWAY,F,,D,5/23/2022 1:22:27 PM,5/23/2022 1:22:27 PM,False,True,4,True,,,,,,
1778120,9340-2022-01722,1,False,9340,5/14/2022 12:15:00 PM,1215,087,1368,4313,San Jose,43,True,True,C,REAR END,,Saturday,NotApplicable,False,,,False,True,False,SANTA CLARA SUPERIOR COURT HALL OF JUSTICE,C,OTHER MOTOR VEHICLE,,0.0,0.0,CLEAR,, NO UNUSUAL CONDITIONS,, ,A,DAYLIGHT,37.308268,-121.881733,,,,,A,NO PEDESTRIANS INVOLVED,5/14/2022 12:15:00 PM,A,VC 22350,False,1.0,SR-87 N/B,,,5/23/2022 12:00:00 AM,A,N,2710.0,ALMADEN EXPY,F,,A,5/23/2022 12:42:12 PM,5/23/2022 12:42:12 PM,False,True,4,,,,,,,
1778101,9340-2022-01725,1,False,9340,5/14/2022 5:00:00 AM,500,110,1368,4313,San Jose,43,True,True,H,OTHER,DEER,Saturday,NotApplicable,False,,,False,True,False,SANTA CLARA SUPERIOR COURT HALL OF JUSTICE,H,ANIMAL,DEER,0.0,0.0,CLEAR,, NO UNUSUAL CONDITIONS,, ,C,DARK-STREET LIGHTS,37.286139,-121.809332,,,,,A,NO PEDESTRIANS INVOLVED,5/14/2022 5:00:00 AM,C,,,,US-101 N/B,,,5/23/2022 12:00:00 AM,A,N,1915.0,HELLYER AVE,F,,D,5/23/2022 12:32:05 PM,5/23/2022 12:32:05 PM,False,True,4,,,,,,,
1799603,9340-2022-02090,1,False,9340,6/13/2022 3:30:00 PM,1530,120,1368,4313,San Jose,43,True,True,C,REAR END,,Monday,NotApplicable,False,,,False,True,False,Santa Clara Superior Court Hall of Justice,C,OTHER MOTOR VEHICLE,,1.0,0.0,CLEAR,, NO UNUSUAL CONDITIONS,, ,A,DAYLIGHT,37.382962,-121.9653,,,,,A,NO PEDESTRIANS INVOLVED,6/13/2022 3:30:00 PM,A,VC 22350,False,1.0,US101 S/B,,,6/21/2022 12:00:00 AM,A,N,1048.0,SAN TOMAS EXPY,F,,D,6/21/2022 7:26:45 AM,6/21/2022 7:26:45 AM,False,True,4,,,,,,,
1799597,9340-2022-02089,1,False,9340,6/13/2022 8:41:00 AM,841,085,1368,4313,San Jose,43,True,True,C,REAR END,,Monday,NotApplicable,False,,,False,True,False,SANTA CLARA SUPERIOR COURT HALL OF JUSTICE,C,OTHER MOTOR VEHICLE,,0.0,0.0,CLEAR,, NO UNUSUAL CONDITIONS,, ,A,DAYLIGHT,37.297128,-122.02826,,,,,A,NO PEDESTRIANS INVOLVED,6/13/2022 8:41:00 AM,A,VC 22350,False,1.0,SR-85 N/B,,,6/21/2022 12:00:00 AM,A,S,1400.0,DE ANZA BLVD,F,,A,6/21/2022 7:16:43 AM,6/21/2022 7:16:43 AM,False,True,4,,,,,,,
1799594,9340-2022-02087,1,False,9340,6/13/2022 8:13:00 AM,813,085,1368,4313,San Jose,43,True,True,B,SIDE SWIPE,,Monday,NotApplicable,False,,,False,True,False,SANTA CLARA SUPERIOR COURT HALL OF JUSTICE,C,OTHER MOTOR VEHICLE,,0.0,0.0,CLEAR,, NO UNUSUAL CONDITIONS,, ,A,DAYLIGHT,37.295643,-122.027021,,,,,A,NO PEDESTRIANS INVOLVED,6/13/2022 8:13:00 AM,A,VC 21658(A),False,,SR-85 N/B,,,6/21/2022 12:00:00 AM,A,S,1800.0,DE ANZA BLVD,F,,D,6/21/2022 7:13:27 AM,6/21/2022 7:13:27 AM,False,True,4,,,,,,,
1799581,9340-2022-02084,1,False,9340,6/12/2022 10:20:00 PM,2220,087,1368,4313,San Jose,43,True,True,B,SIDE SWIPE,,Sunday,NotApplicable,False,M,,False,True,False,SANTA CLARA SUPERIOR COURT HALL OF JUSTICE,C,OTHER MOTOR VEHICLE,,0.0,0.0,CLEAR,, NO UNUSUAL CONDITIONS,, ,D,DARK-NO STREET LIGHTS,37.332246,-121.896885,,,,,A,NO PEDESTRIANS INVOLVED,6/12/2022 10:20:00 PM,A,VC 22107,False,1.0,SR-87 S/B,,,6/21/2022 12:00:00 AM,A,N,1170.0,PARK AVENUE,F,,D,6/21/2022 6:56:37 AM,6/21/2022 6:56:37 AM,False,True,4,,,,,,,
1799035,9340-2022-02104,1,False,9340,6/14/2022 8:45:00 AM,845,087,1368,4313,San Jose,43,True,True,C,REAR END,,Tuesday,NotApplicable,False,,,False,True,True,SANTA CLARA SUPERIOR COURT HALL OF JUSTICE,C,OTHER MOTOR VEHICLE,,0.0,0.0,CLEAR,, NO UNUSUAL CONDITIONS,, ,A,DAYLIGHT,37.290723,-121.871245,,,,,A,NO PEDESTRIANS INVOLVED,6/14/2022 8:45:00 AM,A,VC 22350,False,1.0,SR-87 N/B,,,6/20/2022 12:00:00 AM,A,S,1439.0,CURTNER AVE.,F,,D,6/20/2022 1:17:04 PM,6/20/2022 1:17:04 PM,False,True,4,,,,,,,