Collision Id,	Report Number,	Report Version,	Is Preliminary,	NCIC Code,Crash Date Time,	Crash Time Description,	Beat,City Id,	City Code,	City Name,County Code,	City Is Active,	City Is Incorporated,	Collision Type Code,Collision Type Description,	Collision Type Other Desc,	Day Of Week,	DispatchNotified,	HasPhotographs,	HitRun,	IsAttachmentsMailed,	IsDeleted,	IsHighwayRelated,	IsTowAway,	JudicialDistrict,	MotorVehicleInvolvedWithCode,	MotorVehicleInvolvedWithDesc,MotorVehicleInvolvedWithOtherDesc,	NumberInjured,	NumberKilled,Weather 1, Weather 2, Road Condition 1, Road Condition 2, Special Condition,LightingCode, LightingDescription,Latitude,Longitude,MilepostDirection,MilepostDistance,MilepostMarker,MilepostUnitOfMeasure,	PedestrianActionCode,PedestrianActionDesc,PreparedDate,	Primary Collision Factor Code,Primary Collision Factor Violation,PrimaryCollisionFactorIsCited,	PrimaryCollisionPartyNumber,	PrimaryRoad,	ReportingDistrict,	ReportingDistrictCode,ReviewedDate,	RoadwaySurfaceCode,SecondaryDirection,	SecondaryDistance,	SecondaryRoad,	SecondaryUnitOfMeasure,	SketchDesc,	TrafficControlDeviceCode,CreatedDate,	ModifiedDate,IsCountyRoad,IsFreeway,CHP555Version,	IsAdditonalObjectStruck,NotificationDate,	NotificationTimeDescription,	HasDigitalMediaFiles,	EvidenceNumber,	IsLocationReferToNarrative,	IsAOIOneSameAsLocation
1839347,9340-2022-02808,1,False,9340,8/3/2022 1:22:00 PM,1322,083,1368,4313,San Jose,43,True,True,C,REAR END,,Wednesday,Yes,False,,,False,True,False,SANTA CLARA SUPERIOR COURT HALL OF JUSTICE,C,OTHER MOTOR VEHICLE,,1.0,0.0,CLEAR,, NO UNUSUAL CONDITIONS,, ,A,DAYLIGHT,37.255637,-121.868963,,,,,A,NO PEDESTRIANS INVOLVED,8/3/2022 1:22:00 PM,A,VC 22350,False,1.0,SR-85 S/B,,,8/12/2022 12:00:00 AM,A,N,0.6,SANTA TERESA BLVD,M,,D,8/12/2022 4:44:52 PM,8/12/2022 4:44:52 PM,False,True,4,,,,,,,
1839103,9340-2022-02870,1,False,9340,8/6/2022 6:40:00 PM,1840,089,1368,4313,San Jose,43,True,True,B,SIDE SWIPE,,Saturday,NotApplicable,False,,,False,True,False,SANTA CLARA SUPERIOR COURT HALL OF JUSTICE,C,OTHER MOTOR VEHICLE,,0.0,0.0,CLEAR,, NO UNUSUAL CONDITIONS,, ,A,DAYLIGHT,37.366387,-121.901005,,,,,A,NO PEDESTRIANS INVOLVED,8/6/2022 6:40:00 PM,A,VC 22350,False,1.0,I-880 N/B,,,8/12/2022 12:00:00 AM,A,N,745.0,US-101,F,,D,8/12/2022 12:21:03 PM,8/12/2022 12:21:03 PM,False,True,4,,,,,,,
1839055,9340-2022-02847,1,False,9340,8/5/2022 7:45:00 PM,1945,230,1368,4313,San Jose,43,True,True,C,REAR END,,Friday,Yes,False,,,False,True,True,SANTA CLARA SUPERIOR COURT HALL OF JUSTICE,C,OTHER MOTOR VEHICLE,,2.0,0.0,CLEAR,, NO UNUSUAL CONDITIONS,, ,A,DAYLIGHT,37.418869,-121.965105,,,,,A,NO PEDESTRIANS INVOLVED,8/5/2022 7:45:00 PM,A,VC 22350,False,1.0,SR-237 E/B,,,8/12/2022 12:00:00 AM,A,W,1645.0,N. FIRST STREET,F,,D,8/12/2022 11:24:07 AM,8/12/2022 11:24:07 AM,False,True,4,,,,,,,
1839044,9340-2022-02866,1,False,9340,8/5/2022 4:00:00 PM,1600,120,1368,4313,San Jose,43,True,True,C,REAR END,,Friday,NotApplicable,False,M,,False,True,True,SANTA CLARA SUPERIOR COURT HALL OF JUSTICE,C,OTHER MOTOR VEHICLE,,0.0,0.0,CLEAR,, NO UNUSUAL CONDITIONS,, ,A,DAYLIGHT,37.365592,-121.905089,,,,,A,NO PEDESTRIANS INVOLVED,8/5/2022 4:00:00 PM,A,VC 22350,False,1.0,US101 S/B,,,8/12/2022 12:00:00 AM,A,N,1000.0,I-880,F,,D,8/12/2022 11:16:36 AM,8/12/2022 11:16:36 AM,False,True,4,,,,,,,
1838978,9340-2022-02873,1,False,9340,8/6/2022 10:25:00 AM,1025,089,1368,4313,San Jose,43,True,True,B,SIDE SWIPE,,Saturday,NotApplicable,False,,,False,True,False,SANTA CLARA SUPERIOR COURT HALL OF JUSTICE,C,OTHER MOTOR VEHICLE,,0.0,0.0,CLEAR,, NO UNUSUAL CONDITIONS,, ,A,DAYLIGHT,37.345188,-121.923396,,,,,A,NO PEDESTRIANS INVOLVED,8/6/2022 10:25:00 AM,A,VC 21658(A),False,1.0,I-880 S/B,,,8/12/2022 12:00:00 AM,A,N,500.0,THE ALAMEDA,F,,D,8/12/2022 10:17:40 AM,8/12/2022 10:17:40 AM,False,True,4,,,,,,,
1838934,9340-2022-02843,1,False,9340,8/5/2022 5:25:00 PM,1725,282,1368,4313,San Jose,43,True,True,C,REAR END,,Friday,NotApplicable,False,,,False,True,False,SANTA CLARA SUPERIOR COURT HALL OF JUSTICE,C,OTHER MOTOR VEHICLE,,0.0,0.0,CLEAR,, NO UNUSUAL CONDITIONS,, ,A,DAYLIGHT,37.3168,-121.97419,,,,,A,NO PEDESTRIANS INVOLVED,8/5/2022 5:25:00 PM,A,VC 22350,False,1.0,I-280 S/B,,,8/12/2022 12:00:00 AM,A,S,220.0,SARATOGA AVE,F,,D,8/12/2022 9:43:16 AM,8/12/2022 9:43:16 AM,False,True,4,,,,,,,
1838930,9340-2022-02867,1,False,9340,8/5/2022 6:45:00 PM,1845,240,1368,4313,San Jose,43,True,True,C,REAR END,,Friday,NotApplicable,False,,,False,True,True,SANTA CLARA SUPERIOR COURT HALL OF JUSTICE,C,OTHER MOTOR VEHICLE,,0.0,0.0,CLEAR,, NO UNUSUAL CONDITIONS,, ,A,DAYLIGHT,37.419199,-121.958566,,,,,A,NO PEDESTRIANS INVOLVED,8/5/2022 6:45:00 PM,A,VC 22350,False,1.0,SR-237 E/B,,,8/12/2022 12:00:00 AM,A,E,150.0,1ST ST,F,,D,8/12/2022 9:41:12 AM,8/12/2022 9:41:12 AM,False,True,4,,,,,,,
1838876,9340-2022-02832,1,False,9340,8/2/2022 11:20:00 PM,2320,120,1368,4313,San Jose,43,True,True,C,REAR END,,Tuesday,Yes,False,M,,False,True,False,SANTA CLARA SUPERIOR COURT HALL OF JUSTICE,C,OTHER MOTOR VEHICLE,,0.0,0.0,CLEAR,, NO UNUSUAL CONDITIONS,, ,C,DARK-STREET LIGHTS,37.36318,-121.89493,,,,,A,NO PEDESTRIANS INVOLVED,8/2/2022 11:20:00 PM,A,VC 22350,False,1.0,US-101 S/B,,,8/12/2022 12:00:00 AM,A,N,1000.0,OAKLAND RD,F,,D,8/12/2022 8:46:03 AM,8/12/2022 8:46:03 AM,False,True,4,,,,,,,
1838384,9340-2022-02811,1,False,9340,8/3/2022 4:20:00 PM,1620,088,1368,4313,San Jose,43,True,True,C,REAR END,,Wednesday,NotApplicable,False,,,False,True,True,Santa Clara Superior Court Hall of Justice,C,OTHER MOTOR VEHICLE,,1.0,0.0,CLEAR,, NO UNUSUAL CONDITIONS,, ,A,DAYLIGHT,37.340616,-121.928491,,,,,A,NO PEDESTRIANS INVOLVED,8/3/2022 4:20:00 PM,A,VC 22350,True,1.0,I-880 N/B,,,8/11/2022 12:00:00 AM,A,S,1000.0,THE ALAMEDA,F,,D,8/11/2022 2:40:00 PM,8/11/2022 2:40:00 PM,False,True,4,,,,,,,
1838367,9340-2022-02828,1,False,9340,8/4/2022 2:05:00 PM,1405,089,1368,4313,San Jose,43,True,True,C,REAR END,,Thursday,NotApplicable,False,,,False,True,False,SANTA CLARA SUPERIOR COURT HALL OF JUSTICE,C,OTHER MOTOR VEHICLE,,1.0,0.0,CLEAR,, NO UNUSUAL CONDITIONS,, ,A,DAYLIGHT,37.366514,-121.901003,,,,,A,NO PEDESTRIANS INVOLVED,8/4/2022 2:05:00 PM,A,VC 22350,False,1.0,I-880 N/B ,,,8/11/2022 12:00:00 AM,A,S,225.0,OLD BAYSHORE HWY,F,,D,8/11/2022 2:23:09 PM,8/11/2022 2:23:09 PM,False,True,4,,,,,,,
1838361,9340-2022-02831,1,False,9340,8/3/2022 9:00:00 PM,2100,088,1368,4313,San Jose,43,True,True,C,REAR END,,Wednesday,NotApplicable,False,M,,False,True,False,SANTA CLARA SUPERIOR COURT HALL OF JUSTICE,C,OTHER MOTOR VEHICLE,,0.0,0.0,CLEAR,, NO UNUSUAL CONDITIONS,, ,D,DARK-NO STREET LIGHTS,37.326138,-121.940911,,,,,A,NO PEDESTRIANS INVOLVED,8/3/2022 9:00:00 PM,A,VC 22107,False,1.0,I-880 S/B,,,8/11/2022 12:00:00 AM,A,N,1000.0,STEVENS CREEK BLVD,F,,D,8/11/2022 2:17:06 PM,8/11/2022 2:17:06 PM,False,True,4,,,,,,,
1838328,9340-2022-02883,1,False,9340,8/7/2022 4:50:00 PM,1650,120,1368,4313,San Jose,43,True,True,C,REAR END,,Sunday,NotApplicable,False,,,False,True,False,SANTA CLARA SUPERIOR COURT HALL OF JUSTICE,C,OTHER MOTOR VEHICLE,,0.0,0.0,CLEAR,, NO UNUSUAL CONDITIONS,, ,A,DAYLIGHT,37.363659,-121.897523,,,,,A,NO PEDESTRIANS INVOLVED,8/7/2022 4:50:00 PM,A,VC 22350,False,1.0,US-101 N/B,,,8/11/2022 12:00:00 AM,A,S,180.0,10TH STREET,F,,D,8/11/2022 1:44:15 PM,8/11/2022 1:44:15 PM,False,True,4,,,,,,,
1838322,9340-2022-02891,1,False,9340,8/8/2022 7:50:00 AM,750,120,1368,4313,San Jose,43,True,True,C,REAR END,,Monday,NotApplicable,False,,,False,True,False,SANTA CLARA SUPERIOR COURT HALL OF JUSTICE,C,OTHER MOTOR VEHICLE,,0.0,0.0,CLEAR,, NO UNUSUAL CONDITIONS,, ,A,DAYLIGHT,37.375108,-121.932855,,,,,A,NO PEDESTRIANS INVOLVED,8/8/2022 7:50:00 AM,A,VC 22350,False,1.0,US-101 N/B,,,8/11/2022 12:00:00 AM,A,N,1500.0,SR-87,F,,D,8/11/2022 1:39:09 PM,8/11/2022 1:39:09 PM,False,True,4,,,,,,,
1838306,9340-2022-02898,1,False,9340,8/9/2022 9:55:00 AM,955,282,1368,4313,San Jose,43,True,True,C,REAR END,,Tuesday,NotApplicable,False,,,False,True,False,SANTA CLARA SUPERIOR COURT HALL OF JUSTICE,C,OTHER MOTOR VEHICLE,,0.0,0.0,CLEAR,, NO UNUSUAL CONDITIONS,, ,A,DAYLIGHT,37.317394,-121.975093,,,,,A,NO PEDESTRIANS INVOLVED,8/9/2022 9:55:00 AM,A,VC 22350,False,1.0,I-280 N/B,,,8/11/2022 12:00:00 AM,A,N,31.0,SARATOGA AVE.,F,,D,8/11/2022 1:30:33 PM,8/11/2022 1:30:33 PM,False,True,4,,,,,,,
1838296,9340-2022-02768,1,False,9340,7/31/2022 3:15:00 AM,315,089,1368,4313,San Jose,43,True,True,B,SIDE SWIPE,,Sunday,Yes,False,,,False,True,False,SANTA CLARA SUPERIOR COURT HALL OF JUSTICE,C,OTHER MOTOR VEHICLE,,1.0,0.0,CLEAR,, NO UNUSUAL CONDITIONS,, ,C,DARK-STREET LIGHTS,37.34202,-121.92676,,,,,A,NO PEDESTRIANS INVOLVED,7/31/2022 3:15:00 AM,A,VC 23152(a),True,1.0,I-880 S/B,,,8/11/2022 12:00:00 AM,A,S,230.0,THE ALAMEDA,F,,D,8/11/2022 1:24:54 PM,8/11/2022 1:24:54 PM,False,True,4,,,,,,,
1838122,9340-2022-02814,1,False,9340,8/3/2022 6:45:00 PM,1845,282,1368,4313,San Jose,43,True,True,C,REAR END,,Wednesday,NotApplicable,False,,,False,True,True,SANTA CLARA SUPERIOR COURT HALL OF JUSTICE,C,OTHER MOTOR VEHICLE,,0.0,0.0,CLEAR,, NO UNUSUAL CONDITIONS,, ,A,DAYLIGHT,37.31798,-121.9799,,,,,A,NO PEDESTRIANS INVOLVED,8/3/2022 6:45:00 PM,A,VC 22350,False,1.0,I-280 S/B,,,8/11/2022 12:00:00 AM,A,N,1380.0,SARATOGA AVE,F,,D,8/11/2022 10:27:22 AM,8/11/2022 10:27:22 AM,False,True,4,,,,,,,
1838118,9340-2022-02812,1,False,9340,8/3/2022 2:45:00 PM,1445,088,1368,4313,San Jose,43,True,True,B,SIDE SWIPE,,Wednesday,NotApplicable,False,,,False,True,False,Santa Clara Superior Court Hall of Justice,C,OTHER MOTOR VEHICLE,,0.0,0.0,CLEAR,, NO UNUSUAL CONDITIONS,, ,A,DAYLIGHT,37.34103,-121.92787,,,,,A,NO PEDESTRIANS INVOLVED,8/3/2022 2:45:00 PM,A,VC 21658(A),False,1.0,I-880 N/B,,,8/11/2022 12:00:00 AM,A,S,780.0,THE ALAMEDA,F,,D,8/11/2022 10:22:09 AM,8/11/2022 10:22:09 AM,False,True,4,,,,,,,
1838110,9340-2022-02836,1,False,9725,8/4/2022 10:50:00 AM,1050,904,1368,4313,San Jose,43,True,True,B,SIDE SWIPE,,Thursday,NotApplicable,False,,,False,True,False,SANTA CLARA SUPERIOR COURT HALL OF JUSTICE,C,OTHER MOTOR VEHICLE,,0.0,0.0,CLEAR,, NO UNUSUAL CONDITIONS,, Courtesy Report,A,DAYLIGHT,37.25696,-121.795581,,,,,A,NO PEDESTRIANS INVOLVED,8/4/2022 10:50:00 AM,A,VC 21658(a),False,,US-101 N/B,,,8/11/2022 12:00:00 AM,A,S,100.0,BLOSSOM HILL RD.,F,,D,8/11/2022 10:13:52 AM,8/11/2022 10:13:52 AM,False,True,4,,,,,,,
1837968,9340-2022-02840,1,False,9340,8/5/2022 2:45:00 PM,1445,172,1368,4313,San Jose,43,True,True,E,HIT OBJECT,,Friday,Yes,False,,,False,True,False,SANTA CLARA SUPERIOR COURT HALL OF JUSTICE,I,FIXED OBJECT,WOODEN TRAFFIC POST,0.0,0.0,CLEAR,, NO UNUSUAL CONDITIONS,, ,A,DAYLIGHT,37.293428,-121.937689,,,,,A,NO PEDESTRIANS INVOLVED,8/5/2022 2:45:00 PM,A,VC 22107,False,1.0,SR-17 N/B FROM HAMILTON AVE,,,8/11/2022 12:00:00 AM,A,S,295.0,HAMILTON AVE,F,,D,8/11/2022 8:19:28 AM,8/11/2022 8:19:28 AM,False,True,4,,,,,,,
1837958,9340-2022-02833,1,False,9340,8/5/2022 5:50:00 AM,550,282,1368,4313,San Jose,43,True,True,B,SIDE SWIPE,,Friday,NotApplicable,False,M,,False,True,False,SANTA CLARA SUPERIOR COURT HALL OF JUSTICE,C,OTHER MOTOR VEHICLE,,0.0,0.0,CLEAR,, NO UNUSUAL CONDITIONS,, ,A,DAYLIGHT,37.316928,-121.946931,,,,,A,NO PEDESTRIANS INVOLVED,8/5/2022 5:50:00 AM,A,VC 22107,False,1.0,I-280 N/B,,,8/11/2022 12:00:00 AM,A,S,875.0,WINCHESTER BLVD,F,,D,8/11/2022 8:11:31 AM,8/11/2022 8:11:31 AM,False,True,4,,,,,,,
1837946,9340-2022-02765,1,False,9340,7/31/2022 2:45:00 PM,1445,110,1368,4313,San Jose,43,True,True,B,SIDE SWIPE,,Sunday,NotApplicable,False,,,False,True,False,SANTA CLARA SUPERIOR COURT HALL OF JUSTICE,C,OTHER MOTOR VEHICLE,,0.0,0.0,CLEAR,, NO UNUSUAL CONDITIONS,, ,A,DAYLIGHT,37.317824,-121.832851,,,,,A,NO PEDESTRIANS INVOLVED,7/31/2022 2:45:00 PM,A,VC 22107,False,1.0,US-101 S/B ,,,8/11/2022 12:00:00 AM,A,N,10.0,TULLY ROAD,F,,A,8/11/2022 8:03:20 AM,8/11/2022 8:03:20 AM,False,True,4,,,,,,,
1837557,9340-2022-02830,1,False,9340,8/4/2022 7:10:00 PM,1910,281,1368,4313,San Jose,43,True,True,C,REAR END,,Thursday,NotApplicable,False,,,False,True,False,SANTA CLARA SUPERIOR COURT HALL OF JUSTICE,C,OTHER MOTOR VEHICLE,,0.0,0.0,CLEAR,, NO UNUSUAL CONDITIONS,, ,A,DAYLIGHT,37.318474,-121.902374,,,,,A,NO PEDESTRIANS INVOLVED,8/4/2022 7:10:00 PM,A,VC 22350,False,1.0,I-280 S/B,,,8/10/2022 12:00:00 AM,A,N,1750.0,BIRD AVE,F,,D,8/10/2022 3:50:03 PM,8/10/2022 3:50:03 PM,False,True,4,,,,,,,
1837539,9340-2022-02845,1,False,9340,8/5/2022 6:50:00 PM,1850,240,1368,4313,San Jose,43,True,True,C,REAR END,,Friday,NotApplicable,False,,,False,True,True,Santa Clara Superior Court Hall of Justice,C,OTHER MOTOR VEHICLE,,0.0,0.0,CLEAR,, NO UNUSUAL CONDITIONS,, ,A,DAYLIGHT,37.41978,-121.942623,,,,,A,NO PEDESTRIANS INVOLVED,8/5/2022 6:50:00 PM,A,VC 22350,False,1.0,SR-237,,,8/10/2022 12:00:00 AM,A,E,780.0,ZANKER RD,F,,D,8/10/2022 3:32:25 PM,8/10/2022 3:32:25 PM,False,True,4,,,,,,,
1837474,9340-2022-02841,1,False,9340,8/5/2022 4:25:00 PM,1625,087,1368,4313,San Jose,43,True,True,C,REAR END,,Friday,NotApplicable,False,,,False,True,False,SANTA CLARA SUPERIOR COURT HALL OF JUSTICE,C,OTHER MOTOR VEHICLE,,1.0,0.0,CLEAR,, NO UNUSUAL CONDITIONS,, ,A,DAYLIGHT,37.311478,-121.884207,,,,,A,NO PEDESTRIANS INVOLVED,8/5/2022 4:25:00 PM,A,VC 22350,False,1.0,SR-87 N/B,,,8/10/2022 12:00:00 AM,A,N,530.0,ALMA AVE,F,,D,8/10/2022 2:25:57 PM,8/10/2022 2:25:57 PM,False,True,4,,,,,,,
1837255,9340-2022-02804,1,False,9340,8/3/2022 1:45:00 AM,145,281,1368,4313,San Jose,43,True,True,F,OVERTURNED,,Wednesday,NotApplicable,False,,,False,True,True,SANTA CLARA SUPERIOR COURT HALL OF JUSTICE,I,FIXED OBJECT,ASPHALT ROADWAY,0.0,0.0,CLEAR,, NO UNUSUAL CONDITIONS,, ,C,DARK-STREET LIGHTS,37.322395,-121.939968,,,,,A,NO PEDESTRIANS INVOLVED,8/3/2022 1:45:00 AM,A,VC 22350,False,1.0,I-280 N/B TO STEVENS CREEK BLVD,,,8/10/2022 12:00:00 AM,A,S,245.0,STEVENS CREEK BLVD,F,,A,8/10/2022 11:09:12 AM,8/10/2022 11:09:12 AM,False,True,4,,,,,,,
1837251,9340-2022-02826,1,False,9340,8/4/2022 3:04:00 PM,1504,120,1368,4313,San Jose,43,True,True,E,HIT OBJECT,,Thursday,NotApplicable,False,,,False,True,True,SANTA CLARA SUPERIOR COURT HALL OF JUSTICE,J,OTHER OBJECT,UNKNOWN OBJECT,0.0,0.0,CLEAR,, NO UNUSUAL CONDITIONS,, ,A,DAYLIGHT,37.366778,-121.906541,,,,,A,NO PEDESTRIANS INVOLVED,8/4/2022 3:04:00 PM,C,,,,US101 S/B,,,8/10/2022 12:00:00 AM,A,N,1600.0,I-880,F,,D,8/10/2022 11:04:50 AM,8/10/2022 11:04:50 AM,False,True,4,,,,,,,
1837141,9340-2022-02790,1,False,9340,8/2/2022 10:45:00 AM,1045,120,1368,4313,San Jose,43,True,True,F,OVERTURNED,,Tuesday,NotApplicable,False,,,False,True,False,SANTA CLARA SUPERIOR COURT HALL OF JUSTICE,I,FIXED OBJECT,BUSHES,1.0,0.0,CLEAR,, NO UNUSUAL CONDITIONS,, ,A,DAYLIGHT,37.366787,-121.906023,,,,,A,NO PEDESTRIANS INVOLVED,8/2/2022 10:45:00 AM,A,VC 22107,False,1.0,US101 N/B,,,8/10/2022 12:00:00 AM,A,N,1400.0,I-880,F,,D,8/10/2022 9:26:03 AM,8/10/2022 9:26:03 AM,False,True,4,,,,,,,
1837137,9340-2022-02749,1,False,9340,7/30/2022 1:15:00 AM,115,088,1368,4313,San Jose,43,True,True,E,HIT OBJECT,,Saturday,NotApplicable,False,,,False,True,False,Santa Clara Superior Court Hall of Justice,I,FIXED OBJECT,GUARDRAIL,0.0,0.0,CLEAR,, NO UNUSUAL CONDITIONS,, ,C,DARK-STREET LIGHTS,37.3634,-121.90286,,,,,A,NO PEDESTRIANS INVOLVED,7/30/2022 1:15:00 AM,A,VC 23152(A),True,1.0,I-880 S/B TO US-101 S/B,,,8/10/2022 12:00:00 AM,A,N,3865.0,N. FIRST STREET,F,,D,8/10/2022 9:23:35 AM,8/10/2022 9:23:35 AM,False,True,4,,,,,,,
1837124,9340-2022-02838,1,False,9340,8/4/2022 8:50:00 AM,850,088,1368,4313,San Jose,43,True,True,C,REAR END,,Thursday,NotApplicable,False,,,False,True,True,SANTA CLARA SUPERIOR COURT HALL OF JUSTICE,C,OTHER MOTOR VEHICLE,,1.0,0.0,CLEAR,, NO UNUSUAL CONDITIONS,, ,A,DAYLIGHT,37.333524,-121.937731,,,,,A,NO PEDESTRIANS INVOLVED,8/4/2022 8:50:00 AM,A,VC 22350,False,2.0,I-880 S/B,,,8/10/2022 12:00:00 AM,A,S,460.0,BASCOM AVENUE,F,,D,8/10/2022 9:17:35 AM,8/10/2022 9:17:35 AM,False,True,4,,,,,,,
1837044,9340-2022-02797,1,False,9340,8/2/2022 5:00:00 PM,1700,083,1368,4313,San Jose,43,True,True,B,SIDE SWIPE,,Tuesday,NotApplicable,False,M,,False,True,False,SANTA CLARA SUPERIOR COURT HALL OF JUSTICE,C,OTHER MOTOR VEHICLE,,0.0,0.0,CLEAR,, NO UNUSUAL CONDITIONS,, ,A,DAYLIGHT,37.250687,-121.917921,,,,,A,NO PEDESTRIANS INVOLVED,8/2/2022 5:00:00 PM,A,VC 22107,False,1.0,SR-85 N/B,,,8/10/2022 12:00:00 AM,A,S,1200.0,LEIGH AVE,F,,D,8/10/2022 8:20:26 AM,8/10/2022 8:20:26 AM,False,True,4,,,,,,,
1837039,9340-2022-02767,1,False,9340,7/31/2022 3:20:00 AM,320,083,1368,4313,San Jose,43,True,True,E,HIT OBJECT,,Sunday,Yes,False,,,False,True,True,SANTA CLARA SUPERIOR COURT HALL OF JUSTICE,I,FIXED OBJECT,GUARDRAIL,0.0,0.0,CLEAR,, NO UNUSUAL CONDITIONS,, ,D,DARK-NO STREET LIGHTS,37.250728,-121.895437,,,,,A,NO PEDESTRIANS INVOLVED,7/31/2022 3:20:00 AM,A,VC 23152(a),True,1.0,SR-85 N/B,,,8/10/2022 12:00:00 AM,A,S,40.0,MERIDIAN AVE.,F,,D,8/10/2022 8:15:15 AM,8/10/2022 8:15:15 AM,False,True,4,,,,,,,
1837038,9340-2022-02803,1,False,9340,8/2/2022 5:25:00 PM,1725,281,1368,4313,San Jose,43,True,True,C,REAR END,,Tuesday,NotApplicable,False,,,False,True,False,SANTA CLARA SUPERIOR COURT HALL OF JUSTICE,C,OTHER MOTOR VEHICLE,,0.0,0.0,CLEAR,, NO UNUSUAL CONDITIONS,, ,A,DAYLIGHT,37.31678,-121.92433,,,,,A,NO PEDESTRIANS INVOLVED,8/2/2022 5:25:00 PM,A,VC 22106,False,1.0,I-280 S/B,,,8/10/2022 12:00:00 AM,A,N,80.0,LEIGH AVE,F,,D,8/10/2022 8:15:00 AM,8/10/2022 8:15:00 AM,False,True,4,,,,,,,
1837030,9340-2022-02758,1,False,9340,7/31/2022 2:30:00 AM,230,281,1368,4313,San Jose,43,True,True,C,REAR END,,Sunday,NotApplicable,False,M,,False,True,False,SANTA CLARA SUPERIOR COURT HALL OF JUSTICE,C,OTHER MOTOR VEHICLE,,0.0,0.0,CLEAR,, NO UNUSUAL CONDITIONS,, ,D,DARK-NO STREET LIGHTS,37.328906,-121.869552,,,,,A,NO PEDESTRIANS INVOLVED,7/31/2022 2:30:00 AM,A,VC 22350,False,1.0,I-280 S/B,,,8/10/2022 12:00:00 AM,A,S,450.0,7TH ST,F,,D,8/10/2022 8:05:32 AM,8/10/2022 8:05:32 AM,False,True,4,,,,,,,
1837029,9340-2022-02817,1,False,9340,8/3/2022 7:35:00 AM,735,087,1368,4313,San Jose,43,True,True,C,REAR END,,Wednesday,NotApplicable,False,,,False,True,False,SANTA CLARA SUPERIOR COURT HALL OF JUSTICE,C,OTHER MOTOR VEHICLE,,0.0,0.0,CLEAR,, NO UNUSUAL CONDITIONS,, ,A,DAYLIGHT,37.283825,-121.866755,,,,,A,NO PEDESTRIANS INVOLVED,8/3/2022 7:35:00 AM,A,VC 22350,False,1.0,SR 87 N/B,,,8/10/2022 12:00:00 AM,A,N,1000.0,CAPITOL EXPY.,F,,D,8/10/2022 8:05:06 AM,8/10/2022 8:05:06 AM,False,True,4,,,,,,,
1836732,9340-2022-02782,1,False,9340,8/1/2022 2:45:00 PM,1445,088,1368,4313,San Jose,43,True,True,C,REAR END,,Monday,NotApplicable,False,,,False,True,True,SANTA CLARA SUPERIOR COURT HALL OF JUSTICE,C,OTHER MOTOR VEHICLE,,1.0,0.0,CLEAR,, NO UNUSUAL CONDITIONS,, ,A,DAYLIGHT,37.317551,-121.940943,,,,,A,NO PEDESTRIANS INVOLVED,8/1/2022 2:45:00 PM,A,VC 22350,False,1.0,I-880 S/B,,,8/9/2022 12:00:00 AM,A,N,1500.0,STEVENS CREEK BLVD,F,,D,8/9/2022 5:24:26 PM,8/9/2022 5:24:26 PM,False,True,4,,,,,,,
1836729,9340-2022-02772,1,False,9340,8/1/2022 2:37:00 AM,237,087,1368,4313,San Jose,43,True,True,E,HIT OBJECT,,Monday,Yes,False,,,False,True,True,SANTA CLARA SUPERIOR COURT HALL OF JUSTICE,I,FIXED OBJECT,CONCRETE BARRIER,1.0,0.0,CLEAR,, NO UNUSUAL CONDITIONS,, ,C,DARK-STREET LIGHTS,37.290482,-121.871232,,,,,A,NO PEDESTRIANS INVOLVED,8/1/2022 2:37:00 AM,A,VC 23152(a),True,1.0,SR-87 N/B,,,8/9/2022 12:00:00 AM,A,S,2500.0,CURTNER AVE,F,,D,8/9/2022 5:19:43 PM,8/9/2022 5:19:43 PM,False,True,4,,,,,,,
1836694,9340-2022-02739,2,False,9340,7/29/2022 6:00:00 PM,1800,281,1368,4313,San Jose,43,True,True,B,SIDE SWIPE,,Friday,NotApplicable,False,,,False,True,True,SANTA CLARA SUPERIOR COURT HALL OF JUSTICE,C,OTHER MOTOR VEHICLE,,1.0,0.0,CLEAR,, NO UNUSUAL CONDITIONS,, ,A,DAYLIGHT,37.3153,-121.91552,,,,,A,NO PEDESTRIANS INVOLVED,7/29/2022 6:00:00 PM,A,VC 21658(A),False,1.0,I-280 S/B TO MERIDAN AVE E/B ,,,10/31/2022 12:00:00 AM,A,N,80.0,MERIDIAN AVE,F,,D,8/9/2022 4:20:30 PM,10/31/2022 1:12:20 PM,False,True,4,,,,,,,
1836597,9340-2022-02731,1,False,9340,7/29/2022 10:30:00 AM,1030,172,1368,4313,San Jose,43,True,True,E,HIT OBJECT,,Friday,Yes,True,,,False,True,True,SANTA CLARA SUPERIOR COURT HALL OF JUSTICE,J,OTHER OBJECT,METAL DEBRIS,2.0,0.0,CLEAR,, OBSTRUCTION ON ROADWAY*,, ,A,DAYLIGHT,37.304171,-121.940713,,,,,A,NO PEDESTRIANS INVOLVED,7/29/2022 10:30:00 AM,A,VC 23114(a),True,1.0,SR-17 S/B,,,8/9/2022 12:00:00 AM,A,N,3586.0,HAMILTON AVE.,F,,D,8/9/2022 2:41:34 PM,8/9/2022 2:41:34 PM,False,True,4,,,,,,,