Collision Id,	Report Number,	Report Version,	Is Preliminary,	NCIC Code,Crash Date Time,	Crash Time Description,	Beat,City Id,	City Code,	City Name,County Code,	City Is Active,	City Is Incorporated,	Collision Type Code,Collision Type Description,	Collision Type Other Desc,	Day Of Week,	DispatchNotified,	HasPhotographs,	HitRun,	IsAttachmentsMailed,	IsDeleted,	IsHighwayRelated,	IsTowAway,	JudicialDistrict,	MotorVehicleInvolvedWithCode,	MotorVehicleInvolvedWithDesc,MotorVehicleInvolvedWithOtherDesc,	NumberInjured,	NumberKilled,Weather 1, Weather 2, Road Condition 1, Road Condition 2, Special Condition,LightingCode, LightingDescription,Latitude,Longitude,MilepostDirection,MilepostDistance,MilepostMarker,MilepostUnitOfMeasure,	PedestrianActionCode,PedestrianActionDesc,PreparedDate,	Primary Collision Factor Code,Primary Collision Factor Violation,PrimaryCollisionFactorIsCited,	PrimaryCollisionPartyNumber,	PrimaryRoad,	ReportingDistrict,	ReportingDistrictCode,ReviewedDate,	RoadwaySurfaceCode,SecondaryDirection,	SecondaryDistance,	SecondaryRoad,	SecondaryUnitOfMeasure,	SketchDesc,	TrafficControlDeviceCode,CreatedDate,	ModifiedDate,IsCountyRoad,IsFreeway,CHP555Version,	IsAdditonalObjectStruck,NotificationDate,	NotificationTimeDescription,	HasDigitalMediaFiles,	EvidenceNumber,	IsLocationReferToNarrative,	IsAOIOneSameAsLocation
1836544,9340-2022-02805,1,False,9340,8/3/2022 7:30:00 AM,730,088,1368,4313,San Jose,43,True,True,B,SIDE SWIPE,,Wednesday,NotApplicable,False,M,,False,True,False,SANTA CLARA SUPERIOR COURT HALL OF JUSTICE,C,OTHER MOTOR VEHICLE,,0.0,0.0,CLEAR,, NO UNUSUAL CONDITIONS,, ,A,DAYLIGHT,37.348012,-121.91938,,,,,A,NO PEDESTRIANS INVOLVED,8/3/2022 7:30:00 AM,A,VC 22107,False,1.0,I-880 S/B,,,8/9/2022 12:00:00 AM,A,S,1000.0,COLEMAN AVE,F,,D,8/9/2022 1:53:46 PM,8/9/2022 1:53:46 PM,False,True,4,,,,,,,
1836293,9340-2022-02760,1,False,9340,7/31/2022 3:10:00 AM,310,088,1368,4313,San Jose,43,True,True,B,SIDE SWIPE,,Sunday,Yes,False,,,False,True,True,SANTA CLARA SUPERIOR COURT HALL OF JUSTICE,C,OTHER MOTOR VEHICLE,,0.0,0.0,CLEAR,, NO UNUSUAL CONDITIONS,, ,C,DARK-STREET LIGHTS,37.343511,-121.925239,,,,,A,NO PEDESTRIANS INVOLVED,7/31/2022 3:10:00 AM,A,VC 23152(a),True,1.0,I-880 S/B,,,8/9/2022 12:00:00 AM,A,N,330.0,THE ALAMEDA,F,,D,8/9/2022 10:33:21 AM,8/9/2022 10:33:21 AM,False,True,4,,,,,,,
1836270,9340-2022-02789,1,False,9340,8/1/2022 9:40:00 PM,2140,681,1368,4313,San Jose,43,True,True,B,SIDE SWIPE,,Monday,NotApplicable,False,M,,False,True,False,SANTA CLARA SUPERIOR COURT HALL OF JUSTICE,C,OTHER MOTOR VEHICLE,,0.0,0.0,CLEAR,, NO UNUSUAL CONDITIONS,, ,D,DARK-NO STREET LIGHTS,37.356272,-121.839558,,,,,A,NO PEDESTRIANS INVOLVED,8/1/2022 9:40:00 PM,A,VC 22107,False,1.0,I-680 S/B TO E. CAPITOL EXPY,,,8/9/2022 12:00:00 AM,A,N,200.0,E CAPITOL EXPY,F,,A,8/9/2022 10:18:23 AM,8/9/2022 10:18:23 AM,False,True,4,,,,,,,
1836191,9340-2022-02785,1,False,9340,8/1/2022 4:00:00 PM,1600,681,1368,4313,San Jose,43,True,True,C,REAR END,,Monday,NotApplicable,False,,,False,True,True,SANTA CLARA SUPERIOR COURT HALL OF JUSTICE,C,OTHER MOTOR VEHICLE,,0.0,0.0,CLEAR,, NO UNUSUAL CONDITIONS,, ,A,DAYLIGHT,37.40148,-121.8765,,,,,A,NO PEDESTRIANS INVOLVED,8/1/2022 4:00:00 PM,A,VC 22350,False,1.0,I-680 S/B,,,8/9/2022 12:00:00 AM,A,N,590.0,CAPITOL AVE,F,,D,8/9/2022 9:25:24 AM,8/9/2022 9:25:24 AM,False,True,4,,,,,,,
1836190,9340-2022-02857,1,False,9340,8/3/2022 9:35:00 AM,935,281,1368,4313,San Jose,43,True,True,C,REAR END,,Wednesday,NotApplicable,False,,,False,True,False,SANTA CLARA SUPERIOR COURT SANTA CLARA COURTHOUSE,C,OTHER MOTOR VEHICLE,,0.0,0.0,CLEAR,, NO UNUSUAL CONDITIONS,, ,A,DAYLIGHT,37.325659,-121.884854,,,,,A,NO PEDESTRIANS INVOLVED,8/3/2022 9:35:00 AM,A,VC 22350,False,1.0,I-280 N/B,,,8/9/2022 12:00:00 AM,A,N,500.0,FIRST ST.,F,,D,8/9/2022 9:23:15 AM,8/9/2022 9:23:15 AM,False,True,4,,,,,,,
1836155,9340-2022-02774,1,False,9340,8/1/2022 1:50:00 AM,150,281,1368,4313,San Jose,43,True,True,D,BROADSIDE,,Monday,Yes,False,,,False,True,True,SANTA CLARA SUPERIOR COURT HALL OF JUSTICE,C,OTHER MOTOR VEHICLE,,2.0,0.0,CLEAR,, NO UNUSUAL CONDITIONS,, ,D,DARK-NO STREET LIGHTS,37.316012,-121.907347,,,,,A,NO PEDESTRIANS INVOLVED,8/1/2022 1:50:00 AM,A,VC 22350,False,1.0,I-280 N/B,,,8/9/2022 12:00:00 AM,A,N,88.0,LINCOLN AVENUE,F,,D,8/9/2022 8:53:10 AM,8/9/2022 8:53:10 AM,False,True,4,,,,,,,
1836135,9340-2022-02769,1,False,9340,7/31/2022 3:16:00 AM,316,110,1368,4313,San Jose,43,True,True,C,REAR END,,Sunday,Yes,False,,,False,True,False,SANTA CLARA SUPERIOR COURT HALL OF JUSTICE,C,OTHER MOTOR VEHICLE,,1.0,0.0,CLEAR,, NO UNUSUAL CONDITIONS,, ,D,DARK-NO STREET LIGHTS,37.322253,-121.835404,,,,,A,NO PEDESTRIANS INVOLVED,7/31/2022 3:16:00 AM,A,VC 23152(a),True,1.0,US-101 S/B,,,8/9/2022 12:00:00 AM,A,N,1700.0,TULLY RD,F,,D,8/9/2022 8:31:28 AM,8/9/2022 8:31:28 AM,False,True,4,,,,,,,
1836123,9340-2022-02806,1,False,9340,8/3/2022 8:10:00 AM,810,281,1368,4313,San Jose,43,True,True,C,REAR END,,Wednesday,NotApplicable,False,,,False,True,False,SANTA CLARA SUPERIOR COURT DOWNTOWN SUPERIOR COURT,C,OTHER MOTOR VEHICLE,,0.0,0.0,CLEAR,, NO UNUSUAL CONDITIONS,, ,A,DAYLIGHT,37.325612,-121.885006,,,,,A,NO PEDESTRIANS INVOLVED,8/3/2022 8:10:00 AM,A,VC 22350,False,1.0,I-280 N/B,,,8/9/2022 12:00:00 AM,A,N,500.0,FIRST ST.,F,,D,8/9/2022 8:21:51 AM,8/9/2022 8:21:51 AM,False,True,4,,,,,,,
1836120,9340-2022-02737,1,False,9340,7/29/2022 5:00:00 PM,1700,281,1368,4313,San Jose,43,True,True,B,SIDE SWIPE,,Friday,NotApplicable,False,,,False,True,False,SANTA CLARA SUPERIOR COURT HALL OF JUSTICE,C,OTHER MOTOR VEHICLE,,0.0,0.0,CLEAR,, NO UNUSUAL CONDITIONS,, ,A,DAYLIGHT,37.31717,-121.93303,,,,,A,NO PEDESTRIANS INVOLVED,7/29/2022 5:00:00 PM,A,VC 22350,False,1.0,I-280 S/B,,,8/9/2022 12:00:00 AM,A,N,150.0,BASCOM AVE,F,,D,8/9/2022 8:10:22 AM,8/9/2022 8:10:22 AM,False,True,4,,,,,,,
1836115,9340-2022-02733,1,False,9340,7/29/2022 12:51:00 PM,1251,088,1368,4313,San Jose,43,True,True,E,HIT OBJECT,,Friday,NotApplicable,False,,,False,True,True,SANTA CLARA SUPERIOR COURT HALL OF JUSTICE,I,FIXED OBJECT,CONCRETE BARRIER,0.0,0.0,CLEAR,, NO UNUSUAL CONDITIONS,, ,A,DAYLIGHT,37.364972,-121.901174,,,,,A,NO PEDESTRIANS INVOLVED,7/29/2022 12:51:00 PM,A,VC 22107,False,1.0,US-101 N/B FROM I-880 N/B,,,8/9/2022 12:00:00 AM,A,N,240.0,US-101 N/B,F,,A,8/9/2022 7:59:45 AM,8/9/2022 7:59:45 AM,False,True,4,,,,,,,
1836109,9340-2022-02727,1,False,9340,7/28/2022 9:10:00 PM,2110,088,1368,4313,San Jose,43,True,True,F,OVERTURNED,,Thursday,Yes,False,,,False,True,True,SANTA CLARA SUPERIOR COURT HALL OF JUSTICE,A,NON-COLLISION,DIRT/GRASS FIELD,1.0,0.0,CLEAR,, NO UNUSUAL CONDITIONS,, ,A,DAYLIGHT,37.342342,-121.926416,,,,,A,NO PEDESTRIANS INVOLVED,7/28/2022 9:10:00 PM,A,VC 22350,False,1.0,I-880 N/B TO THE ALAMEDA,,,8/9/2022 12:00:00 AM,A,S,275.0,THE ALAMEDA,F,,A,8/9/2022 7:54:12 AM,8/9/2022 7:54:12 AM,False,True,4,,,,,,,
1835569,9340-2022-02801,1,False,9340,8/2/2022 3:15:00 PM,1515,282,1368,4313,San Jose,43,True,True,C,REAR END,,Tuesday,NotApplicable,False,,,False,True,False,SANTA CLARA SUPERIOR COURT HALL OF JUSTICE,C,OTHER MOTOR VEHICLE,,0.0,0.0,CLEAR,, NO UNUSUAL CONDITIONS,, ,A,DAYLIGHT,37.316182,-121.968786,,,,,A,NO PEDESTRIANS INVOLVED,8/2/2022 3:15:00 PM,A,VC 22350,False,1.0,I-280 S/B,,,8/8/2022 12:00:00 AM,A,N,1320.0,SAN TOMAS EXPY,F,,D,8/8/2022 3:48:30 PM,8/8/2022 3:48:30 PM,False,True,4,,,,,,,
1835549,9340-2022-02798,1,False,9340,8/2/2022 5:40:00 PM,1740,087,1368,4313,San Jose,43,True,True,C,REAR END,,Tuesday,NotApplicable,False,,,False,True,True,SANTA CLARA SUPERIOR COURT HALL OF JUSTICE,C,OTHER MOTOR VEHICLE,,2.0,0.0,CLEAR,, NO UNUSUAL CONDITIONS,, ,A,DAYLIGHT,37.30089,-121.875928,,,,,A,NO PEDESTRIANS INVOLVED,8/2/2022 5:40:00 PM,A,VC 22350,False,1.0,SR-87 N/B,,,8/8/2022 12:00:00 AM,A,S,370.0,ALMADEN EXPRESSWAY,F,,D,8/8/2022 3:31:40 PM,8/8/2022 3:31:40 PM,False,True,4,,,,,,,
1835543,9340-2022-02791,1,False,9340,8/2/2022 7:40:00 AM,740,110,1368,4313,San Jose,43,True,True,C,REAR END,,Tuesday,Yes,False,,,False,True,False,SANTA CLARA SUPERIOR COURT HALL OF JUSTICE,E,PARKED MOTOR VEHICLE,,1.0,0.0,CLEAR,, NO UNUSUAL CONDITIONS,, ,A,DAYLIGHT,37.326825,-121.838567,,,,,A,NO PEDESTRIANS INVOLVED,8/2/2022 7:40:00 AM,A,VC 22107,False,1.0,US-101 S/B,,,8/8/2022 12:00:00 AM,A,N,3500.0,TULLY RD.,F,,D,8/8/2022 3:27:22 PM,8/8/2022 3:27:22 PM,False,True,4,,,,,,,
1835481,9340-2022-02757,1,False,9340,7/30/2022 9:00:00 AM,900,681,1368,4313,San Jose,43,True,True,C,REAR END,,Saturday,NotApplicable,False,,,False,True,False,SANTA CLARA SUPERIOR COURT HALL OF JUSTICE,C,OTHER MOTOR VEHICLE,,0.0,0.0,CLEAR,, NO UNUSUAL CONDITIONS,, ,A,DAYLIGHT,37.396351,-121.87446,,,,,A,NO PEDESTRIANS INVOLVED,7/30/2022 9:00:00 AM,A,VC 22107,False,1.0,I-680 N/B,,,8/8/2022 12:00:00 AM,A,S,980.0,CAPITOL AVE,F,,D,8/8/2022 2:44:50 PM,8/8/2022 2:44:50 PM,False,True,4,,,,,,,
1835399,9340-2022-02793,1,False,9340,8/2/2022 11:45:00 AM,1145,089,1368,4313,San Jose,43,True,True,B,SIDE SWIPE,,Tuesday,NotApplicable,False,M,,False,True,False,SANTA CLARA SUPERIOR COURT HALL OF JUSTICE,C,OTHER MOTOR VEHICLE,,0.0,0.0,CLEAR,, NO UNUSUAL CONDITIONS,, ,A,DAYLIGHT,37.363501,-121.903004,,,,,A,NO PEDESTRIANS INVOLVED,8/2/2022 11:45:00 AM,A,VC 21658(A),False,1.0,I-880 S/B,,,8/8/2022 12:00:00 AM,A,S,250.0,OLD BAYSHORE HWY,F,,D,8/8/2022 1:52:06 PM,8/8/2022 1:52:06 PM,False,True,4,,,,,,,
1835347,9340-2022-02792,1,False,9340,8/2/2022 6:50:00 AM,650,110,1368,4313,San Jose,43,True,True,C,REAR END,,Tuesday,NotApplicable,False,,,False,True,False,SANTA CLARA SUPERIOR COURT HALL OF JUSTICE,C,OTHER MOTOR VEHICLE,,0.0,0.0,CLEAR,, NO UNUSUAL CONDITIONS,, ,A,DAYLIGHT,37.312677,-121.825779,,,,,A,NO PEDESTRIANS INVOLVED,8/2/2022 6:50:00 AM,A,VC 22350,False,,US 101 N/B,,,8/8/2022 12:00:00 AM,A,S,1000.0,TULLY RD.,F,,D,8/8/2022 1:03:18 PM,8/8/2022 1:03:18 PM,False,True,4,,,,,,,
1835093,9340-2022-02773,1,False,9340,8/1/2022 1:45:00 AM,145,281,1368,4313,San Jose,43,True,True,C,REAR END,,Monday,NotApplicable,False,M,,False,True,True,SANTA CLARA SUPERIOR COURT HALL OF JUSTICE,C,OTHER MOTOR VEHICLE,,0.0,0.0,CLEAR,, NO UNUSUAL CONDITIONS,, ,D,DARK-NO STREET LIGHTS,37.316286,-121.906927,,,,,A,NO PEDESTRIANS INVOLVED,8/1/2022 1:45:00 AM,A,VC 22350,False,1.0,I-280 N/B,,,8/8/2022 12:00:00 AM,A,S,10.0,LINCOLN AVE,F,,D,8/8/2022 9:38:54 AM,8/8/2022 9:38:54 AM,False,True,4,,,,,,,
1835082,9340-2022-02754,1,False,9340,7/30/2022 4:15:00 PM,1615,681,1368,4313,San Jose,43,True,True,B,SIDE SWIPE,,Saturday,NotApplicable,False,,,False,True,False,SANTA CLARA SUPERIOR COURT HALL OF JUSTICE,C,OTHER MOTOR VEHICLE,,0.0,0.0,CLEAR,, NO UNUSUAL CONDITIONS,, ,A,DAYLIGHT,37.3419,-121.84861,,,,,A,NO PEDESTRIANS INVOLVED,7/30/2022 4:15:00 PM,A,VC 21658(A),False,1.0,I-680 S/B,,,8/8/2022 12:00:00 AM,A,S,450.0,KING RD,F,,D,8/8/2022 9:29:38 AM,8/8/2022 9:29:38 AM,False,True,4,True,,,,,,
1835077,9340-2022-02748,1,False,9340,7/30/2022 2:56:00 AM,256,083,1368,4313,San Jose,43,True,True,E,HIT OBJECT,,Saturday,Yes,False,,,False,True,True,SANTA CLARA SUPERIOR COURT HALL OF JUSTICE,I,FIXED OBJECT,GUARDRAIL,1.0,0.0,CLEAR,, NO UNUSUAL CONDITIONS,, ,D,DARK-NO STREET LIGHTS,37.252982,-121.942818,,,,,A,NO PEDESTRIANS INVOLVED,7/30/2022 2:56:00 AM,A,VC 22107,False,1.0,SR-85 S/B,,,8/8/2022 12:00:00 AM,A,S,2500.0,BASCOM AVE,F,,D,8/8/2022 9:26:37 AM,8/8/2022 9:26:37 AM,False,True,4,,,,,,,
1835072,9340-2022-02784,1,False,9340,8/1/2022 4:15:00 PM,1615,681,1368,4313,San Jose,43,True,True,C,REAR END,,Monday,NotApplicable,False,,,False,True,False,Santa Clara Superior Court Hall of Justice,C,OTHER MOTOR VEHICLE,,0.0,0.0,CLEAR,, NO UNUSUAL CONDITIONS,, ,A,DAYLIGHT,37.35885,-121.84099,,,,,A,NO PEDESTRIANS INVOLVED,8/1/2022 4:15:00 PM,A,VC 22350,False,1.0,I-680 S/B TO CAPITOL EXPRESSWAY,,,8/8/2022 12:00:00 AM,A,N,1200.0,CAPITOL EXPY,F,,D,8/8/2022 9:21:04 AM,8/8/2022 9:21:04 AM,False,True,4,,,,,,,
1835070,9340-2022-02740,1,False,9340,7/29/2022 6:20:00 PM,1820,088,1368,4313,San Jose,43,True,True,C,REAR END,,Friday,Yes,False,,,False,True,True,Santa Clara Superior Court Hall of Justice,C,OTHER MOTOR VEHICLE,,1.0,0.0,CLEAR,, NO UNUSUAL CONDITIONS,, ,A,DAYLIGHT,37.341823,-121.926784,,,,,A,NO PEDESTRIANS INVOLVED,7/29/2022 6:20:00 PM,A,VC 22350,False,1.0,I-880 N/B,,,8/8/2022 12:00:00 AM,A,S,340.0,THE ALAMEDA,F,,D,8/8/2022 9:19:13 AM,8/8/2022 9:19:13 AM,False,True,4,,,,,,,
1835057,9340-2022-02770,1,False,9340,7/31/2022 5:40:00 PM,1740,282,1368,4313,San Jose,43,True,True,E,HIT OBJECT,,Sunday,NotApplicable,False,,,False,True,False,SANTA CLARA SUPERIOR COURT HALL OF JUSTICE,I,FIXED OBJECT,RAISED CURB,0.0,0.0,CLEAR,, NO UNUSUAL CONDITIONS,, ,A,DAYLIGHT,37.318205,-121.975691,,,,,A,NO PEDESTRIANS INVOLVED,7/31/2022 5:40:00 PM,A,VC 22350,False,1.0,I-280 N/B TO SARATOGA W/B,,,8/8/2022 12:00:00 AM,A,N,320.0,SARATOGA AVE,F,,D,8/8/2022 9:08:41 AM,8/8/2022 9:08:41 AM,False,True,4,,,,,,,
1835055,9340-2022-02766,1,False,9340,7/31/2022 4:05:00 PM,1605,281,1368,4313,San Jose,43,True,True,C,REAR END,,Sunday,NotApplicable,False,,,False,True,False,SANTA CLARA SUPERIOR COURT HALL OF JUSTICE,C,OTHER MOTOR VEHICLE,,0.0,0.0,CLEAR,, NO UNUSUAL CONDITIONS,, ,A,DAYLIGHT,37.33544,-121.859115,,,,,A,NO PEDESTRIANS INVOLVED,7/31/2022 4:05:00 PM,A,VC 22350,False,1.0,I-280 N/B,,,8/8/2022 12:00:00 AM,A,N,590.0,MCLAUGHLIN AVE,F,,D,8/8/2022 9:06:31 AM,8/8/2022 9:06:31 AM,False,True,4,,,,,,,
1835049,9340-2022-02746,1,False,9340,7/29/2022 10:30:00 PM,2230,110,1368,4313,San Jose,43,True,True,C,REAR END,,Friday,Yes,False,,,False,True,False,SANTA CLARA SUPERIOR COURT HALL OF JUSTICE,C,OTHER MOTOR VEHICLE,,0.0,0.0,CLEAR,, NO UNUSUAL CONDITIONS,, ,C,DARK-STREET LIGHTS,37.27902,-121.80677,,,,,A,NO PEDESTRIANS INVOLVED,7/29/2022 10:30:00 PM,A,VC 23152(a),True,1.0,US-101 S/B,,,8/8/2022 12:00:00 AM,A,S,1000.0,HELLYER,F,,D,8/8/2022 8:59:48 AM,8/8/2022 8:59:48 AM,False,True,4,,,,,,,
1835038,9340-2022-02745,1,False,9340,7/29/2022 9:10:00 PM,2110,110,1368,4313,San Jose,43,True,True,C,REAR END,,Friday,Yes,False,,,False,True,True,Santa Clara Superior Court Hall of Justice,C,OTHER MOTOR VEHICLE,,1.0,0.0,CLEAR,, NO UNUSUAL CONDITIONS,, ,D,DARK-NO STREET LIGHTS,37.296235,-121.81045,,,,,A,NO PEDESTRIANS INVOLVED,7/29/2022 9:10:00 PM,A,VC 23152(a),True,1.0,US-101 N/B,,,8/8/2022 12:00:00 AM,A,N,510.0,YERBA BUENA RD,F,,D,8/8/2022 8:55:22 AM,8/8/2022 8:55:22 AM,False,True,4,,,,,,,
1835022,9340-2022-02751,1,False,9340,7/30/2022 6:20:00 AM,620,089,1368,4313,San Jose,43,True,True,C,REAR END,,Saturday,NotApplicable,False,,,False,True,False,SANTA CLARA SUPERIOR COURT HALL OF JUSTICE,C,OTHER MOTOR VEHICLE,,0.0,0.0,CLEAR,, NO UNUSUAL CONDITIONS,, ,A,DAYLIGHT,37.363648,-121.90231,,,,,A,NO PEDESTRIANS INVOLVED,7/30/2022 6:20:00 AM,A,VC 22350,False,1.0,I-880 S/B,,,8/8/2022 12:00:00 AM,A,S,220.0,US-101,F,,D,8/8/2022 8:43:10 AM,8/8/2022 8:43:10 AM,False,True,4,,,,,,,
1835018,9340-2022-02711,1,False,9340,7/27/2022 5:20:00 PM,1720,240,1368,4313,San Jose,43,True,True,E,HIT OBJECT,,Wednesday,Yes,False,,,False,True,True,SANTA CLARA SUPERIOR COURT HALL OF JUSTICE,I,FIXED OBJECT,METAL GUARD RAIL,1.0,0.0,CLEAR,, NO UNUSUAL CONDITIONS,, ,A,DAYLIGHT,37.41943,-121.94653,,,,,A,NO PEDESTRIANS INVOLVED,7/27/2022 5:20:00 PM,A,VC 22107,False,1.0,SR-237 W/B,,,8/8/2022 12:00:00 AM,A,W,1910.0,ZANKER RD,F,,D,8/8/2022 8:40:44 AM,8/8/2022 8:40:44 AM,False,True,4,True,,,,,,
1835016,9340-2022-02741,2,False,9340,7/29/2022 8:20:00 PM,2020,110,1368,4313,San Jose,43,True,True,C,REAR END,,Friday,NotApplicable,False,M,,False,True,False,SANTA CLARA SUPERIOR COURT HALL OF JUSTICE,C,OTHER MOTOR VEHICLE,,0.0,0.0,CLEAR,, NO UNUSUAL CONDITIONS,, ,A,DAYLIGHT,37.263725,-121.801126,,,,,A,NO PEDESTRIANS INVOLVED,7/29/2022 8:20:00 PM,A,VC 22350,False,1.0,US-101 S/B,,,10/11/2022 12:00:00 AM,A,N,2620.0,BLOSSOM HILL RD,F,,D,8/8/2022 8:40:36 AM,10/11/2022 7:43:54 AM,False,True,4,,,,,,,
1835008,9340-2022-02728,1,False,9340,7/29/2022 6:50:00 AM,650,681,1368,4313,San Jose,43,True,True,E,HIT OBJECT,,Friday,NotApplicable,False,,,False,True,False,SANTA CLARA SUPERIOR COURT HALL OF JUSTICE,J,OTHER OBJECT,GARBAGE CAN,0.0,0.0,CLEAR,, NO UNUSUAL CONDITIONS,, ,A,DAYLIGHT,37.340168,-121.851439,,,,,A,NO PEDESTRIANS INVOLVED,7/29/2022 6:50:00 AM,C,,,,I-680 S/B,,,8/8/2022 12:00:00 AM,A,N,192.0,US-101,F,,D,8/8/2022 8:32:16 AM,8/8/2022 8:32:16 AM,False,True,4,,,,,,,
1834990,9340-2022-02714,1,False,9340,7/27/2022 1:40:00 PM,1340,089,1368,4313,San Jose,43,True,True,A,HEAD-ON,,Wednesday,Yes,False,,,False,True,True,SANTA CLARA SUPERIOR COURT HALL OF JUSTICE,C,OTHER MOTOR VEHICLE,,2.0,0.0,CLEAR,, NO UNUSUAL CONDITIONS,, ,A,DAYLIGHT,37.363102,-121.900921,,,,,A,NO PEDESTRIANS INVOLVED,7/27/2022 1:40:00 PM,A,VC 22350,False,1.0,I-880 N/B TO US 101 S/B,,,8/8/2022 12:00:00 AM,A,S,470.0,I-880,F,,A,8/8/2022 8:20:08 AM,8/8/2022 8:20:08 AM,False,True,4,,,,,,,
1834759,9340-2022-02786,1,False,9340,8/1/2022 5:30:00 PM,1730,281,1368,4313,San Jose,43,True,True,C,REAR END,,Monday,NotApplicable,False,,,False,True,False,Santa Clara Superior Court Hall of Justice,C,OTHER MOTOR VEHICLE,,1.0,0.0,CLEAR,, NO UNUSUAL CONDITIONS,, ,A,DAYLIGHT,37.32705,-121.88073,,,,,A,NO PEDESTRIANS INVOLVED,8/1/2022 5:30:00 PM,A,VC 22350,False,,I-280 S/B,,,8/7/2022 12:00:00 AM,A,N,1400.0,7TH ST,F,,D,8/7/2022 2:43:51 PM,8/7/2022 2:43:51 PM,False,True,4,,,,,,,
1834729,9340-2022-02783,1,False,9340,8/1/2022 5:25:00 PM,1725,083,1368,4313,San Jose,43,True,True,C,REAR END,,Monday,NotApplicable,False,,,False,True,True,SANTA CLARA SUPERIOR COURT HALL OF JUSTICE,C,OTHER MOTOR VEHICLE,,2.0,0.0,CLEAR,, NO UNUSUAL CONDITIONS,, ,A,DAYLIGHT,37.250966,-121.932223,,,,,A,NO PEDESTRIANS INVOLVED,8/1/2022 5:25:00 PM,A,VC 22350,False,1.0,SR-85 S/B,,,8/7/2022 12:00:00 AM,A,N,150.0,UNION AVE,F,,D,8/7/2022 1:02:32 PM,8/7/2022 1:02:32 PM,False,True,4,,,,,,,
1834714,9340-2022-02781,1,False,9340,8/1/2022 9:30:00 AM,930,110,1368,4313,San Jose,43,True,True,E,HIT OBJECT,,Monday,NotApplicable,False,,,False,True,False,SANTA CLARA SUPERIOR COURT HALL OF JUSTICE,I,FIXED OBJECT,METAL GUARDRAIL,0.0,0.0,CLOUDY,, NO UNUSUAL CONDITIONS,, ,A,DAYLIGHT,37.353128,-121.864983,,,,,A,NO PEDESTRIANS INVOLVED,8/1/2022 9:30:00 AM,A,VC 22350,False,1.0,US 101 S/B,,,8/7/2022 12:00:00 AM,B,S,300.0,MCKEE RD.,F,,D,8/7/2022 11:37:47 AM,8/7/2022 11:37:47 AM,False,True,4,,,,,,,
1834710,9340-2022-02775,1,False,9340,8/1/2022 5:50:00 AM,550,120,1368,4313,San Jose,43,True,True,C,REAR END,,Monday,NotApplicable,False,,,False,True,False,SANTA CLARA SUPERIOR COURT HALL OF JUSTICE,C,OTHER MOTOR VEHICLE,,0.0,0.0,CLEAR,, NO UNUSUAL CONDITIONS,, ,A,DAYLIGHT,37.376669,-121.9401,,,,,A,NO PEDESTRIANS INVOLVED,8/1/2022 5:50:00 AM,A,VC 22350,False,1.0,US-101 N/B,,,8/7/2022 12:00:00 AM,A,S,250.0,DE LA CRUZ BLVD,F,,D,8/7/2022 11:16:21 AM,8/7/2022 11:16:21 AM,False,True,4,,,,,,,
1834683,9340-2022-02753,1,False,9340,7/29/2022 5:25:00 PM,1725,083,1368,4313,San Jose,43,True,True,C,REAR END,,Friday,NotApplicable,False,,,False,True,True,SANTA CLARA SUPERIOR COURT HALL OF JUSTICE,C,OTHER MOTOR VEHICLE,,0.0,0.0,CLEAR,, NO UNUSUAL CONDITIONS,, ,A,DAYLIGHT,37.252659,-121.941781,,,,,A,NO PEDESTRIANS INVOLVED,7/29/2022 5:25:00 PM,A,VC 22350,False,1.0,SR-85 S/B,,,8/7/2022 12:00:00 AM,A,S,2814.0,BASCOM AVE,F,,D,8/7/2022 8:08:41 AM,8/7/2022 8:08:41 AM,False,True,4,,,,,,,
1834682,9340-2022-02735,1,False,9340,7/29/2022 5:15:00 PM,1715,110,1368,4313,San Jose,43,True,True,C,REAR END,,Friday,NotApplicable,False,M,,False,True,False,SANTA CLARA SUPERIOR COURT HALL OF JUSTICE,C,OTHER MOTOR VEHICLE,,0.0,0.0,CLEAR,, NO UNUSUAL CONDITIONS,, ,A,DAYLIGHT,37.303691,-121.815283,,,,,A,NO PEDESTRIANS INVOLVED,7/29/2022 5:15:00 PM,A,VC 22106,False,1.0,US-101 N/B TO CAPITOL EXPRESSWAY,,,8/7/2022 12:00:00 AM,A,S,10.0,CAPITOL EXPY,F,,A,8/7/2022 8:06:33 AM,8/7/2022 8:06:33 AM,False,True,4,,,,,,,
1834681,9340-2022-02736,1,False,9340,7/29/2022 3:50:00 PM,1550,120,1368,4313,San Jose,43,True,True,B,SIDE SWIPE,,Friday,NotApplicable,False,,,False,True,False,SANTA CLARA SUPERIOR COURT HALL OF JUSTICE,C,OTHER MOTOR VEHICLE,,0.0,0.0,CLEAR,, NO UNUSUAL CONDITIONS,, ,A,DAYLIGHT,37.389125,-121.98963,,,,,A,NO PEDESTRIANS INVOLVED,7/29/2022 3:50:00 PM,A,VC 21658(A),False,1.0,US-101 S/B,,,8/7/2022 12:00:00 AM,A,S,1795.0,LAWRENCE EXPY,F,,D,8/7/2022 7:59:24 AM,8/7/2022 7:59:24 AM,False,True,4,,,,,,,