Collision Id,	Report Number,	Report Version,	Is Preliminary,	NCIC Code,Crash Date Time,	Crash Time Description,	Beat,City Id,	City Code,	City Name,County Code,	City Is Active,	City Is Incorporated,	Collision Type Code,Collision Type Description,	Collision Type Other Desc,	Day Of Week,	DispatchNotified,	HasPhotographs,	HitRun,	IsAttachmentsMailed,	IsDeleted,	IsHighwayRelated,	IsTowAway,	JudicialDistrict,	MotorVehicleInvolvedWithCode,	MotorVehicleInvolvedWithDesc,MotorVehicleInvolvedWithOtherDesc,	NumberInjured,	NumberKilled,Weather 1, Weather 2, Road Condition 1, Road Condition 2, Special Condition,LightingCode, LightingDescription,Latitude,Longitude,MilepostDirection,MilepostDistance,MilepostMarker,MilepostUnitOfMeasure,	PedestrianActionCode,PedestrianActionDesc,PreparedDate,	Primary Collision Factor Code,Primary Collision Factor Violation,PrimaryCollisionFactorIsCited,	PrimaryCollisionPartyNumber,	PrimaryRoad,	ReportingDistrict,	ReportingDistrictCode,ReviewedDate,	RoadwaySurfaceCode,SecondaryDirection,	SecondaryDistance,	SecondaryRoad,	SecondaryUnitOfMeasure,	SketchDesc,	TrafficControlDeviceCode,CreatedDate,	ModifiedDate,IsCountyRoad,IsFreeway,CHP555Version,	IsAdditonalObjectStruck,NotificationDate,	NotificationTimeDescription,	HasDigitalMediaFiles,	EvidenceNumber,	IsLocationReferToNarrative,	IsAOIOneSameAsLocation
1834679,9340-2022-02722,1,False,9340,7/28/2022 4:00:00 PM,1600,089,1368,4313,San Jose,43,True,True,B,SIDE SWIPE,,Thursday,NotApplicable,False,,,False,True,False,SANTA CLARA SUPERIOR COURT HALL OF JUSTICE,C,OTHER MOTOR VEHICLE,,0.0,0.0,CLEAR,, NO UNUSUAL CONDITIONS,, ,A,DAYLIGHT,37.37326,-121.902424,,,,,A,NO PEDESTRIANS INVOLVED,7/28/2022 4:00:00 PM,A,VC 22107,False,1.0,I-880 S/B,,,8/7/2022 12:00:00 AM,A,N,2160.0,OLD BAYSHORE HWY,F,,D,8/7/2022 7:52:53 AM,8/7/2022 7:52:53 AM,False,True,4,,,,,,,
1834097,9340-2022-02755,1,False,9340,7/30/2022 5:35:00 PM,1735,110,1368,4313,San Jose,43,True,True,C,REAR END,,Saturday,NotApplicable,False,,,False,True,True,SANTA CLARA SUPERIOR COURT HALL OF JUSTICE,C,OTHER MOTOR VEHICLE,,0.0,0.0,CLEAR,, NO UNUSUAL CONDITIONS,, ,A,DAYLIGHT,37.349777,-121.860684,,,,,A,NO PEDESTRIANS INVOLVED,7/30/2022 5:35:00 PM,A,VC 22350,False,1.0,US-101 N/B TO ALUM ROCK AVE,,,8/5/2022 12:00:00 AM,A,S,125.0,ALUM ROCK AVE,F,,A,8/5/2022 12:43:52 PM,8/5/2022 12:43:52 PM,False,True,4,,,,,,,
1834032,9340-2022-02762,1,False,9340,7/31/2022 8:50:00 AM,850,087,1368,4313,San Jose,43,True,True,C,REAR END,,Sunday,NotApplicable,False,M,,False,True,False,SANTA CLARA SUPERIOR COURT HALL OF JUSTICE,C,OTHER MOTOR VEHICLE,,0.0,0.0,CLEAR,, NO UNUSUAL CONDITIONS,, ,A,DAYLIGHT,37.302125,-121.876858,,,,,A,NO PEDESTRIANS INVOLVED,7/31/2022 8:50:00 AM,A,VC 22350,False,1.0,SR-87 N/B,,,8/5/2022 12:00:00 AM,A,N,90.0,ALAMADEN EXPWY,F,,D,8/5/2022 11:33:33 AM,8/5/2022 11:33:33 AM,False,True,4,,,,,,,
1833829,9340-2022-02718,1,False,9340,7/27/2022 10:06:00 PM,2206,681,1368,4313,San Jose,43,True,True,B,SIDE SWIPE,,Wednesday,Yes,False,,,False,True,False,SANTA CLARA SUPERIOR COURT HALL OF JUSTICE,C,OTHER MOTOR VEHICLE,,0.0,0.0,CLEAR,, NO UNUSUAL CONDITIONS,, ,D,DARK-NO STREET LIGHTS,37.394207,-121.873354,,,,,A,NO PEDESTRIANS INVOLVED,7/27/2022 10:06:00 PM,A,VC 22350,False,1.0,I-680 S/B,,,8/5/2022 12:00:00 AM,A,S,340.0,HOSTETTER RD,F,,D,8/5/2022 8:07:26 AM,8/5/2022 8:07:26 AM,False,True,4,,,,,,,
1833822,9340-2022-02716,1,False,9340,7/27/2022 10:05:00 PM,2205,681,1368,4313,San Jose,43,True,True,B,SIDE SWIPE,,Wednesday,Yes,False,M,,False,True,False,SANTA CLARA SUPERIOR COURT HALL OF JUSTICE,C,OTHER MOTOR VEHICLE,,0.0,0.0,CLEAR,, NO UNUSUAL CONDITIONS,, ,D,DARK-NO STREET LIGHTS,37.394268,-121.873349,,,,,A,NO PEDESTRIANS INVOLVED,7/27/2022 10:05:00 PM,A,VC 22107,False,1.0,I-680 S/B,,,8/5/2022 12:00:00 AM,A,S,360.0,HOSTETTER RD,F,,D,8/5/2022 8:02:46 AM,8/5/2022 8:02:46 AM,False,True,4,False,,,,,,
1833794,9340-2022-02717,1,False,9340,7/28/2022 2:22:00 AM,222,120,1368,4313,San Jose,43,True,True,E,HIT OBJECT,,Thursday,Yes,False,,,False,True,False,SANTA CLARA SUPERIOR COURT HALL OF JUSTICE,I,FIXED OBJECT,BUSH,0.0,0.0,CLEAR,, NO UNUSUAL CONDITIONS,, ,C,DARK-STREET LIGHTS,37.380987,-121.964037,,,,,A,NO PEDESTRIANS INVOLVED,7/28/2022 2:22:00 AM,A,VC 23152(a),True,1.0,US-101 S/B TO SAN TOMAS EXPRESSWAY E/B,,,8/5/2022 12:00:00 AM,A,S,50.0,SAN TOMAS EXPRESSWAY,F,,D,8/5/2022 7:16:03 AM,8/5/2022 7:16:03 AM,False,True,4,,,,,,,
1833780,9340-2022-02650,2,False,9340,7/22/2022 3:05:00 PM,1505,110,1368,4313,San Jose,43,True,True,B,SIDE SWIPE,,Friday,NotApplicable,False,M,,False,True,False,SANTA CLARA SUPERIOR COURT HALL OF JUSTICE,C,OTHER MOTOR VEHICLE,,0.0,0.0,CLEAR,, NO UNUSUAL CONDITIONS,, ,A,DAYLIGHT,37.362498,-121.887638,,,,,A,NO PEDESTRIANS INVOLVED,7/22/2022 3:05:00 PM,A,VC 21658(A),False,1.0,US-101 S/B,,,10/13/2022 12:00:00 AM,A,S,1000.0,OAKLAND RD,F,,D,8/5/2022 6:51:08 AM,10/13/2022 3:36:58 PM,False,True,4,,,,,,,
1833391,9340-2022-02724,1,False,9340,7/28/2022 4:48:00 PM,1648,903,1368,4313,San Jose,43,True,True,A,HEAD-ON,,Thursday,NotApplicable,False,,,False,False,False,SANTA CLARA SUPERIOR COURT HALL OF JUSTICE,C,OTHER MOTOR VEHICLE,,0.0,0.0,CLEAR,, NO UNUSUAL CONDITIONS,, ,A,DAYLIGHT,37.378302,-121.822798,,,,,A,NO PEDESTRIANS INVOLVED,7/28/2022 4:48:00 PM,A,VC 22107,False,1.0,65 GORDON AVE,,,8/4/2022 12:00:00 AM,A,N,20.0,GORDON AVE,F,,D,8/4/2022 3:04:25 PM,8/4/2022 3:04:25 PM,True,False,4,,,,,,,
1833367,9340-2022-02633,1,False,9340,7/21/2022 6:58:00 PM,1858,087,1368,4313,San Jose,43,True,True,C,REAR END,,Thursday,Yes,False,,,False,True,False,SANTA CLARA SUPERIOR COURT HALL OF JUSTICE,C,OTHER MOTOR VEHICLE,,0.0,0.0,CLEAR,, NO UNUSUAL CONDITIONS,, ,A,DAYLIGHT,37.304287,-121.879117,,,,,A,NO PEDESTRIANS INVOLVED,7/21/2022 6:58:00 PM,A,VC 23152(a),True,1.0,SR-87 S/B,,,8/4/2022 12:00:00 AM,A,N,1115.0,ALMADEN EXPY,F,,D,8/4/2022 2:46:52 PM,8/4/2022 2:46:52 PM,False,True,4,,,,,,,
1833366,9340-2022-02686,1,False,9340,7/25/2022 5:45:00 PM,1745,281,1368,4313,San Jose,43,True,True,B,SIDE SWIPE,,Monday,NotApplicable,False,M,,False,True,False,SANTA CLARA SUPERIOR COURT HALL OF JUSTICE,C,OTHER MOTOR VEHICLE,,0.0,0.0,CLEAR,, NO UNUSUAL CONDITIONS,, ,A,DAYLIGHT,37.317482,-121.937402,,,,,A,NO PEDESTRIANS INVOLVED,7/25/2022 5:45:00 PM,A,VC 21658(a),False,1.0,I-280 N/B,,,8/4/2022 12:00:00 AM,A,N,400.0,MACARTHUR AVE,F,,D,8/4/2022 2:46:51 PM,8/4/2022 2:46:51 PM,False,True,4,,,,,,,
1833357,9340-2022-02691,1,False,9340,7/25/2022 9:00:00 AM,900,110,1368,4313,San Jose,43,True,True,C,REAR END,,Monday,NotApplicable,False,,,False,True,False,SANTA CLARA SUPERIOR COURT HALL OF JUSTICE,C,OTHER MOTOR VEHICLE,,0.0,0.0,CLEAR,, NO UNUSUAL CONDITIONS,, ,A,DAYLIGHT,37.3622,-121.883457,,,,,A,NO PEDESTRIANS INVOLVED,7/25/2022 9:00:00 AM,A,VC 22350,False,1.0,US-101 N/B ,,,8/4/2022 12:00:00 AM,A,S,300.0,HEDDING ST.,F,,D,8/4/2022 2:38:13 PM,8/4/2022 2:38:13 PM,False,True,4,,,,,,,
1833339,9340-2022-02734,1,False,9340,7/29/2022 4:55:00 PM,1655,282,1368,4313,San Jose,43,True,True,C,REAR END,,Friday,NotApplicable,False,,,False,True,False,SANTA CLARA SUPERIOR COURT HALL OF JUSTICE,C,OTHER MOTOR VEHICLE,,1.0,0.0,CLEAR,, NO UNUSUAL CONDITIONS,, ,A,DAYLIGHT,37.325479,-122.004728,,,,,A,NO PEDESTRIANS INVOLVED,7/29/2022 4:55:00 PM,A,VC 22350,False,1.0,I-280 S/B,,,8/4/2022 12:00:00 AM,A,S,500.0,TANTAU AVE,F,,D,8/4/2022 2:22:52 PM,8/4/2022 2:22:52 PM,False,True,4,,,,,,,
1833335,9340-2022-02683,1,False,9340,7/25/2022 3:06:00 PM,1506,083,1368,4313,San Jose,43,True,True,C,REAR END,,Monday,NotApplicable,False,,,False,True,False,SANTA CLARA SUPERIOR COURT HALL OF JUSTICE,C,OTHER MOTOR VEHICLE,,0.0,0.0,CLEAR,, NO UNUSUAL CONDITIONS,, ,A,DAYLIGHT,37.250886,-121.931766,,,,,A,NO PEDESTRIANS INVOLVED,7/25/2022 3:06:00 PM,A,VC 22350,False,1.0,SR-85 S/B,,,8/4/2022 12:00:00 AM,A,N,70.0,UNION AVE,F,,D,8/4/2022 2:19:56 PM,8/4/2022 2:19:56 PM,False,True,4,,,,,,,
1833324,9340-2022-02715,1,False,9340,7/27/2022 5:40:00 PM,1740,110,1368,4313,San Jose,43,True,True,C,REAR END,,Wednesday,Yes,False,,,False,True,False,SANTA CLARA SUPERIOR COURT HALL OF JUSTICE,C,OTHER MOTOR VEHICLE,,1.0,0.0,CLEAR,, NO UNUSUAL CONDITIONS,, ,A,DAYLIGHT,37.318644,-121.832259,,,,,A,NO PEDESTRIANS INVOLVED,7/27/2022 5:40:00 PM,A,VC 22350,False,1.0,US-101 S/B FROM TULLY ROAD W/B,,,8/4/2022 12:00:00 AM,A,N,120.0,TULLY RD,F,,A,8/4/2022 2:07:12 PM,8/4/2022 2:07:12 PM,False,True,4,False,,,,,,
1833313,9340-2022-02672,1,False,9340,7/24/2022 7:35:00 PM,1935,120,1368,4313,San Jose,43,True,True,E,HIT OBJECT,,Sunday,Yes,False,,,False,True,False,SANTA CLARA SUPERIOR COURT HALL OF JUSTICE,I,FIXED OBJECT,CHAIN LINK FENCE,1.0,0.0,CLEAR,, NO UNUSUAL CONDITIONS,, ,A,DAYLIGHT,37.379531,-121.954352,,,,,A,NO PEDESTRIANS INVOLVED,7/24/2022 7:35:00 PM,A,VC 23152(a),True,1.0,US-101 N/B,,,8/4/2022 12:00:00 AM,A,S,2500.0,MONTAGUE EXPY,F,,D,8/4/2022 1:59:33 PM,8/4/2022 1:59:33 PM,False,True,4,,,,,,,
1833071,9340-2022-02712,1,False,9340,7/27/2022 3:35:00 PM,1535,681,1368,4313,San Jose,43,True,True,C,REAR END,,Wednesday,NotApplicable,False,M,,False,True,False,SANTA CLARA SUPERIOR COURT HALL OF JUSTICE,C,OTHER MOTOR VEHICLE,,0.0,0.0,CLEAR,, NO UNUSUAL CONDITIONS,, ,A,DAYLIGHT,37.355165,-121.838044,,,,,A,NO PEDESTRIANS INVOLVED,7/27/2022 3:35:00 PM,A,VC 22350,False,1.0,I-680 N/B TO ALUM ROCK AVENUE,,,8/4/2022 12:00:00 AM,A,S,111.0,CAPITOL EXPY,F,,D,8/4/2022 10:05:51 AM,8/4/2022 10:05:51 AM,False,True,4,,,,,,,
1833061,9340-2022-02704,1,False,9340,7/27/2022 7:30:00 AM,730,088,1368,4313,San Jose,43,True,True,C,REAR END,,Wednesday,Yes,False,,,False,True,True,SANTA CLARA SUPERIOR COURT HALL OF JUSTICE,C,OTHER MOTOR VEHICLE,,1.0,0.0,CLEAR,, NO UNUSUAL CONDITIONS,, ,A,DAYLIGHT,37.339189,-121.930216,,,,,A,NO PEDESTRIANS INVOLVED,7/27/2022 7:30:00 AM,A,VC 21658(A),False,1.0,I-880 N/B,,,8/4/2022 12:00:00 AM,A,S,1150.0,THE ALAMEDA,F,,D,8/4/2022 10:00:28 AM,8/4/2022 10:00:28 AM,False,True,4,,,,,,,
1833050,9340-2022-02725,1,False,9340,7/28/2022 6:20:00 PM,1820,282,1368,4313,San Jose,43,True,True,C,REAR END,,Thursday,NotApplicable,False,,,False,True,True,SANTA CLARA SUPERIOR COURT HALL OF JUSTICE,C,OTHER MOTOR VEHICLE,,0.0,0.0,CLEAR,, NO UNUSUAL CONDITIONS,, ,A,DAYLIGHT,37.317055,-121.942915,,,,,A,NO PEDESTRIANS INVOLVED,7/28/2022 6:20:00 PM,A,VC 22350,False,1.0,I-280 S/B,,,8/4/2022 12:00:00 AM,A,N,700.0,I-880,F,,D,8/4/2022 9:54:23 AM,8/4/2022 9:54:23 AM,False,True,4,,,,,,,
1833041,9340-2022-02705,1,False,9340,7/27/2022 7:35:00 AM,735,120,1368,4313,San Jose,43,True,True,C,REAR END,,Wednesday,NotApplicable,False,,,False,True,False,SANTA CLARA SUPERIOR COURT HALL OF JUSTICE,C,OTHER MOTOR VEHICLE,,1.0,0.0,CLEAR,, NO UNUSUAL CONDITIONS,, ,A,DAYLIGHT,37.36346,-121.893452,,,,,A,NO PEDESTRIANS INVOLVED,7/27/2022 7:35:00 AM,A,VC 22350,False,1.0,US101 N/B FROM OAKLAND ROAD,,,8/4/2022 12:00:00 AM,A,N,500.0,OAKLAND ROAD,F,,A,8/4/2022 9:47:44 AM,8/4/2022 9:47:44 AM,False,True,4,,,,,,,
1833038,9340-2022-02721,1,False,9340,7/28/2022 8:45:00 AM,845,110,1368,4313,San Jose,43,True,True,C,REAR END,,Thursday,NotApplicable,False,,,False,True,False,SANTA CLARA SUPERIOR COURT HALL OF JUSTICE,C,OTHER MOTOR VEHICLE,,0.0,0.0,CLEAR,, NO UNUSUAL CONDITIONS,, ,A,DAYLIGHT,37.353171,-121.867,,,,,A,NO PEDESTRIANS INVOLVED,7/28/2022 8:45:00 AM,A,VC 22350,False,1.0,US 101 S/B TO MCKEE RD. ,,,8/4/2022 12:00:00 AM,A,N,10.0,MCKEE RD.,F,,A,8/4/2022 9:47:08 AM,8/4/2022 9:47:08 AM,False,True,4,,,,,,,
1833011,9340-2022-02692,1,False,9340,7/26/2022 8:30:00 AM,830,281,1368,4313,San Jose,43,True,True,C,REAR END,,Tuesday,NotApplicable,False,,,False,True,True,SANTA CLARA SUPERIOR COURT HALL OF JUSTICE,C,OTHER MOTOR VEHICLE,,1.0,0.0,CLEAR,, NO UNUSUAL CONDITIONS,, ,A,DAYLIGHT,37.317127,-121.932176,,,,,A,NO PEDESTRIANS INVOLVED,7/26/2022 8:30:00 AM,D,,,,I-280 N/B,,,8/4/2022 12:00:00 AM,A,N,32.0,BASCOM AVE,F,,D,8/4/2022 9:15:36 AM,8/4/2022 9:15:36 AM,False,True,4,,,,,,,
1832986,9340-2022-02693,1,False,9340,7/26/2022 8:00:00 AM,800,281,1368,4313,San Jose,43,True,True,E,HIT OBJECT,,Tuesday,NotApplicable,False,,,False,True,False,SANTA CLARA SUPERIOR COURT HALL OF JUSTICE,I,FIXED OBJECT,CONCRETE BARRIER,0.0,0.0,CLEAR,, NO UNUSUAL CONDITIONS,, ,A,DAYLIGHT,37.317158,-121.932402,,,,,A,NO PEDESTRIANS INVOLVED,7/26/2022 8:00:00 AM,A,VC 22107,False,1.0,I-280 N/B,,,8/4/2022 12:00:00 AM,A,N,100.0,BASCOM AVE,F,,D,8/4/2022 8:57:30 AM,8/4/2022 8:57:30 AM,False,True,4,,,,,,,
1832978,9340-2022-02694,2,False,9340,7/26/2022 11:30:00 AM,1130,681,1368,4313,San Jose,43,True,True,E,HIT OBJECT,,Tuesday,Yes,False,,,False,True,True,SANTA CLARA SUPERIOR COURT HALL OF JUSTICE,J,OTHER OBJECT,ALUMINUM DEBRIS,0.0,0.0,CLEAR,, NO UNUSUAL CONDITIONS,, ,A,DAYLIGHT,37.339756,-121.851469,,,,,A,NO PEDESTRIANS INVOLVED,7/26/2022 11:30:00 AM,A,VC 22350,False,1.0,I-680 N/B,,,8/18/2022 12:00:00 AM,A,N,10.0,US-101,F,,A,8/4/2022 8:50:56 AM,8/18/2022 8:13:32 AM,False,True,4,,,,,,,
1832937,9340-2022-02698,1,False,9340,7/26/2022 6:00:00 PM,1800,110,1368,4313,San Jose,43,True,True,B,SIDE SWIPE,,Tuesday,NotApplicable,False,,,False,True,False,SANTA CLARA SUPERIOR COURT HALL OF JUSTICE,C,OTHER MOTOR VEHICLE,,0.0,0.0,CLEAR,, NO UNUSUAL CONDITIONS,, ,A,DAYLIGHT,37.339486,-121.849611,,,,,A,NO PEDESTRIANS INVOLVED,7/26/2022 6:00:00 PM,A,VC 21658(A),False,1.0,US-101 N/B TO I-680 N/B,,,8/4/2022 12:00:00 AM,A,S,510.0,I-680 N/B,F,,D,8/4/2022 8:13:22 AM,8/4/2022 8:13:22 AM,False,True,4,,,,,,,
1832918,9340-2022-02678,1,False,9340,7/25/2022 8:45:00 AM,845,089,1368,4313,San Jose,43,True,True,F,OVERTURNED,,Monday,NotApplicable,False,,,False,True,True,SANTA CLARA SUPERIOR COURT HALL OF JUSTICE,I,FIXED OBJECT,ASPHALT SHOULDER,1.0,0.0,CLEAR,, NO UNUSUAL CONDITIONS,, ,A,DAYLIGHT,37.364145,-121.903199,,,,,A,NO PEDESTRIANS INVOLVED,7/25/2022 8:45:00 AM,A,VC 22350,False,1.0,I-880 S/B TO US-101 S/B,,,8/4/2022 12:00:00 AM,A,N,243.0,I-880 S/B,F,,D,8/4/2022 7:58:22 AM,8/4/2022 7:58:22 AM,False,True,4,,,,,,,
1832902,9340-2022-02614,1,False,9340,7/20/2022 3:40:00 PM,1540,281,1368,4313,San Jose,43,True,True,B,SIDE SWIPE,,Wednesday,NotApplicable,False,M,,False,True,False,Santa Clara Superior Court Hall of Justice,C,OTHER MOTOR VEHICLE,,0.0,0.0,CLEAR,, NO UNUSUAL CONDITIONS,, ,A,DAYLIGHT,37.315556,-121.916342,,,,,A,NO PEDESTRIANS INVOLVED,7/20/2022 3:40:00 PM,A,VC 22107,False,1.0,I-280 S/B TO MERIDIAN AVENUE,,,8/4/2022 12:00:00 AM,A,N,340.0,MERIDIAN AVE,F,,D,8/4/2022 7:40:27 AM,8/4/2022 7:40:27 AM,False,True,4,,,,,,,
1832896,9340-2022-02502,1,False,9340,7/13/2022 7:25:00 PM,1925,681,1368,4313,San Jose,43,True,True,B,SIDE SWIPE,,Wednesday,NotApplicable,False,M,,False,True,True,SANTA CLARA SUPERIOR COURT HALL OF JUSTICE,C,OTHER MOTOR VEHICLE,,1.0,0.0,CLEAR,, NO UNUSUAL CONDITIONS,, ,A,DAYLIGHT,37.404789,-121.877222,,,,,A,NO PEDESTRIANS INVOLVED,7/13/2022 7:25:00 PM,A,VC 22107,False,1.0,I-680 N/B,,,8/4/2022 12:00:00 AM,A,S,265.0,CROPLEY AVE,F,,D,8/4/2022 7:34:30 AM,8/4/2022 7:34:30 AM,False,True,4,,,,,,,
1832840,9340-2022-02646,1,False,9340,7/22/2022 5:30:00 PM,1730,087,1368,4313,San Jose,43,True,True,B,SIDE SWIPE,,Friday,NotApplicable,False,M,,False,True,False,SANTA CLARA SUPERIOR COURT HALL OF JUSTICE,C,OTHER MOTOR VEHICLE,,0.0,0.0,CLEAR,, NO UNUSUAL CONDITIONS,, ,A,DAYLIGHT,37.266993,-121.859069,,,,,A,NO PEDESTRIANS INVOLVED,7/22/2022 5:30:00 PM,A,VC 22107,False,1.0,SR-87 N/B,,,8/4/2022 12:00:00 AM,A,N,310.0,BRANHAM LN,F,,D,8/4/2022 5:33:55 AM,8/4/2022 5:33:55 AM,False,True,4,,,,,,,
1832598,9340-2022-02726,1,False,9340,7/28/2022 3:45:00 PM,1545,240,1368,4313,San Jose,43,True,True,C,REAR END,,Thursday,NotApplicable,False,,,False,True,True,SANTA CLARA SUPERIOR COURT HALL OF JUSTICE,C,OTHER MOTOR VEHICLE,,0.0,0.0,CLEAR,, NO UNUSUAL CONDITIONS,, ,A,DAYLIGHT,37.420289,-121.93949,,,,,A,NO PEDESTRIANS INVOLVED,7/28/2022 3:45:00 PM,A,VC 22350,False,1.0,SR-237 E/B,,,8/3/2022 12:00:00 AM,A,E,50.0,ZANKER ROAD,F,,D,8/3/2022 5:33:52 PM,8/3/2022 5:33:52 PM,False,True,4,,,,,,,
1832487,9340-2022-02702,1,False,9340,7/26/2022 2:50:00 PM,1450,070,1368,4313,San Jose,43,True,True,B,SIDE SWIPE,,Tuesday,NotApplicable,False,M,,False,True,False,SANTA CLARA SUPERIOR COURT HALL OF JUSTICE,C,OTHER MOTOR VEHICLE,,0.0,0.0,CLEAR,, NO UNUSUAL CONDITIONS,, ,A,DAYLIGHT,37.372569,-121.902314,,,,,A,NO PEDESTRIANS INVOLVED,7/26/2022 2:50:00 PM,A,VC 22107,False,1.0,I-880 S/B,,,8/3/2022 12:00:00 AM,A,N,1920.0,OLD BAYSHORE HWY,F,,D,8/3/2022 2:58:23 PM,8/3/2022 2:58:23 PM,False,True,4,,,,,,,
1832428,9340-2022-02653,1,False,9340,7/22/2022 8:30:00 PM,2030,110,1368,4313,San Jose,43,True,True,B,SIDE SWIPE,,Friday,Yes,False,,,False,True,True,SANTA CLARA SUPERIOR COURT HALL OF JUSTICE,C,OTHER MOTOR VEHICLE,,1.0,0.0,CLEAR,, NO UNUSUAL CONDITIONS,, ,B,DUSK-DAWN,37.332648,-121.844508,,,,,A,NO PEDESTRIANS INVOLVED,7/22/2022 8:30:00 PM,A,VC 22107,True,1.0,US 101 N/B TO I-280/I-680,,,8/3/2022 12:00:00 AM,A,S,1870.0,STORY ROAD,F,,D,8/3/2022 1:59:30 PM,8/3/2022 1:59:30 PM,False,True,4,,,,,,,
1832418,9340-2022-02710,1,False,9340,7/27/2022 5:30:00 PM,1730,240,1368,4313,San Jose,43,True,True,C,REAR END,,Wednesday,NotApplicable,False,M,,False,True,False,SANTA CLARA SUPERIOR COURT HALL OF JUSTICE,C,OTHER MOTOR VEHICLE,,0.0,0.0,CLEAR,, NO UNUSUAL CONDITIONS,, ,A,DAYLIGHT,37.422443,-121.929558,,,,,A,NO PEDESTRIANS INVOLVED,7/27/2022 5:30:00 PM,A,VC 22350,False,1.0,SR-237 W/B,,,8/3/2022 12:00:00 AM,A,W,2000.0,MCCARTHY BLVD,F,,D,8/3/2022 1:48:13 PM,8/3/2022 1:48:13 PM,False,True,4,,,,,,,
1832414,9340-2022-02604,1,False,9340,7/19/2022 5:00:00 PM,1700,089,1368,4313,San Jose,43,True,True,B,SIDE SWIPE,,Tuesday,NotApplicable,False,,,False,True,False,SANTA CLARA SUPERIOR COURT HALL OF JUSTICE,C,OTHER MOTOR VEHICLE,,0.0,0.0,CLEAR,, NO UNUSUAL CONDITIONS,, ,A,DAYLIGHT,37.363446,-121.902553,,,,,A,NO PEDESTRIANS INVOLVED,7/19/2022 5:00:00 PM,A,VC 22107,False,,I-880 S/B,,,8/3/2022 12:00:00 AM,A,S,260.0,US 101 S/B,F,,D,8/3/2022 1:44:49 PM,8/3/2022 1:44:49 PM,False,True,4,,,,,,,
1832344,9340-2022-02641,1,False,9340,7/22/2022 9:30:00 AM,930,110,1368,4313,San Jose,43,True,True,C,REAR END,,Friday,NotApplicable,False,,,False,True,False,SANTA CLARA SUPERIOR COURT HALL OF JUSTICE,C,OTHER MOTOR VEHICLE,,0.0,0.0,CLEAR,, NO UNUSUAL CONDITIONS,, ,A,DAYLIGHT,37.319114,-121.83323,,,,,A,NO PEDESTRIANS INVOLVED,7/22/2022 9:30:00 AM,A,VC 22350,False,1.0,US-101 S/B TO TULLY ROAD,,,8/3/2022 12:00:00 AM,A,S,495.0,TULLY ROAD,F,,A,8/3/2022 12:53:54 PM,8/3/2022 12:53:54 PM,False,True,4,,,,,,,
1832319,9340-2022-02647,1,False,9340,7/22/2022 4:48:00 PM,1648,120,1368,4313,San Jose,43,True,True,C,REAR END,,Friday,NotApplicable,False,,,False,True,True,SANTA CLARA SUPERIOR COURT HALL OF JUSTICE,C,OTHER MOTOR VEHICLE,,1.0,0.0,CLEAR,, NO UNUSUAL CONDITIONS,, ,A,DAYLIGHT,37.368779,-121.90908,,,,,A,NO PEDESTRIANS INVOLVED,7/22/2022 4:48:00 PM,A,VC 22350,False,1.0,US-101 S/B,,,8/3/2022 12:00:00 AM,A,N,0.5,I-880,M,,D,8/3/2022 12:24:02 PM,8/3/2022 12:24:02 PM,False,True,4,,,,,,,
1832310,9340-2022-02639,1,False,9340,7/22/2022 12:52:00 PM,1252,088,1368,4313,San Jose,43,True,True,C,REAR END,,Friday,NotApplicable,False,M,,False,True,False,SANTA CLARA SUPERIOR COURT HALL OF JUSTICE,C,OTHER MOTOR VEHICLE,,0.0,0.0,CLEAR,, NO UNUSUAL CONDITIONS,, ,A,DAYLIGHT,37.347624,-121.916066,,,,,A,NO PEDESTRIANS INVOLVED,7/22/2022 12:52:00 PM,A,VC 22350,False,1.0,I-880 N/B TO COLEMAN AVENUE,,,8/3/2022 12:00:00 AM,A,S,45.0,COLEMAN AVENUE,F,,A,8/3/2022 12:12:41 PM,8/3/2022 12:12:41 PM,False,True,4,,,,,,,
1832281,9340-2022-02697,1,False,9340,7/26/2022 5:20:00 PM,1720,281,1368,4313,San Jose,43,True,True,C,REAR END,,Tuesday,NotApplicable,False,,,False,True,True,SANTA CLARA SUPERIOR COURT HALL OF JUSTICE,C,OTHER MOTOR VEHICLE,,0.0,0.0,CLEAR,, NO UNUSUAL CONDITIONS,, ,A,DAYLIGHT,37.31641,-121.90594,,,,,A,NO PEDESTRIANS INVOLVED,7/26/2022 5:20:00 PM,A,VC 22350,False,1.0,I-280 S/B,,,8/3/2022 12:00:00 AM,A,S,270.0,LINCOLN AVE,F,,D,8/3/2022 11:36:39 AM,8/3/2022 11:36:39 AM,False,True,4,,,,,,,