Collision Id,	Report Number,	Report Version,	Is Preliminary,	NCIC Code,Crash Date Time,	Crash Time Description,	Beat,City Id,	City Code,	City Name,County Code,	City Is Active,	City Is Incorporated,	Collision Type Code,Collision Type Description,	Collision Type Other Desc,	Day Of Week,	DispatchNotified,	HasPhotographs,	HitRun,	IsAttachmentsMailed,	IsDeleted,	IsHighwayRelated,	IsTowAway,	JudicialDistrict,	MotorVehicleInvolvedWithCode,	MotorVehicleInvolvedWithDesc,MotorVehicleInvolvedWithOtherDesc,	NumberInjured,	NumberKilled,Weather 1, Weather 2, Road Condition 1, Road Condition 2, Special Condition,LightingCode, LightingDescription,Latitude,Longitude,MilepostDirection,MilepostDistance,MilepostMarker,MilepostUnitOfMeasure,	PedestrianActionCode,PedestrianActionDesc,PreparedDate,	Primary Collision Factor Code,Primary Collision Factor Violation,PrimaryCollisionFactorIsCited,	PrimaryCollisionPartyNumber,	PrimaryRoad,	ReportingDistrict,	ReportingDistrictCode,ReviewedDate,	RoadwaySurfaceCode,SecondaryDirection,	SecondaryDistance,	SecondaryRoad,	SecondaryUnitOfMeasure,	SketchDesc,	TrafficControlDeviceCode,CreatedDate,	ModifiedDate,IsCountyRoad,IsFreeway,CHP555Version,	IsAdditonalObjectStruck,NotificationDate,	NotificationTimeDescription,	HasDigitalMediaFiles,	EvidenceNumber,	IsLocationReferToNarrative,	IsAOIOneSameAsLocation
1864075,9340-2022-03331,1,False,9340,9/6/2022 7:20:00 AM,720,087,1368,4313,San Jose,43,True,True,B,SIDE SWIPE,,Tuesday,NotApplicable,False,M,,False,True,False,SANTA CLARA SUPERIOR COURT HALL OF JUSTICE,C,OTHER MOTOR VEHICLE,,0.0,0.0,CLEAR,, NO UNUSUAL CONDITIONS,, ,A,DAYLIGHT,37.272603,-121.862356,,,,,A,NO PEDESTRIANS INVOLVED,9/6/2022 7:20:00 AM,A,VC 22350,False,1.0,SR 87 N/B,,,9/14/2022 12:00:00 AM,A,S,1670.0,CAPITOL EXPRESSWAY,F,,A,9/14/2022 7:40:55 AM,9/14/2022 7:40:55 AM,False,True,4,,,,,,,
1864072,9340-2022-03315,1,False,9340,9/4/2022 4:00:00 PM,1600,087,1368,4313,San Jose,43,True,True,H,OTHER,OBJECT HIT VEHICLE,Sunday,NotApplicable,False,,,False,True,False,SANTA CLARA SUPERIOR COURT HALL OF JUSTICE,J,OTHER OBJECT,PVC PIPE,0.0,0.0,CLEAR,, NO UNUSUAL CONDITIONS,, ,A,DAYLIGHT,37.299905,-121.875148,,,,,A,NO PEDESTRIANS INVOLVED,9/4/2022 4:00:00 PM,A,VC 22350,False,1.0,SR-87 N/B,,,9/14/2022 12:00:00 AM,A,S,800.0,ALMADEN EXPY,F,,D,9/14/2022 7:36:54 AM,9/14/2022 7:36:54 AM,False,True,4,,,,,,,
1864069,9340-2022-03292,1,False,9340,9/2/2022 7:45:00 PM,1945,089,1368,4313,San Jose,43,True,True,B,SIDE SWIPE,,Friday,NotApplicable,False,,,False,True,False,Santa Clara Superior Court Hall of Justice,C,OTHER MOTOR VEHICLE,,0.0,0.0,CLEAR,, NO UNUSUAL CONDITIONS,, ,D,DARK-NO STREET LIGHTS,37.36436,-121.90194,,,,,A,NO PEDESTRIANS INVOLVED,9/2/2022 7:45:00 PM,A,VC 21658(A),False,,I-880 S/B,,,9/14/2022 12:00:00 AM,A,S,1090.0,OLD BAYSHORE HWY,F,,D,9/14/2022 7:31:20 AM,9/14/2022 7:31:20 AM,False,True,4,,,,,,,
1863571,9340-2022-03258,1,False,9340,8/31/2022 9:18:00 PM,2118,110,1368,4313,San Jose,43,True,True,D,BROADSIDE,,Wednesday,Yes,False,,,False,True,True,SANTA CLARA SUPERIOR COURT HALL OF JUSTICE,C,OTHER MOTOR VEHICLE,,1.0,0.0,CLEAR,, NO UNUSUAL CONDITIONS,, ,C,DARK-STREET LIGHTS,37.322442,-121.83557,,,,,A,NO PEDESTRIANS INVOLVED,8/31/2022 9:18:00 PM,A,VC 22107,False,1.0,US-101 S/B ,,,9/13/2022 12:00:00 AM,A,N,1945.0,TULLY RD,F,,D,9/13/2022 2:19:59 PM,9/13/2022 2:19:59 PM,False,True,4,,,,,,,
1863524,9340-2022-03355,1,False,9340,9/7/2022 8:40:00 PM,2040,087,1368,4313,San Jose,43,True,True,C,REAR END,,Wednesday,NotApplicable,False,,,False,True,False,Santa Clara Superior Court Hall of Justice,C,OTHER MOTOR VEHICLE,,0.0,0.0,CLEAR,, NO UNUSUAL CONDITIONS,, ,D,DARK-NO STREET LIGHTS,37.298819,-121.875002,,,,,A,NO PEDESTRIANS INVOLVED,9/7/2022 8:40:00 PM,A,VC 22350,False,,SR-87 S/B,,,9/13/2022 12:00:00 AM,A,N,1548.0,CURTNER AVENUE,F,,D,9/13/2022 1:35:46 PM,9/13/2022 1:35:46 PM,False,True,4,,,,,,,
1863487,9340-2022-03351,1,False,9340,9/7/2022 5:20:00 PM,1720,230,1368,4313,San Jose,43,True,True,C,REAR END,,Wednesday,NotApplicable,False,,,False,True,True,SANTA CLARA SUPERIOR COURT HALL OF JUSTICE,C,OTHER MOTOR VEHICLE,,0.0,0.0,CLEAR,, NO UNUSUAL CONDITIONS,, ,A,DAYLIGHT,37.417505,-121.972997,,,,,A,NO PEDESTRIANS INVOLVED,9/7/2022 5:20:00 PM,A,VC 22350,False,1.0,SR-237 E/B,,,9/13/2022 12:00:00 AM,A,E,1360.0,GREAT AMERICA PARKWAY,F,,D,9/13/2022 1:14:53 PM,9/13/2022 1:14:53 PM,False,True,4,,,,,,,
1863475,9340-2022-03352,1,False,9340,9/7/2022 5:15:00 PM,1715,281,1368,4313,San Jose,43,True,True,B,SIDE SWIPE,,Wednesday,NotApplicable,False,,,False,True,False,SANTA CLARA SUPERIOR COURT HALL OF JUSTICE,C,OTHER MOTOR VEHICLE,,0.0,0.0,CLEAR,, NO UNUSUAL CONDITIONS,, ,A,DAYLIGHT,37.3192,-121.902202,,,,,A,NO PEDESTRIANS INVOLVED,9/7/2022 5:15:00 PM,A,VC 21658(A),False,1.0,I-280 N/B,,,9/13/2022 12:00:00 AM,A,N,1552.0,BIRD STREET,F,,D,9/13/2022 1:05:47 PM,9/13/2022 1:05:47 PM,False,True,4,,,,,,,
1884268,9340-2022-03636,1,False,9340,9/26/2022 4:30:00 PM,1630,681,1368,4313,San Jose,43,True,True,B,SIDE SWIPE,,Monday,NotApplicable,False,,,False,True,False,SANTA CLARA SUPERIOR COURT HALL OF JUSTICE,C,OTHER MOTOR VEHICLE,,1.0,0.0,CLEAR,, NO UNUSUAL CONDITIONS,, ,A,DAYLIGHT,37.343322,-121.846555,,,,,A,NO PEDESTRIANS INVOLVED,9/26/2022 4:30:00 PM,A,VC 21658(A),False,1.0,I-680 S/B,,,10/6/2022 12:00:00 AM,A,N,1953.0,US-101,F,,D,10/6/2022 2:26:19 PM,10/6/2022 2:26:19 PM,False,True,4,,,,,,,
1884260,9340-2022-03615,1,False,9340,9/25/2022 3:40:00 PM,1540,110,1368,4313,San Jose,43,True,True,B,SIDE SWIPE,,Sunday,NotApplicable,False,M,,False,True,False,SANTA CLARA SUPERIOR COURT HALL OF JUSTICE,C,OTHER MOTOR VEHICLE,,0.0,0.0,CLEAR,, NO UNUSUAL CONDITIONS,, ,A,DAYLIGHT,37.358814,-121.8717,,,,,A,NO PEDESTRIANS INVOLVED,9/25/2022 3:40:00 PM,A,VC 22107,False,1.0,US-101 N/B,,,10/6/2022 12:00:00 AM,A,N,1409.0,JULIAN ST,F,,D,10/6/2022 2:20:48 PM,10/6/2022 2:20:48 PM,False,True,4,,,,,,,
1884227,9340-2022-03703,1,False,9340,9/30/2022 8:35:00 AM,835,087,1368,4313,San Jose,43,True,True,C,REAR END,,Friday,NotApplicable,False,,,False,True,True,SANTA CLARA SUPERIOR COURT HALL OF JUSTICE,C,OTHER MOTOR VEHICLE,,1.0,0.0,CLEAR,, NO UNUSUAL CONDITIONS,, ,A,DAYLIGHT,37.278687,-121.863333,,,,,A,NO PEDESTRIANS INVOLVED,9/30/2022 8:35:00 AM,A,VC 22350,False,1.0,SR-87 NB,,,10/6/2022 12:00:00 AM,A,N,686.0,CAPITOL EXPRESSWAY UNDER-CROSSING,F,,A,10/6/2022 2:03:01 PM,10/6/2022 2:03:01 PM,False,True,4,,,,,,,
1884219,9340-2022-03685,1,False,9340,9/29/2022 5:50:00 AM,550,110,1368,4313,San Jose,43,True,True,F,OVERTURNED,,Thursday,Yes,False,,,False,True,True,SANTA CLARA SUPERIOR COURT HALL OF JUSTICE,A,NON-COLLISION,,1.0,0.0,CLEAR,, NO UNUSUAL CONDITIONS,, ,A,DAYLIGHT,37.304068,-121.815815,,,,,A,NO PEDESTRIANS INVOLVED,9/29/2022 5:50:00 AM,A,VC 22107,False,1.0,US-101 N/B FROM CAPITOL EXPRESSWAY,,,10/6/2022 12:00:00 AM,A,N,40.0,CAPITOL EXPY,F,,D,10/6/2022 1:58:00 PM,10/6/2022 1:58:00 PM,False,True,4,,,,,,,
1884207,9340-2022-03673,1,False,9340,9/28/2022 1:30:00 PM,1330,281,1368,4313,San Jose,43,True,True,B,SIDE SWIPE,,Wednesday,NotApplicable,False,M,,False,True,False,SANTA CLARA SUPERIOR COURT HALL OF JUSTICE,C,OTHER MOTOR VEHICLE,,0.0,0.0,CLEAR,, NO UNUSUAL CONDITIONS,, ,A,DAYLIGHT,37.327459,-121.87841,,,,,A,NO PEDESTRIANS INVOLVED,9/28/2022 1:30:00 PM,A,VC 22107,False,1.0,I-280 S/B,,,10/6/2022 12:00:00 AM,A,N,750.0,7TH STREET,F,,D,10/6/2022 1:47:57 PM,10/6/2022 1:47:57 PM,False,True,4,,,,,,,
1884193,9340-2022-03665,1,False,9340,9/28/2022 12:15:00 AM,15,110,1368,4313,San Jose,43,True,True,F,OVERTURNED,,Wednesday,NotApplicable,False,,,False,True,True,SANTA CLARA SUPERIOR COURT HALL OF JUSTICE,A,NON-COLLISION,,0.0,0.0,CLEAR,, NO UNUSUAL CONDITIONS,, ,D,DARK-NO STREET LIGHTS,37.345161,-121.857686,,,,,A,NO PEDESTRIANS INVOLVED,9/28/2022 12:15:00 AM,A,VC 22107,False,1.0,US-101 SOUTHBOUND ,,,10/6/2022 12:00:00 AM,A,S,500.0,EAST SAN ANTONIO STREET,F,,D,10/6/2022 1:38:17 PM,10/6/2022 1:38:17 PM,False,True,4,,,,,,,
1884185,9340-2022-03657,1,False,9340,9/27/2022 12:50:00 PM,1250,681,1368,4313,San Jose,43,True,True,B,SIDE SWIPE,,Tuesday,No,False,M,,False,True,False,SANTA CLARA SUPERIOR COURT HALL OF JUSTICE,C,OTHER MOTOR VEHICLE,,0.0,0.0,CLEAR,, NO UNUSUAL CONDITIONS,, ,A,DAYLIGHT,37.360071,-121.841729,,,,,A,NO PEDESTRIANS INVOLVED,9/27/2022 12:50:00 PM,A,VC 22107,False,1.0,I-680 S/B FROM ALUM ROCK AVE W/ B,,,10/6/2022 12:00:00 AM,A,N,170.0,ALUM ROCK AVE,F,,A,10/6/2022 1:34:44 PM,10/6/2022 1:34:44 PM,False,True,4,,,,,,,
1884179,9340-2022-03625,1,False,9340,9/26/2022 12:10:00 AM,10,110,1368,4313,San Jose,43,True,True,E,HIT OBJECT,,Monday,NotApplicable,False,M,,False,True,True,SANTA CLARA SUPERIOR COURT HALL OF JUSTICE,I,FIXED OBJECT,CHAIN LINK FENCE,0.0,0.0,CLEAR,, NO UNUSUAL CONDITIONS,, ,C,DARK-STREET LIGHTS,37.35331,-121.86596,,,,,A,NO PEDESTRIANS INVOLVED,9/26/2022 12:10:00 AM,A,VC 22350,False,1.0,US-101 S/B TO MCKEE ROAD,,,10/6/2022 12:00:00 AM,A,S,200.0,E JULIAN ST,F,,D,10/6/2022 1:31:29 PM,10/6/2022 1:31:29 PM,False,True,4,,,,,,,
1884076,9340-2022-03683,1,False,9340,9/29/2022 4:14:00 AM,414,622,1368,4313,San Jose,43,True,True,E,HIT OBJECT,,Thursday,NotApplicable,False,M,,False,True,True,SANTA CLARA SUPERIOR COURT HALL OF JUSTICE,I,FIXED OBJECT,TREE,0.0,0.0,CLEAR,, NO UNUSUAL CONDITIONS,, ,E,DARK-STREET LIGHTS NOT FUNCTIONING*,37.398641,-121.87602,,,,,A,NO PEDESTRIANS INVOLVED,9/29/2022 4:14:00 AM,A,VC 22350,False,1.0,I-680 S/B TO EASTBOUND CAPITOL AVE,,,10/6/2022 12:00:00 AM,A,N,320.0,CAPITOL AVE,F,,D,10/6/2022 12:01:05 PM,10/6/2022 12:01:05 PM,False,True,4,,,,,,,
1883938,9340-2022-03684,1,False,9340,9/29/2022 10:00:00 AM,1000,110,1368,4313,San Jose,43,True,True,C,REAR END,,Thursday,Yes,False,,,False,True,True,SANTA CLARA SUPERIOR COURT HALL OF JUSTICE,C,OTHER MOTOR VEHICLE,,1.0,0.0,CLEAR,, NO UNUSUAL CONDITIONS,, ,A,DAYLIGHT,37.363117,-121.89083,,,,,A,NO PEDESTRIANS INVOLVED,9/29/2022 10:00:00 AM,A,VC 22350,False,,US-101 N/B,,,10/6/2022 12:00:00 AM,A,S,150.0,OAKLAND RD,F,,D,10/6/2022 10:08:05 AM,10/6/2022 10:08:05 AM,False,True,4,,,,,,,
1883928,9340-2022-03627,1,False,9340,9/26/2022 8:30:00 AM,830,110,1368,4313,San Jose,43,True,True,B,SIDE SWIPE,,Monday,NotApplicable,False,,,False,True,False,SANTA CLARA SUPERIOR COURT HALL OF JUSTICE,C,OTHER MOTOR VEHICLE,,0.0,0.0,CLEAR,, NO UNUSUAL CONDITIONS,, ,A,DAYLIGHT,37.303508,-121.815088,,,,,A,NO PEDESTRIANS INVOLVED,9/26/2022 8:30:00 AM,A,VC 22107,False,,US-101 N/B TO CAPITAL EXPRESSWAY,,,10/6/2022 12:00:00 AM,A,S,100.0,E CAPITOL EXPY,F,,D,10/6/2022 10:01:51 AM,10/6/2022 10:01:51 AM,False,True,4,,,,,,,
1883882,9340-2022-03696,1,False,9340,9/29/2022 3:55:00 PM,1555,281,1368,4313,San Jose,43,True,True,A,HEAD-ON,,Thursday,NotApplicable,False,,,False,True,False,SANTA CLARA SUPERIOR COURT HALL OF JUSTICE,I,FIXED OBJECT,GUARD RAIL,0.0,0.0,CLEAR,, NO UNUSUAL CONDITIONS,, ,A,DAYLIGHT,37.32205,-121.93982,,,,,A,NO PEDESTRIANS INVOLVED,9/29/2022 3:55:00 PM,A,VC 22350,False,1.0,I-280 N/B TO STEVENS CREEK,,,10/6/2022 12:00:00 AM,A,S,325.0,STEVENS CREEK,F,,D,10/6/2022 9:33:01 AM,10/6/2022 9:33:01 AM,False,True,4,,,,,,,
1883827,9340-2022-03674,1,False,9340,9/28/2022 6:06:00 PM,1806,120,1368,4313,San Jose,43,True,True,C,REAR END,,Wednesday,NotApplicable,False,M,,False,True,False,SANTA CLARA SUPERIOR COURT HALL OF JUSTICE,C,OTHER MOTOR VEHICLE,,0.0,0.0,CLEAR,, NO UNUSUAL CONDITIONS,, ,A,DAYLIGHT,37.372849,-121.924461,,,,,A,NO PEDESTRIANS INVOLVED,9/28/2022 6:06:00 PM,A,VC 22350,False,1.0,US-101 S/B,,,10/6/2022 12:00:00 AM,A,N,1402.0,BROKAW RD,F,,D,10/6/2022 8:46:09 AM,10/6/2022 8:46:09 AM,False,True,4,,,,,,,
1883750,9340-2022-03622,1,False,9340,9/25/2022 11:25:00 PM,2325,110,1368,4313,San Jose,43,True,True,A,HEAD-ON,,Sunday,Yes,False,,,False,True,True,SANTA CLARA SUPERIOR COURT HALL OF JUSTICE,C,OTHER MOTOR VEHICLE,,2.0,0.0,CLEAR,, NO UNUSUAL CONDITIONS,, ,C,DARK-STREET LIGHTS,37.295863,-121.809577,,,,,A,NO PEDESTRIANS INVOLVED,9/25/2022 11:25:00 PM,A,VC 21651(b),False,1.0,US-101 N/B TO YERBA BUENA ROAD,,,10/6/2022 12:00:00 AM,A,N,210.0,YERBA BUENA RD.,F,,A,10/6/2022 7:45:18 AM,10/6/2022 7:45:18 AM,False,True,4,,,,,,,
1883723,9340-2022-03637,1,False,9340,9/26/2022 5:50:00 PM,1750,281,1368,4313,San Jose,43,True,True,B,SIDE SWIPE,,Monday,NotApplicable,False,M,,False,True,False,SANTA CLARA SUPERIOR COURT HALL OF JUSTICE,C,OTHER MOTOR VEHICLE,,0.0,0.0,CLEAR,, NO UNUSUAL CONDITIONS,, ,A,DAYLIGHT,37.328164,-121.873727,,,,,A,NO PEDESTRIANS INVOLVED,9/26/2022 5:50:00 PM,A,VC 22107,False,1.0,I-280 N/B,,,10/6/2022 12:00:00 AM,A,N,500.0,10TH STREET,F,,D,10/6/2022 6:51:40 AM,10/6/2022 6:51:40 AM,False,True,4,,,,,,,
1883375,9340-2022-03691,2,False,9340,9/29/2022 2:35:00 PM,1435,230,1368,4313,San Jose,43,True,True,B,SIDE SWIPE,,Thursday,Yes,False,,,False,True,True,SANTA CLARA SUPERIOR COURT HALL OF JUSTICE,C,OTHER MOTOR VEHICLE,,1.0,0.0,CLEAR,, NO UNUSUAL CONDITIONS,, ,A,DAYLIGHT,37.418948,-121.962929,,,,,A,NO PEDESTRIANS INVOLVED,9/29/2022 2:35:00 PM,A,VC 22107,True,1.0,SR-237 E/B,,,10/30/2022 12:00:00 AM,A,W,1000.0,1ST ST,F,,D,10/5/2022 4:35:33 PM,10/30/2022 4:16:46 PM,False,True,4,,,,,,,
1883260,9340-2022-03677,1,False,9340,9/28/2022 2:15:00 PM,1415,087,1368,4313,San Jose,43,True,True,C,REAR END,,Wednesday,NotApplicable,False,,,False,True,True,SANTA CLARA SUPERIOR COURT HALL OF JUSTICE,C,OTHER MOTOR VEHICLE,,0.0,0.0,CLEAR,, NO UNUSUAL CONDITIONS,, ,A,DAYLIGHT,37.321631,-121.890148,,,,,A,NO PEDESTRIANS INVOLVED,9/28/2022 2:15:00 PM,A,VC 22350,False,1.0,SR-87 N/B TO I-280 S/B,,,10/5/2022 12:00:00 AM,A,S,847.0,I-280,F,,D,10/5/2022 3:04:23 PM,10/5/2022 3:04:23 PM,False,True,4,,,,,,,
1883231,9340-2022-03585,1,False,9340,9/23/2022 4:15:00 PM,1615,087,1368,4313,San Jose,43,True,True,B,SIDE SWIPE,,Friday,NotApplicable,False,M,,False,True,True,SANTA CLARA SUPERIOR COURT HALL OF JUSTICE,C,OTHER MOTOR VEHICLE,,0.0,0.0,CLEAR,, NO UNUSUAL CONDITIONS,, ,A,DAYLIGHT,37.305452,-121.879552,,,,,A,NO PEDESTRIANS INVOLVED,9/23/2022 4:15:00 PM,A,VC 21658(a),False,1.0,SR-87 N/B,,,10/5/2022 12:00:00 AM,A,N,427.0,ALMADEN ROAD,F,,D,10/5/2022 2:38:09 PM,10/5/2022 2:38:09 PM,False,True,4,,,,,,,
1883110,9340-2022-03658,1,False,9340,9/27/2022 3:07:00 PM,1507,281,1368,4313,San Jose,43,True,True,C,REAR END,,Tuesday,NotApplicable,False,,,False,True,False,SANTA CLARA SUPERIOR COURT HALL OF JUSTICE,C,OTHER MOTOR VEHICLE,,0.0,0.0,CLEAR,, NO UNUSUAL CONDITIONS,, ,A,DAYLIGHT,37.334095,-121.86123,,,,,A,NO PEDESTRIANS INVOLVED,9/27/2022 3:07:00 PM,A,VC 22107,False,1.0,I-280 S/B,,,10/5/2022 12:00:00 AM,A,N,1359.0,MCLAUGHLIN AVE,F,,D,10/5/2022 1:18:18 PM,10/5/2022 1:18:18 PM,False,True,4,,,,,,,
1883103,9340-2022-03659,1,False,9340,9/27/2022 6:25:00 PM,1825,120,1368,4313,San Jose,43,True,True,B,SIDE SWIPE,,Tuesday,NotApplicable,False,M,,False,True,False,SANTA CLARA SUPERIOR COURT HALL OF JUSTICE,C,OTHER MOTOR VEHICLE,,0.0,0.0,CLEAR,, NO UNUSUAL CONDITIONS,, ,A,DAYLIGHT,37.366726,-121.906676,,,,,A,NO PEDESTRIANS INVOLVED,9/27/2022 6:25:00 PM,A,VC 22107,False,1.0,US-101 S/B,,,10/5/2022 12:00:00 AM,A,S,860.0,OLD BAYSHORE HWY,F,,D,10/5/2022 1:13:44 PM,10/5/2022 1:13:44 PM,False,True,4,,,,,,,
1883097,9340-2022-03655,1,False,9340,9/27/2022 12:05:00 PM,1205,281,1368,4313,San Jose,43,True,True,B,SIDE SWIPE,,Tuesday,NotApplicable,False,M,,False,True,False,SANTA CLARA SUPERIOR COURT HALL OF JUSTICE,C,OTHER MOTOR VEHICLE,,0.0,0.0,CLEAR,, NO UNUSUAL CONDITIONS,, ,A,DAYLIGHT,37.32538,-121.885728,,,,,A,NO PEDESTRIANS INVOLVED,9/27/2022 12:05:00 PM,A,VC 22107,False,2.0,I-280 N/B,,,10/5/2022 12:00:00 AM,A,S,300.0,ALMADEN AVE,F,,D,10/5/2022 1:11:55 PM,10/5/2022 1:11:55 PM,False,True,4,,,,,,,
1883042,9340-2022-03679,1,False,9340,9/28/2022 5:00:00 PM,1700,110,1368,4313,San Jose,43,True,True,C,REAR END,,Wednesday,NotApplicable,False,M,,False,True,False,SANTA CLARA SUPERIOR COURT HALL OF JUSTICE,C,OTHER MOTOR VEHICLE,,0.0,0.0,CLEAR,, NO UNUSUAL CONDITIONS,, ,A,DAYLIGHT,37.285607,-121.809544,,,,,A,NO PEDESTRIANS INVOLVED,9/28/2022 5:00:00 PM,A,VC 22350,False,1.0,US-101 S/B,,,10/5/2022 12:00:00 AM,A,N,1500.0,HELLYER AVE,F,,D,10/5/2022 12:37:25 PM,10/5/2022 12:37:25 PM,False,True,4,,,,,,,
1883026,9340-2022-03678,1,False,9340,9/28/2022 4:50:00 PM,1650,110,1368,4313,San Jose,43,True,True,B,SIDE SWIPE,,Wednesday,NotApplicable,False,,,False,True,False,SANTA CLARA SUPERIOR COURT HALL OF JUSTICE,C,OTHER MOTOR VEHICLE,,0.0,0.0,CLEAR,, NO UNUSUAL CONDITIONS,, ,A,DAYLIGHT,37.272615,-121.803953,,,,,A,NO PEDESTRIANS INVOLVED,9/28/2022 4:50:00 PM,A,VC 21658(a),False,1.0,US-101 S/B,,,10/5/2022 12:00:00 AM,A,S,3500.0,HELLYER AVE,F,,D,10/5/2022 12:30:24 PM,10/5/2022 12:30:24 PM,False,True,4,,,,,,,
1883003,9340-2022-03672,1,False,9340,9/28/2022 4:30:00 PM,1630,282,1368,4313,San Jose,43,True,True,C,REAR END,,Wednesday,NotApplicable,False,,,False,True,False,SANTA CLARA SUPERIOR COURT HALL OF JUSTICE,C,OTHER MOTOR VEHICLE,,0.0,0.0,CLEAR,, NO UNUSUAL CONDITIONS,, ,A,DAYLIGHT,37.316332,-121.961066,,,,,A,NO PEDESTRIANS INVOLVED,9/28/2022 4:30:00 PM,A,VC 22350,False,1.0,I-280 S/B,,,10/5/2022 12:00:00 AM,A,S,780.0,SAN TOMAS EXPY,F,,D,10/5/2022 12:14:41 PM,10/5/2022 12:14:41 PM,False,True,4,,,,,,,
1882919,9340-2022-03638,1,False,9340,9/26/2022 5:45:00 PM,1745,089,1368,4313,San Jose,43,True,True,E,HIT OBJECT,,Monday,NotApplicable,False,,,False,True,True,SANTA CLARA SUPERIOR COURT HALL OF JUSTICE,I,FIXED OBJECT,CONCRETE WALL,0.0,0.0,CLEAR,, NO UNUSUAL CONDITIONS,, ,A,DAYLIGHT,37.372668,-121.902202,,,,,A,NO PEDESTRIANS INVOLVED,9/26/2022 5:45:00 PM,A,VC 22107,False,1.0,I-880 S/B,,,10/5/2022 12:00:00 AM,A,N,2000.0,OLD BAYSHORE HWY,F,,D,10/5/2022 11:08:04 AM,10/5/2022 11:08:04 AM,False,True,4,,,,,,,
1882913,9340-2022-03635,1,False,9340,9/26/2022 3:30:00 PM,1530,087,1368,4313,San Jose,43,True,True,C,REAR END,,Monday,NotApplicable,False,,,False,True,True,SANTA CLARA SUPERIOR COURT HALL OF JUSTICE,C,OTHER MOTOR VEHICLE,,0.0,0.0,CLEAR,, NO UNUSUAL CONDITIONS,, ,A,DAYLIGHT,37.316873,-121.889504,,,,,A,NO PEDESTRIANS INVOLVED,9/26/2022 3:30:00 PM,A,VC 22350,False,1.0,I-280 S/B TO SR-87 S/B,,,10/5/2022 12:00:00 AM,A,N,675.0,WILLOW ST,F,,D,10/5/2022 11:00:37 AM,10/5/2022 11:00:37 AM,False,True,4,,,,,,,
1882911,9340-2022-03639,1,False,9340,9/26/2022 1:15:00 PM,1315,088,1368,4313,San Jose,43,True,True,B,SIDE SWIPE,,Monday,NotApplicable,False,,,False,True,False,SANTA CLARA SUPERIOR COURT HALL OF JUSTICE,C,OTHER MOTOR VEHICLE,,0.0,0.0,CLEAR,, NO UNUSUAL CONDITIONS,, ,A,DAYLIGHT,37.363496,-121.902519,,,,,A,NO PEDESTRIANS INVOLVED,9/26/2022 1:15:00 PM,A,VC 22107,False,1.0,I-880 S/B TO US-101 S/B,,,10/5/2022 12:00:00 AM,A,S,200.0,US-101,F,,A,10/5/2022 10:58:14 AM,10/5/2022 10:58:14 AM,False,True,4,,,,,,,
1882873,9340-2021-13229,1,False,9340,9/26/2022 7:17:00 AM,717,110,1368,4313,San Jose,43,True,True,B,SIDE SWIPE,,Monday,NotApplicable,False,,,False,True,False,SANTA CLARA SUPERIOR COURT HALL OF JUSTICE,C,OTHER MOTOR VEHICLE,,0.0,0.0,CLEAR,, NO UNUSUAL CONDITIONS,, ,A,DAYLIGHT,37.353166,-121.864849,,,,,A,NO PEDESTRIANS INVOLVED,9/26/2022 7:17:00 AM,A,VC 21658(A),False,1.0,US-101 N/B,,,10/5/2022 12:00:00 AM,A,S,500.0,MCKEE RD,F,,D,10/5/2022 10:33:24 AM,10/5/2022 10:33:24 AM,False,True,4,,,,,,,
1882854,9340-2022-03614,1,False,9340,9/25/2022 8:05:00 AM,805,120,1368,4313,San Jose,43,True,True,C,REAR END,,Sunday,NotApplicable,False,,,False,True,False,Santa Clara Superior Court Hall of Justice,C,OTHER MOTOR VEHICLE,,0.0,0.0,CLEAR,, NO UNUSUAL CONDITIONS,, ,A,DAYLIGHT,37.3719,-121.920101,,,,,A,NO PEDESTRIANS INVOLVED,9/25/2022 8:05:00 AM,A,VC 22107,False,1.0,US101 S/B TO BROKAW RD.,,,10/5/2022 12:00:00 AM,A,N,40.0,BROKAW RD,F,,A,10/5/2022 10:24:17 AM,10/5/2022 10:24:17 AM,False,True,4,,,,,,,
1882846,9340-2022-03646,1,False,9340,9/23/2022 11:45:00 PM,2345,089,1368,4313,San Jose,43,True,True,C,REAR END,,Friday,Yes,False,,,False,True,False,SANTA CLARA SUPERIOR COURT HALL OF JUSTICE,C,OTHER MOTOR VEHICLE,,0.0,0.0,CLEAR,, NO UNUSUAL CONDITIONS,, ,C,DARK-STREET LIGHTS,37.43601,-121.91909,,,,,A,NO PEDESTRIANS INVOLVED,9/23/2022 11:45:00 PM,A,VC 22350,False,1.0,I-880 N/B,,,10/5/2022 12:00:00 AM,A,N,2500.0,SR-237,F,,D,10/5/2022 10:15:42 AM,10/5/2022 10:15:42 AM,False,True,4,,,,,,,
1882842,9340-2022-03613,1,False,9340,9/25/2022 7:20:00 AM,720,120,1368,4313,San Jose,43,True,True,E,HIT OBJECT,,Sunday,NotApplicable,False,,,False,True,True,Santa Clara Superior Court Hall of Justice,J,OTHER OBJECT,ATTENUATOR,1.0,0.0,CLEAR,, NO UNUSUAL CONDITIONS,, ,A,DAYLIGHT,37.377466,-121.946006,,,,,A,NO PEDESTRIANS INVOLVED,9/25/2022 7:20:00 AM,A,VC 22107,False,1.0,US-101 S/B,,,10/5/2022 12:00:00 AM,A,N,840.0,TRIMBLE RD,F,,D,10/5/2022 10:14:40 AM,10/5/2022 10:14:40 AM,False,True,4,,,,,,,