Collision Id,	Report Number,	Report Version,	Is Preliminary,	NCIC Code,Crash Date Time,	Crash Time Description,	Beat,City Id,	City Code,	City Name,County Code,	City Is Active,	City Is Incorporated,	Collision Type Code,Collision Type Description,	Collision Type Other Desc,	Day Of Week,	DispatchNotified,	HasPhotographs,	HitRun,	IsAttachmentsMailed,	IsDeleted,	IsHighwayRelated,	IsTowAway,	JudicialDistrict,	MotorVehicleInvolvedWithCode,	MotorVehicleInvolvedWithDesc,MotorVehicleInvolvedWithOtherDesc,	NumberInjured,	NumberKilled,Weather 1, Weather 2, Road Condition 1, Road Condition 2, Special Condition,LightingCode, LightingDescription,Latitude,Longitude,MilepostDirection,MilepostDistance,MilepostMarker,MilepostUnitOfMeasure,	PedestrianActionCode,PedestrianActionDesc,PreparedDate,	Primary Collision Factor Code,Primary Collision Factor Violation,PrimaryCollisionFactorIsCited,	PrimaryCollisionPartyNumber,	PrimaryRoad,	ReportingDistrict,	ReportingDistrictCode,ReviewedDate,	RoadwaySurfaceCode,SecondaryDirection,	SecondaryDistance,	SecondaryRoad,	SecondaryUnitOfMeasure,	SketchDesc,	TrafficControlDeviceCode,CreatedDate,	ModifiedDate,IsCountyRoad,IsFreeway,CHP555Version,	IsAdditonalObjectStruck,NotificationDate,	NotificationTimeDescription,	HasDigitalMediaFiles,	EvidenceNumber,	IsLocationReferToNarrative,	IsAOIOneSameAsLocation
1900673,9340-2022-03974,1,False,9340,10/16/2022 1:08:00 AM,108,281,1368,4313,San Jose,43,True,True,F,OVERTURNED,,Sunday,NotApplicable,False,M,,False,True,True,SANTA CLARA SUPERIOR COURT HALL OF JUSTICE,I,FIXED OBJECT,DIRT EMBANKMENT,0.0,0.0,CLEAR,, NO UNUSUAL CONDITIONS,, ,D,DARK-NO STREET LIGHTS,37.328496,-121.873844,,,,,A,NO PEDESTRIANS INVOLVED,10/16/2022 1:08:00 AM,A,VC 22107,False,1.0,I-280 N/B TO 7TH ST,,,10/27/2022 12:00:00 AM,A,S,200.0,7TH ST,F,,D,10/27/2022 6:47:54 AM,10/27/2022 6:47:54 AM,False,True,4,,,,,,,
1900666,9340-2022-03538,1,False,9340,9/20/2022 10:30:00 PM,2230,087,1368,4313,San Jose,43,True,True,C,REAR END,,Tuesday,NotApplicable,False,M,,False,True,False,SANTA CLARA SUPERIOR COURT HALL OF JUSTICE,C,OTHER MOTOR VEHICLE,,2.0,0.0,CLEAR,, NO UNUSUAL CONDITIONS,, ,D,DARK-NO STREET LIGHTS,37.255053,-121.856219,,,,,A,NO PEDESTRIANS INVOLVED,9/20/2022 10:30:00 PM,A,VC 22350,False,1.0,SR-87 S/B TO SR-85 S/B,,,10/27/2022 12:00:00 AM,A,S,530.0,SANTA TERESA BLVD,F,,D,10/27/2022 6:42:06 AM,10/27/2022 6:42:06 AM,False,True,4,,,,,,,
1900664,9340-2022-03967,1,False,9340,10/15/2022 3:55:00 PM,1555,088,1368,4313,San Jose,43,True,True,C,REAR END,,Saturday,NotApplicable,False,,,False,True,True,SANTA CLARA SUPERIOR COURT HALL OF JUSTICE,C,OTHER MOTOR VEHICLE,,0.0,0.0,CLEAR,, NO UNUSUAL CONDITIONS,, ,A,DAYLIGHT,37.348693,-121.918311,,,,,A,NO PEDESTRIANS INVOLVED,10/15/2022 3:55:00 PM,A,VC 22350,False,1.0,I-880 N/B,,,10/27/2022 12:00:00 AM,A,S,800.0,COLEMAN AVE,F,,D,10/27/2022 6:39:42 AM,10/27/2022 6:39:42 AM,False,True,4,,,,,,,
1900326,9340-2022-04031,1,False,9340,10/19/2022 6:20:00 PM,1820,230,1368,4313,San Jose,43,True,True,C,REAR END,,Wednesday,NotApplicable,False,,,False,True,False,SANTA CLARA SUPERIOR COURT HALL OF JUSTICE,C,OTHER MOTOR VEHICLE,,0.0,0.0,CLEAR,, NO UNUSUAL CONDITIONS,, ,D,DARK-NO STREET LIGHTS,37.418864,-121.964264,,,,,A,NO PEDESTRIANS INVOLVED,10/19/2022 6:20:00 PM,A,VC 22350,False,1.0,SR-237 E/B,,,10/26/2022 12:00:00 AM,A,W,1385.0,N FIRST STREET,F,,D,10/26/2022 6:24:30 PM,10/26/2022 6:24:30 PM,False,True,4,,,,,,,
1900322,9340-2022-03984,1,False,9340,10/17/2022 8:15:00 AM,815,172,1368,4313,San Jose,43,True,True,C,REAR END,,Monday,Yes,False,M,,False,True,True,SANTA CLARA SUPERIOR COURT HALL OF JUSTICE,C,OTHER MOTOR VEHICLE,,1.0,0.0,CLEAR,, NO UNUSUAL CONDITIONS,, ,A,DAYLIGHT,37.318386,-121.940532,,,,,A,NO PEDESTRIANS INVOLVED,10/17/2022 8:15:00 AM,A,VC 22350,False,1.0,SR-17 S/B FROM STEVENS CREEK BLVD ,,,10/26/2022 12:00:00 AM,A,S,1704.0,STEVENS CREEK BLVD,F,,D,10/26/2022 6:07:22 PM,10/26/2022 6:07:22 PM,False,True,4,,,,,,,
1900259,9340-2022-04121,1,False,9340,10/25/2022 4:25:00 PM,1625,110,1368,4313,San Jose,43,True,True,C,REAR END,,Tuesday,NotApplicable,False,,,False,True,False,SANTA CLARA SUPERIOR COURT HALL OF JUSTICE,C,OTHER MOTOR VEHICLE,,1.0,0.0,CLEAR,, NO UNUSUAL CONDITIONS,, ,A,DAYLIGHT,37.35948,-121.87334,,,,,A,NO PEDESTRIANS INVOLVED,10/25/2022 4:25:00 PM,A,VC 22350,False,1.0,US-101 S/B,,,10/26/2022 12:00:00 AM,A,S,1050.0,TAYLOR ST,F,,D,10/26/2022 3:51:45 PM,10/26/2022 3:51:45 PM,False,True,4,,,,,,,
1900254,9340-2022-04096,1,False,9340,10/23/2022 5:45:00 PM,1745,681,1368,4313,San Jose,43,True,True,C,REAR END,,Sunday,NotApplicable,False,M,,False,True,False,SANTA CLARA SUPERIOR COURT HALL OF JUSTICE,C,OTHER MOTOR VEHICLE,,0.0,0.0,CLEAR,, NO UNUSUAL CONDITIONS,, ,A,DAYLIGHT,37.3848,-121.86153,,,,,A,NO PEDESTRIANS INVOLVED,10/23/2022 5:45:00 PM,A,VC 22107,False,1.0,I-680 N/B TO BERRYESSA ROAD,,,10/26/2022 12:00:00 AM,A,S,200.0,BERRYESSA RD,F,,A,10/26/2022 3:48:08 PM,10/26/2022 3:48:08 PM,False,True,4,,,,,,,
1900203,9340-2022-04094,1,False,9340,10/23/2022 5:40:00 PM,1740,681,1368,4313,San Jose,43,True,True,C,REAR END,,Sunday,NotApplicable,False,,,False,True,False,SANTA CLARA SUPERIOR COURT HALL OF JUSTICE,C,OTHER MOTOR VEHICLE,,0.0,0.0,CLEAR,, NO UNUSUAL CONDITIONS,, ,A,DAYLIGHT,37.37034,-121.84872,,,,,A,NO PEDESTRIANS INVOLVED,10/23/2022 5:40:00 PM,A,VC 22350,False,1.0,I-680 S/B,,,10/26/2022 12:00:00 AM,A,N,790.0,MCKEE RD,F,,D,10/26/2022 3:00:26 PM,10/26/2022 3:00:26 PM,False,True,4,,,,,,,
1900196,9340-2022-04023,1,False,9340,10/19/2022 2:29:00 PM,1429,083,1368,4313,San Jose,43,True,True,C,REAR END,,Wednesday,NotApplicable,False,,,False,True,True,SANTA CLARA SUPERIOR COURT HALL OF JUSTICE,C,OTHER MOTOR VEHICLE,,0.0,0.0,CLEAR,, NO UNUSUAL CONDITIONS,, ,A,DAYLIGHT,37.250498,-121.913942,,,,,A,NO PEDESTRIANS INVOLVED,10/19/2022 2:29:00 PM,A,VC 22350,False,1.0,SR-85 S/B,,,10/26/2022 12:00:00 AM,A,N,1000.0,CAMDEN AVE,F,,D,10/26/2022 2:56:08 PM,10/26/2022 2:56:08 PM,False,True,4,,,,,,,
1900186,9340-2022-04093,1,False,9340,10/23/2022 5:10:00 PM,1710,681,1368,4313,San Jose,43,True,True,B,SIDE SWIPE,,Sunday,NotApplicable,False,F,,False,True,False,SANTA CLARA SUPERIOR COURT HALL OF JUSTICE,C,OTHER MOTOR VEHICLE,,1.0,0.0,CLEAR,, NO UNUSUAL CONDITIONS,, ,A,DAYLIGHT,37.36195,-121.84266,,,,,A,NO PEDESTRIANS INVOLVED,10/23/2022 5:10:00 PM,A,VC 22107,False,1.0,I-680 S/B,,,10/26/2022 12:00:00 AM,A,N,900.0,ALUM ROCK AVE,F,,D,10/26/2022 2:48:11 PM,10/26/2022 2:48:11 PM,False,True,4,,,,,,,
1900182,9340-2022-04092,1,False,9340,10/23/2022 4:45:00 PM,1645,681,1368,4313,San Jose,43,True,True,B,SIDE SWIPE,,Sunday,NotApplicable,False,,,False,True,False,SANTA CLARA SUPERIOR COURT HALL OF JUSTICE,C,OTHER MOTOR VEHICLE,,0.0,0.0,CLEAR,, NO UNUSUAL CONDITIONS,, ,A,DAYLIGHT,37.39451,-121.87371,,,,,A,NO PEDESTRIANS INVOLVED,10/23/2022 4:45:00 PM,A,VC 22107,False,1.0,I-680 S/B,,,10/26/2022 12:00:00 AM,A,S,160.0,HOSTETTER RD,F,,D,10/26/2022 2:45:59 PM,10/26/2022 2:45:59 PM,False,True,4,,,,,,,
1899987,9340-2022-04022,1,False,9340,10/19/2022 11:45:00 AM,1145,110,1368,4313,San Jose,43,True,True,B,SIDE SWIPE,,Wednesday,NotApplicable,False,,,False,True,False,SANTA CLARA SUPERIOR COURT HALL OF JUSTICE,C,OTHER MOTOR VEHICLE,,0.0,0.0,CLEAR,, NO UNUSUAL CONDITIONS,, ,A,DAYLIGHT,37.304064,-121.815816,,,,,A,NO PEDESTRIANS INVOLVED,10/19/2022 11:45:00 AM,A,VC 22107,False,1.0,US-101 N/B FROM CAPITOL EXPY.,,,10/26/2022 12:00:00 AM,A,N,50.0,CAPITOL EXPRESSWAY,F,,D,10/26/2022 12:36:32 PM,10/26/2022 12:36:32 PM,False,True,4,,,,,,,
1899965,9340-2022-04020,1,False,9340,10/19/2022 8:10:00 AM,810,110,1368,4313,San Jose,43,True,True,C,REAR END,,Wednesday,NotApplicable,False,,,False,True,False,SANTA CLARA SUPERIOR COURT HALL OF JUSTICE,C,OTHER MOTOR VEHICLE,,0.0,0.0,CLEAR,, NO UNUSUAL CONDITIONS,, ,A,DAYLIGHT,37.362959,-121.888584,,,,,A,NO PEDESTRIANS INVOLVED,10/19/2022 8:10:00 AM,A,VC 22350,False,1.0,US-101 N/B,,,10/26/2022 12:00:00 AM,A,S,300.0,OAKLAND RD.,F,,D,10/26/2022 12:20:37 PM,10/26/2022 12:20:37 PM,False,True,4,,,,,,,
1899871,9340-2022-03546,1,False,9340,9/18/2022 1:20:00 AM,120,120,1368,4313,San Jose,43,True,True,C,REAR END,,Sunday,NotApplicable,False,,,False,True,False,SANTA CLARA SUPERIOR COURT HALL OF JUSTICE,C,OTHER MOTOR VEHICLE,,0.0,0.0,CLEAR,, NO UNUSUAL CONDITIONS,, On-Duty Emergency Vehicle,C,DARK-STREET LIGHTS,37.38395,-121.97113,,,,,A,NO PEDESTRIANS INVOLVED,9/18/2022 1:20:00 AM,A,VC 22350,False,1.0,US-101 S/B,,,10/26/2022 12:00:00 AM,A,S,800.0,GREAT AMERICA PKY,F,,D,10/26/2022 11:00:58 AM,10/26/2022 11:00:58 AM,False,True,4,,,,,,,
1899854,9340-2022-03987,1,False,9340,10/17/2022 3:44:00 PM,1544,088,1368,4313,San Jose,43,True,True,C,REAR END,,Monday,NotApplicable,False,,,False,True,True,SANTA CLARA SUPERIOR COURT HALL OF JUSTICE,C,OTHER MOTOR VEHICLE,,5.0,0.0,CLEAR,, NO UNUSUAL CONDITIONS,, ,A,DAYLIGHT,37.338646,-121.931029,,,,,A,NO PEDESTRIANS INVOLVED,10/17/2022 3:44:00 PM,A,VC 22350,False,1.0,I-880 N/B,,,10/26/2022 12:00:00 AM,A,S,246.0,PARK AVE,F,,D,10/26/2022 10:49:25 AM,10/26/2022 10:49:25 AM,False,True,4,,,,,,,
1899848,9340-2022-03976,1,False,9340,10/16/2022 11:00:00 AM,1100,110,1368,4313,San Jose,43,True,True,E,HIT OBJECT,,Sunday,NotApplicable,False,,,False,True,True,SANTA CLARA SUPERIOR COURT HALL OF JUSTICE,I,FIXED OBJECT,CONCRETE BARRIER,0.0,0.0,CLEAR,, NO UNUSUAL CONDITIONS,, ,A,DAYLIGHT,37.324228,-121.837129,,,,,A,NO PEDESTRIANS INVOLVED,10/16/2022 11:00:00 AM,A,VC 22107,False,1.0,US-101 N/B,,,10/26/2022 12:00:00 AM,A,N,2607.0,TULLY RD,F,,D,10/26/2022 10:46:43 AM,10/26/2022 10:46:43 AM,False,True,4,,,,,,,
1899197,9340-2022-04077,2,False,9340,10/22/2022 2:05:00 PM,1405,681,1368,4313,San Jose,43,True,True,B,SIDE SWIPE,,Saturday,NotApplicable,False,,,False,True,False,SANTA CLARA SUPERIOR COURT HALL OF JUSTICE,C,OTHER MOTOR VEHICLE,,0.0,0.0,CLEAR,, NO UNUSUAL CONDITIONS,, ,A,DAYLIGHT,37.3439,-121.8454,,,,,A,NO PEDESTRIANS INVOLVED,10/22/2022 2:05:00 PM,A,VC 22107,False,1.0,I-680 N/B,,,12/17/2022 1:29:38 PM,A,N,230.0,KING RD,F,,D,10/25/2022 3:46:55 PM,12/17/2022 1:29:44 PM,False,True,4,,,,False,,,
1899129,9340-2022-04055,1,False,9340,10/20/2022 8:50:00 PM,2050,282,1368,4313,San Jose,43,True,True,C,REAR END,,Thursday,Yes,False,,,False,True,False,SANTA CLARA SUPERIOR COURT HALL OF JUSTICE,C,OTHER MOTOR VEHICLE,,6.0,0.0,CLEAR,, NO UNUSUAL CONDITIONS,, ,D,DARK-NO STREET LIGHTS,37.31615,-121.97022,,,,,A,NO PEDESTRIANS INVOLVED,10/20/2022 8:50:00 PM,A,VC 22350,False,1.0,I-280 S/B,,,10/25/2022 12:00:00 AM,A,S,1530.0,SARATOGA AVE,F,,D,10/25/2022 2:58:35 PM,10/25/2022 2:58:35 PM,False,True,4,,,,,,,
1899114,9340-2022-04040,1,False,9340,10/20/2022 3:50:00 PM,1550,120,1368,4313,San Jose,43,True,True,C,REAR END,,Thursday,NotApplicable,False,,,False,True,False,SANTA CLARA SUPERIOR COURT HALL OF JUSTICE,C,OTHER MOTOR VEHICLE,,1.0,0.0,CLEAR,, NO UNUSUAL CONDITIONS,, ,A,DAYLIGHT,37.38043,-121.95894,,,,,A,NO PEDESTRIANS INVOLVED,10/20/2022 3:50:00 PM,A,VC 22350,False,1.0,US-101 S/B,,,10/25/2022 12:00:00 AM,A,S,1530.0,MONTAGUE EXPY,F,,D,10/25/2022 2:47:31 PM,10/25/2022 2:47:31 PM,False,True,4,,,,,,,
1899053,9340-2022-03996,1,False,9340,10/17/2022 2:35:00 AM,235,110,1368,4313,San Jose,43,True,True,C,REAR END,,Monday,NotApplicable,False,,,False,True,True,Santa Clara Superior Court Hall of Justice,C,OTHER MOTOR VEHICLE,,0.0,0.0,CLEAR,, OBSTRUCTION ON ROADWAY*,, ,C,DARK-STREET LIGHTS,37.33218,-121.84451,,,,,A,NO PEDESTRIANS INVOLVED,10/17/2022 2:35:00 AM,A,VC 22350,False,1.0,US-101 N/B,,,10/25/2022 12:00:00 AM,A,S,1700.0,STORY RD,F,,D,10/25/2022 2:16:44 PM,10/25/2022 2:16:44 PM,False,True,4,,,,,,,
1899044,9340-2022-03583,1,False,9340,9/6/2022 10:17:00 AM,1017,281,1368,4313,San Jose,43,True,True,C,REAR END,,Tuesday,NotApplicable,False,M,,False,True,False,SANTA CLARA SUPERIOR COURT HALL OF JUSTICE,C,OTHER MOTOR VEHICLE,,0.0,0.0,CLEAR,, NO UNUSUAL CONDITIONS,, Late-Reported,A,DAYLIGHT,37.32935,-121.869358,,,,,A,NO PEDESTRIANS INVOLVED,9/6/2022 10:17:00 AM,A,VC 22350,False,1.0,I-280 N/B,,,10/25/2022 12:00:00 AM,A,S,583.0,11TH ST,F,,D,10/25/2022 2:12:34 PM,10/25/2022 2:12:34 PM,False,True,4,,,,,,,
1899040,9340-2022-03991,1,False,9340,10/17/2022 2:32:00 AM,232,110,1368,4313,San Jose,43,True,True,C,REAR END,,Monday,NotApplicable,False,,,False,True,True,SANTA CLARA SUPERIOR COURT HALL OF JUSTICE,C,OTHER MOTOR VEHICLE,,1.0,0.0,CLEAR,, OBSTRUCTION ON ROADWAY*,, ,C,DARK-STREET LIGHTS,37.33218,-121.84451,,,,,A,NO PEDESTRIANS INVOLVED,10/17/2022 2:32:00 AM,A,VC 22350,False,1.0,US-101 NB,,,10/25/2022 12:00:00 AM,A,S,1700.0,STORY RD,F,,D,10/25/2022 2:10:23 PM,10/25/2022 2:10:23 PM,False,True,4,,,,,,,
1899027,9340-2022-03990,1,False,9340,10/17/2022 2:30:00 AM,230,110,1368,4313,San Jose,43,True,True,E,HIT OBJECT,,Monday,NotApplicable,False,,,False,True,True,SANTA CLARA SUPERIOR COURT HALL OF JUSTICE,J,OTHER OBJECT,UNKNOWN OBJECT IN ROADWAY,0.0,0.0,CLEAR,, NO UNUSUAL CONDITIONS,, ,C,DARK-STREET LIGHTS,37.33218,-121.84451,,,,,A,NO PEDESTRIANS INVOLVED,10/17/2022 2:30:00 AM,A,VC 22350,False,1.0,US-101 NB,,,10/25/2022 12:00:00 AM,A,S,1700.0,STORY RD,F,,D,10/25/2022 2:03:56 PM,10/25/2022 2:03:56 PM,False,True,4,,,,,,,
1899020,9340-2022-03981,1,False,9340,10/16/2022 7:55:00 PM,1955,120,1368,4313,San Jose,43,True,True,C,REAR END,,Sunday,NotApplicable,False,M,,False,True,False,Santa Clara Superior Court Hall of Justice,C,OTHER MOTOR VEHICLE,,0.0,0.0,CLEAR,, NO UNUSUAL CONDITIONS,, ,A,DAYLIGHT,37.36451,-121.90223,,,,,A,NO PEDESTRIANS INVOLVED,10/16/2022 7:55:00 PM,A,VC 22350,False,,US-101 N/B,,,10/25/2022 12:00:00 AM,A,N,42.0,N. TENTH STREET,F,,D,10/25/2022 1:57:48 PM,10/25/2022 1:57:48 PM,False,True,4,,,,,,,
1899017,9340-2022-03845,1,False,9340,8/20/2022 2:00:00 PM,1400,087,1368,4313,San Jose,43,True,True,C,REAR END,,Saturday,NotApplicable,False,M,,False,True,False,SANTA CLARA SUPERIOR COURT HALL OF JUSTICE,C,OTHER MOTOR VEHICLE,,0.0,0.0,CLEAR,, NO UNUSUAL CONDITIONS,, Late-Reported,A,DAYLIGHT,37.32029,-121.8899,,,,,A,NO PEDESTRIANS INVOLVED,8/20/2022 2:00:00 PM,A,VC 22350,False,1.0,SR-87 N/B TO I-280,,,10/25/2022 12:00:00 AM,A,N,135.0,WEST VIRGINIA ST,F,,D,10/25/2022 1:55:19 PM,10/25/2022 1:55:19 PM,False,True,4,,,,,,,
1899015,9340-2022-03975,1,False,9340,10/16/2022 9:05:00 AM,905,681,1368,4313,San Jose,43,True,True,E,HIT OBJECT,,Sunday,NotApplicable,False,,,False,True,False,SANTA CLARA SUPERIOR COURT HALL OF JUSTICE,J,OTHER OBJECT,CORPSE,0.0,0.0,CLOUDY,, NO UNUSUAL CONDITIONS,, ,A,DAYLIGHT,37.359705,-121.841244,,,,,A,NO PEDESTRIANS INVOLVED,10/16/2022 9:05:00 AM,C,,,,I-680 S/B,,,10/25/2022 12:00:00 AM,A,N,6.0,ALUM ROCK AVE,F,,D,10/25/2022 1:53:37 PM,10/25/2022 1:53:37 PM,False,True,4,,,,,,,
1899000,9340-2022-03980,1,False,9340,10/16/2022 8:05:00 AM,805,120,1368,4313,San Jose,43,True,True,C,REAR END,,Sunday,NotApplicable,False,M,,False,True,False,SANTA CLARA SUPERIOR COURT HALL OF JUSTICE,C,OTHER MOTOR VEHICLE,,0.0,0.0,CLEAR,, NO UNUSUAL CONDITIONS,, ,C,DARK-STREET LIGHTS,37.36337,-121.89386,,,,,A,NO PEDESTRIANS INVOLVED,10/16/2022 8:05:00 AM,A,VC 22350,False,1.0,US-101 N/B,,,10/25/2022 12:00:00 AM,A,N,622.0,OLD OAKLAND RD,F,,D,10/25/2022 1:42:55 PM,10/25/2022 1:42:55 PM,False,True,4,,,,,,,
1898995,9340-2022-02690,1,False,9340,7/1/2022 12:45:00 PM,1245,110,1368,4313,San Jose,43,True,True,D,BROADSIDE,,Friday,NotApplicable,False,M,,False,True,True,SANTA CLARA SUPERIOR COURT HALL OF JUSTICE,C,OTHER MOTOR VEHICLE,,0.0,0.0,CLEAR,, NO UNUSUAL CONDITIONS,, ,A,DAYLIGHT,37.337143,-121.849818,,,,,A,NO PEDESTRIANS INVOLVED,7/1/2022 12:45:00 PM,A,VC 21658(A),False,1.0,US-101 S/B,,,10/25/2022 12:00:00 AM,A,N,540.0,STORY RD,F,,D,10/25/2022 1:39:33 PM,10/25/2022 1:39:33 PM,False,True,4,,,,,,,
1898950,9340-2022-03956,1,False,9340,10/14/2022 7:40:00 PM,1940,083,1368,4313,San Jose,43,True,True,C,REAR END,,Friday,Yes,False,,,False,True,False,SANTA CLARA SUPERIOR COURT HALL OF JUSTICE,C,OTHER MOTOR VEHICLE,,3.0,0.0,CLEAR,, NO UNUSUAL CONDITIONS,, ,B,DUSK-DAWN,37.25207,-121.84047,,,,,A,NO PEDESTRIANS INVOLVED,10/14/2022 7:40:00 PM,A,VC 22350,False,1.0,SR-85 S/B TO BLOSSOM HILL RD,,,10/25/2022 12:00:00 AM,A,N,680.0,BLOSSOM HILL RD,F,,D,10/25/2022 1:07:25 PM,10/25/2022 1:07:25 PM,False,True,4,,,,,,,
1898943,9340-2022-03951,1,False,9340,10/14/2022 7:25:00 PM,1925,083,1368,4313,San Jose,43,True,True,C,REAR END,,Friday,Yes,False,,,False,True,True,SANTA CLARA SUPERIOR COURT HALL OF JUSTICE,C,OTHER MOTOR VEHICLE,,2.0,0.0,CLEAR,, NO UNUSUAL CONDITIONS,, ,C,DARK-STREET LIGHTS,37.255,-121.847573,,,,,A,NO PEDESTRIANS INVOLVED,10/14/2022 7:25:00 PM,A,VC 22350,False,1.0,SR-85 S/B,,,10/25/2022 12:00:00 AM,A,S,3245.0,SANTA TERESA BLVD,F,,D,10/25/2022 1:01:13 PM,10/25/2022 1:01:13 PM,False,True,4,,,,,,,
1898938,9340-2022-03959,1,False,9340,10/14/2022 7:20:00 PM,1920,681,1368,4313,San Jose,43,True,True,C,REAR END,,Friday,NotApplicable,False,M,,False,True,False,SANTA CLARA SUPERIOR COURT HALL OF JUSTICE,C,OTHER MOTOR VEHICLE,,0.0,0.0,CLEAR,, NO UNUSUAL CONDITIONS,, ,D,DARK-NO STREET LIGHTS,37.36299,-121.843267,,,,,A,NO PEDESTRIANS INVOLVED,10/14/2022 7:20:00 PM,A,VC 22350,False,1.0,I-680 S/B,,,10/25/2022 12:00:00 AM,A,N,1310.0,ALUM ROCK AVE,F,,D,10/25/2022 12:58:35 PM,10/25/2022 12:58:35 PM,False,True,4,,,,,,,
1898901,9340-2022-03221,1,False,9340,8/29/2022 4:40:00 PM,1640,120,1368,4313,San Jose,43,True,True,H,OTHER,SPILLING LOAD,Monday,NotApplicable,True,M,,False,True,True,SANTA CLARA SUPERIOR COURT HALL OF JUSTICE,C,OTHER MOTOR VEHICLE,ROLLING DEBRI,0.0,0.0,CLEAR,, NO UNUSUAL CONDITIONS,, ,A,DAYLIGHT,37.375592,-121.935102,,,,,A,NO PEDESTRIANS INVOLVED,8/29/2022 4:40:00 PM,A,VC 23114(a),False,1.0,US-101 N/B,,,10/25/2022 12:00:00 AM,A,S,1898.0,DE LA CRUZ BLVD,F,,D,10/25/2022 12:36:17 PM,10/25/2022 12:36:17 PM,False,True,4,,,,,,,
1898628,9340-2022-03999,1,False,9340,10/18/2022 8:05:00 AM,805,083,1368,4313,San Jose,43,True,True,C,REAR END,,Tuesday,NotApplicable,False,,,False,True,False,SANTA CLARA SUPERIOR COURT HALL OF JUSTICE,C,OTHER MOTOR VEHICLE,,1.0,0.0,CLEAR,, NO UNUSUAL CONDITIONS,, ,A,DAYLIGHT,37.243445,-121.805886,,,,,A,NO PEDESTRIANS INVOLVED,10/18/2022 8:05:00 AM,A,VC 22350,False,1.0,SR-85 N/B FROM COTTLE RD. W/B,,,10/25/2022 12:00:00 AM,A,N,519.0,COTTLE RD.,F,,A,10/25/2022 9:40:16 AM,10/25/2022 9:40:16 AM,False,True,4,,,,,,,
1898566,9340-2022-03988,1,False,9340,10/17/2022 5:40:00 PM,1740,282,1368,4313,San Jose,43,True,True,C,REAR END,,Monday,NotApplicable,False,,,False,True,True,Santa Clara Superior Court Hall of Justice,C,OTHER MOTOR VEHICLE,,0.0,0.0,CLEAR,, NO UNUSUAL CONDITIONS,, ,A,DAYLIGHT,37.316324,-121.957479,,,,,A,NO PEDESTRIANS INVOLVED,10/17/2022 5:40:00 PM,A,VC 22350,False,1.0,I-280 S/B,,,10/25/2022 12:00:00 AM,A,N,2079.0,WINCHESTER BLVD,F,,D,10/25/2022 8:53:51 AM,10/25/2022 8:53:51 AM,False,True,4,,,,,,,
1898421,9340-2022-03937,1,False,9340,10/13/2022 5:30:00 PM,1730,281,1368,4313,San Jose,43,True,True,B,SIDE SWIPE,,Thursday,NotApplicable,False,,,False,True,False,SANTA CLARA SUPERIOR COURT HALL OF JUSTICE,C,OTHER MOTOR VEHICLE,,0.0,0.0,CLEAR,, NO UNUSUAL CONDITIONS,, ,A,DAYLIGHT,37.317597,-121.934435,,,,,A,NO PEDESTRIANS INVOLVED,10/13/2022 5:30:00 PM,A,VC 22107,False,1.0,I-280 N/B TO SR-17 S/B,,,10/25/2022 12:00:00 AM,A,S,397.0,MACARTHUR AVE,F,,D,10/25/2022 6:35:35 AM,10/25/2022 6:35:35 AM,False,True,4,,,,,,,
1898405,9340-2022-03919,1,False,9340,10/12/2022 7:00:00 PM,1900,282,1368,4313,San Jose,43,True,True,B,SIDE SWIPE,,Wednesday,NotApplicable,False,,,False,True,True,SANTA CLARA SUPERIOR COURT HALL OF JUSTICE,C,OTHER MOTOR VEHICLE,,0.0,0.0,CLEAR,, NO UNUSUAL CONDITIONS,, ,B,DUSK-DAWN,37.316845,-121.947343,,,,,A,NO PEDESTRIANS INVOLVED,10/12/2022 7:00:00 PM,A,VC 21658(a),False,1.0,I-280 N/B,,,10/25/2022 12:00:00 AM,A,S,762.0,WINCHESTER,F,,D,10/25/2022 6:16:34 AM,10/25/2022 6:16:34 AM,False,True,4,True,,,,,,
1898041,9340-2022-03971,1,False,9340,10/15/2022 11:15:00 PM,2315,110,1368,4313,San Jose,43,True,True,B,SIDE SWIPE,,Saturday,NotApplicable,False,M,,False,True,False,SANTA CLARA SUPERIOR COURT HALL OF JUSTICE,C,OTHER MOTOR VEHICLE,,0.0,0.0,CLEAR,, NO UNUSUAL CONDITIONS,, ,D,DARK-NO STREET LIGHTS,37.329435,-121.842298,,,,,A,NO PEDESTRIANS INVOLVED,10/15/2022 11:15:00 PM,A,VC 22107,False,1.0,US-101 S/B,,,10/24/2022 12:00:00 AM,A,S,2886.0,STORY ROAD,F,,D,10/24/2022 3:04:13 PM,10/24/2022 3:04:13 PM,False,True,4,,,,,,,