Collision Id,	Report Number,	Report Version,	Is Preliminary,	NCIC Code,Crash Date Time,	Crash Time Description,	Beat,City Id,	City Code,	City Name,County Code,	City Is Active,	City Is Incorporated,	Collision Type Code,Collision Type Description,	Collision Type Other Desc,	Day Of Week,	DispatchNotified,	HasPhotographs,	HitRun,	IsAttachmentsMailed,	IsDeleted,	IsHighwayRelated,	IsTowAway,	JudicialDistrict,	MotorVehicleInvolvedWithCode,	MotorVehicleInvolvedWithDesc,MotorVehicleInvolvedWithOtherDesc,	NumberInjured,	NumberKilled,Weather 1, Weather 2, Road Condition 1, Road Condition 2, Special Condition,LightingCode, LightingDescription,Latitude,Longitude,MilepostDirection,MilepostDistance,MilepostMarker,MilepostUnitOfMeasure,	PedestrianActionCode,PedestrianActionDesc,PreparedDate,	Primary Collision Factor Code,Primary Collision Factor Violation,PrimaryCollisionFactorIsCited,	PrimaryCollisionPartyNumber,	PrimaryRoad,	ReportingDistrict,	ReportingDistrictCode,ReviewedDate,	RoadwaySurfaceCode,SecondaryDirection,	SecondaryDistance,	SecondaryRoad,	SecondaryUnitOfMeasure,	SketchDesc,	TrafficControlDeviceCode,CreatedDate,	ModifiedDate,IsCountyRoad,IsFreeway,CHP555Version,	IsAdditonalObjectStruck,NotificationDate,	NotificationTimeDescription,	HasDigitalMediaFiles,	EvidenceNumber,	IsLocationReferToNarrative,	IsAOIOneSameAsLocation
1940229,9340-2022-04727,1,False,9340,12/1/2022 8:55:00 AM,855,087,1368,4313,San Jose,43,True,True,E,HIT OBJECT,,Thursday,NotApplicable,False,,,False,True,True,SANTA CLARA SUPERIOR COURT HALL OF JUSTICE,I,FIXED OBJECT,CONCRETE BARRIER,0.0,0.0,RAINING,, NO UNUSUAL CONDITIONS,, ,A,DAYLIGHT,37.316814,-121.88947,,,,,A,NO PEDESTRIANS INVOLVED,12/1/2022 8:55:00 AM,A,VC 22107,False,1.0,SR-87 S/B TO ALMA AVE,,,12/12/2022 3:38:42 PM,B,N,657.0,WILLOW ST,F,,D,12/12/2022 3:38:44 PM,12/12/2022 3:38:44 PM,False,True,4,,12/1/2022 8:55:00 AM,855.0,False,,,True
1940211,9340-2022-04741,1,False,9340,12/1/2022 8:30:00 AM,830,230,1368,4313,San Jose,43,True,True,E,HIT OBJECT,,Thursday,NotApplicable,False,,,False,True,False,SANTA CLARA SUPERIOR COURT HALL OF JUSTICE,I,FIXED OBJECT,MEDIAN BARRIER,0.0,0.0,CLOUDY,RAINING, NO UNUSUAL CONDITIONS,, ,A,DAYLIGHT,37.415658,-121.977559,,,,,A,NO PEDESTRIANS INVOLVED,12/1/2022 8:30:00 AM,A,VC 22107,False,1.0,SR-237 E/B,,,12/12/2022 3:27:12 PM,A,W,105.0,GREAT AMERICA PKY,F,,D,12/12/2022 3:27:14 PM,12/12/2022 3:27:14 PM,False,True,4,,12/1/2022 8:50:00 AM,850.0,False,,,True
1940187,9340-2022-04737,1,False,9340,12/1/2022 6:30:00 AM,630,087,1368,4313,San Jose,43,True,True,E,HIT OBJECT,,Thursday,NotApplicable,False,,,False,True,False,SANTA CLARA SUPERIOR COURT HALL OF JUSTICE,J,OTHER OBJECT,UNKNOWN DEBRIS ,0.0,0.0,CLEAR,, NO UNUSUAL CONDITIONS,, ,B,DUSK-DAWN,37.309611,-121.882842,,,,,A,NO PEDESTRIANS INVOLVED,12/1/2022 6:30:00 AM,A,VC 22350,False,1.0,SR-87 N/B,,,12/12/2022 3:06:55 PM,B,S,200.0,ALMA AVE,F,,D,12/12/2022 3:06:57 PM,12/12/2022 3:06:57 PM,False,True,4,,12/1/2022 6:35:00 AM,635.0,False,,False,True
1940138,9340-2022-04719,1,False,9340,11/30/2022 3:15:00 PM,1515,281,1368,4313,San Jose,43,True,True,C,REAR END,,Wednesday,NotApplicable,False,M,,False,True,False,SANTA CLARA SUPERIOR COURT HALL OF JUSTICE,C,OTHER MOTOR VEHICLE,,0.0,0.0,CLEAR,, NO UNUSUAL CONDITIONS,, ,A,DAYLIGHT,37.337097,-121.855819,,,,,A,NO PEDESTRIANS INVOLVED,11/30/2022 3:15:00 PM,A,VC 22350,False,1.0,I-280 S/B,,,12/12/2022 2:26:49 PM,A,S,460.0,MCLAUGHLIN AVE,F,,D,12/12/2022 2:26:51 PM,12/12/2022 2:26:51 PM,False,True,4,,11/30/2022 3:23:00 PM,1523.0,False,,,True
1940103,9340-2022-04685,1,False,9340,11/29/2022 4:53:00 AM,453,120,1368,4313,San Jose,43,True,True,B,SIDE SWIPE,,Tuesday,Yes,False,,,False,True,True,SANTA CLARA SUPERIOR COURT HALL OF JUSTICE,C,OTHER MOTOR VEHICLE,,2.0,0.0,CLEAR,, NO UNUSUAL CONDITIONS,, ,C,DARK-STREET LIGHTS,37.389036,-121.988321,,,,,A,NO PEDESTRIANS INVOLVED,11/29/2022 4:53:00 AM,A,VC 23152(a),True,1.0,US-101 N/B,,,12/12/2022 1:58:25 PM,A,S,2424.0,LAWRENCE EXPRESSWAY,F,,D,12/12/2022 1:58:27 PM,12/12/2022 1:58:27 PM,False,True,4,True,11/29/2022 5:00:00 AM,500.0,False,,True,
1940101,9340-2022-04729,1,False,9340,12/1/2022 12:00:00 AM,1030,087,1368,4313,San Jose,43,True,True,C,REAR END,,Thursday,NotApplicable,False,,,False,True,False,SANTA CLARA SUPERIOR COURT HALL OF JUSTICE,C,OTHER MOTOR VEHICLE,,0.0,0.0,RAINING,, NO UNUSUAL CONDITIONS,, ,A,DAYLIGHT,37.297557,-121.874003,,,,,A,NO PEDESTRIANS INVOLVED,12/1/2022 12:00:00 AM,A,VC 22350,False,1.0,SR-87 N/B,,,12/12/2022 1:56:59 PM,B,N,1047.0,CURTNER AVE,F,,D,12/12/2022 1:57:01 PM,12/12/2022 1:57:01 PM,False,True,4,,12/1/2022 12:00:00 AM,1030.0,False,,,True
1940094,9340-2022-04704,1,False,9340,11/30/2022 9:35:00 AM,935,120,1368,4313,San Jose,43,True,True,C,REAR END,,Wednesday,NotApplicable,False,,,False,True,False,SANTA CLARA SUPERIOR COURT HALL OF JUSTICE,C,OTHER MOTOR VEHICLE,,0.0,0.0,CLEAR,, NO UNUSUAL CONDITIONS,, ,A,DAYLIGHT,37.376627,-121.940247,,,,,A,NO PEDESTRIANS INVOLVED,11/30/2022 9:35:00 AM,A,VC 22350,False,1.0,US-101 N/B,,,12/12/2022 1:50:41 PM,A,S,200.0,DE LA CRUZ BLVD.,F,,D,12/12/2022 1:50:44 PM,12/12/2022 1:50:44 PM,False,True,4,,11/30/2022 9:40:00 AM,940.0,False,,,True
1940091,9340-2022-04720,1,False,9340,11/30/2022 6:20:00 PM,1820,281,1368,4313,San Jose,43,True,True,C,REAR END,,Wednesday,NotApplicable,False,,,False,True,False,SANTA CLARA SUPERIOR COURT HALL OF JUSTICE,C,OTHER MOTOR VEHICLE,,0.0,0.0,CLEAR,, NO UNUSUAL CONDITIONS,, ,C,DARK-STREET LIGHTS,37.317226,-121.936705,,,,,A,NO PEDESTRIANS INVOLVED,11/30/2022 6:20:00 PM,A,VC 22350,False,1.0,I-280 S/B,,,12/12/2022 1:50:02 PM,A,N,170.0,MACARTHUR AVE,F,,D,12/12/2022 1:50:04 PM,12/12/2022 1:50:04 PM,False,True,4,,11/30/2022 7:04:00 PM,1904.0,False,,,True
1940088,9340-2022-04723,1,False,9340,11/30/2022 11:35:00 PM,2335,089,1368,4313,San Jose,43,True,True,E,HIT OBJECT,,Wednesday,NotApplicable,False,,,False,True,False,SANTA CLARA SUPERIOR COURT HALL OF JUSTICE,I,FIXED OBJECT,CONCRETE BARRIER,0.0,0.0,CLEAR,, NO UNUSUAL CONDITIONS,, ,C,DARK-STREET LIGHTS,37.365026,-121.901003,,,,,A,NO PEDESTRIANS INVOLVED,11/30/2022 11:35:00 PM,A,VC 22107,False,1.0,I-880 N/B TO US-101 N/B,,,12/12/2022 1:48:04 PM,A,N,290.0,US-101 N/B,F,,D,12/12/2022 1:48:07 PM,12/12/2022 1:48:07 PM,False,True,4,,11/30/2022 11:40:00 PM,2340.0,False,,False,True
1940040,9340-2022-04721,1,False,9340,11/30/2022 6:25:00 PM,1825,087,1368,4313,San Jose,43,True,True,C,REAR END,,Wednesday,NotApplicable,False,,,False,True,False,SANTA CLARA SUPERIOR COURT HALL OF JUSTICE,C,OTHER MOTOR VEHICLE,,1.0,0.0,CLEAR,, NO UNUSUAL CONDITIONS,, ,C,DARK-STREET LIGHTS,37.347581,-121.905965,,,,,A,NO PEDESTRIANS INVOLVED,11/30/2022 6:25:00 PM,A,VC 22350,False,1.0,SR-87 S/B ,,,12/12/2022 1:15:03 PM,A,N,390.0,TAYLOR ST,F,,D,12/12/2022 1:15:06 PM,12/12/2022 1:15:06 PM,False,True,4,,11/30/2022 6:30:00 PM,1830.0,False,,,True
1939985,9340-2022-04715,1,False,9340,11/30/2022 5:45:00 PM,1745,087,1368,4313,San Jose,43,True,True,C,REAR END,,Wednesday,NotApplicable,False,,,False,True,False,SANTA CLARA SUPERIOR COURT HALL OF JUSTICE,C,OTHER MOTOR VEHICLE,,2.0,0.0,CLEAR,, NO UNUSUAL CONDITIONS,, ,A,DAYLIGHT,37.339992,-121.899568,,,,,A,NO PEDESTRIANS INVOLVED,11/30/2022 5:45:00 PM,A,VC 22350,False,1.0,SR-87 S/B,,,12/12/2022 12:39:40 PM,A,N,1165.0,JULIAN STREET,F,,D,12/12/2022 12:39:43 PM,12/12/2022 12:39:43 PM,False,True,4,,11/30/2022 5:50:00 PM,1750.0,False,,,True
1939963,9340-2022-04713,1,False,9340,11/30/2022 5:15:00 PM,1715,087,1368,4313,San Jose,43,True,True,C,REAR END,,Wednesday,NotApplicable,False,,,False,True,False,SANTA CLARA SUPERIOR COURT HALL OF JUSTICE,C,OTHER MOTOR VEHICLE,,0.0,0.0,CLEAR,, NO UNUSUAL CONDITIONS,, ,C,DARK-STREET LIGHTS,37.323074,-121.891908,,,,,A,NO PEDESTRIANS INVOLVED,11/30/2022 5:15:00 PM,A,VC 22350,False,1.0,SR-87 S/B,,,12/12/2022 12:30:17 PM,A,S,240.0,I-280,F,,D,12/12/2022 12:30:20 PM,12/12/2022 12:30:20 PM,False,True,4,,11/30/2022 5:20:00 PM,1720.0,False,,,True
1939925,9340-2022-04710,1,False,9340,11/30/2022 5:15:00 PM,1715,089,1368,4313,San Jose,43,True,True,C,REAR END,,Wednesday,NotApplicable,False,,,False,True,False,SANTA CLARA SUPERIOR COURT HALL OF JUSTICE,C,OTHER MOTOR VEHICLE,,0.0,0.0,CLEAR,, NO UNUSUAL CONDITIONS,, ,A,DAYLIGHT,37.387568,-121.90575,,,,,A,NO PEDESTRIANS INVOLVED,11/30/2022 5:15:00 PM,A,VC 22350,False,1.0,I-880 S/B,,,12/12/2022 12:08:15 PM,A,N,1898.0,BROKAW RD,F,,D,12/12/2022 12:08:16 PM,12/12/2022 12:08:16 PM,False,True,4,,11/30/2022 5:17:00 PM,1717.0,False,,,True
1939917,9340-2022-04716,1,False,9340,11/30/2022 4:45:00 PM,1645,120,1368,4313,San Jose,43,True,True,B,SIDE SWIPE,,Wednesday,NotApplicable,False,,,False,True,False,SANTA CLARA SUPERIOR COURT HALL OF JUSTICE,C,OTHER MOTOR VEHICLE,,0.0,0.0,CLEAR,, NO UNUSUAL CONDITIONS,, ,B,DUSK-DAWN,37.37656,-121.941504,,,,,A,NO PEDESTRIANS INVOLVED,11/30/2022 4:45:00 PM,A,VC 21658(A),False,1.0,US-101 S/B,,,12/12/2022 12:05:35 PM,A,N,61.0,TRIMBLE RD,F,,D,12/12/2022 12:05:40 PM,12/12/2022 12:05:40 PM,False,True,4,,11/30/2022 4:59:00 PM,1659.0,False,,,True
1939769,9340-2022-04709,1,False,9340,11/30/2022 3:35:00 PM,1535,681,1368,4313,San Jose,43,True,True,E,HIT OBJECT,,Wednesday,NotApplicable,False,,,False,True,False,SANTA CLARA SUPERIOR COURT HALL OF JUSTICE,I,FIXED OBJECT,BUSH,0.0,0.0,CLEAR,, NO UNUSUAL CONDITIONS,, ,A,DAYLIGHT,37.399712,-121.875282,,,,,A,NO PEDESTRIANS INVOLVED,11/30/2022 3:35:00 PM,A,VC 22350,False,1.0,I-680 N/B TO CAPITOL AVENUE ,,,12/12/2022 10:42:52 AM,A,N,240.0,CAPITOL AVENUE,F,,D,12/12/2022 10:42:54 AM,12/12/2022 10:42:54 AM,False,True,4,,11/30/2022 3:36:00 PM,1536.0,True,EMBEDDED,,False
1939722,9340-2022-04718,1,False,9340,11/30/2022 3:00:00 PM,1500,281,1368,4313,San Jose,43,True,True,C,REAR END,,Wednesday,NotApplicable,False,,,False,True,False,SANTA CLARA SUPERIOR COURT HALL OF JUSTICE,C,OTHER MOTOR VEHICLE,,2.0,0.0,CLEAR,, NO UNUSUAL CONDITIONS,, ,A,DAYLIGHT,37.337003,-121.855971,,,,,A,NO PEDESTRIANS INVOLVED,11/30/2022 3:00:00 PM,A,VC 22350,False,1.0,I-280 S/B,,,12/12/2022 10:06:47 AM,A,S,410.0,MCLAUGHLIN AVE,F,,D,12/12/2022 10:06:50 AM,12/12/2022 10:06:50 AM,False,True,4,,11/30/2022 3:23:00 PM,1523.0,False,,,True
1939622,9340-2022-04706,1,False,9340,11/30/2022 12:28:00 PM,1228,089,1368,4313,San Jose,43,True,True,C,REAR END,,Wednesday,NotApplicable,False,,,False,True,True,SANTA CLARA SUPERIOR COURT HALL OF JUSTICE,C,OTHER MOTOR VEHICLE,,2.0,0.0,CLEAR,, NO UNUSUAL CONDITIONS,, ,A,DAYLIGHT,37.404296,-121.909311,,,,,A,NO PEDESTRIANS INVOLVED,11/30/2022 12:28:00 PM,A,VC 22350,False,1.0,I-880 N/B FROM MONTAGUE EXPY E/B,,,12/12/2022 9:15:32 AM,A,N,834.0,MONTAGUE EXPY,F,,A,12/12/2022 9:15:37 AM,12/12/2022 9:15:37 AM,False,True,4,,11/30/2022 12:35:00 PM,1235.0,False,,,True
1939438,9340-2022-04701,1,False,9340,11/29/2022 5:34:00 PM,1734,281,1368,4313,San Jose,43,True,True,C,REAR END,,Tuesday,No,False,M,,False,True,False,SANTA CLARA SUPERIOR COURT HALL OF JUSTICE,C,OTHER MOTOR VEHICLE,,0.0,0.0,CLEAR,, NO UNUSUAL CONDITIONS,, ,C,DARK-STREET LIGHTS,37.318556,-121.890074,,,,,A,NO PEDESTRIANS INVOLVED,11/29/2022 5:34:00 PM,A,VC 22106,False,1.0,I-280 N/B TO SR-87 S/B,,,12/12/2022 7:07:54 AM,A,N,482.0,W VIRGINIA AVE,F,,D,12/12/2022 7:07:57 AM,12/12/2022 7:07:57 AM,False,True,4,,11/29/2022 6:15:00 PM,1815.0,False,,,True
1939399,9340-2022-04516,1,False,9340,11/18/2022 8:20:00 AM,820,281,1368,4313,San Jose,43,True,True,C,REAR END,,Friday,NotApplicable,False,M,,False,True,False,SANTA CLARA SUPERIOR COURT HALL OF JUSTICE,C,OTHER MOTOR VEHICLE,,0.0,0.0,CLEAR,, NO UNUSUAL CONDITIONS,, ,A,DAYLIGHT,37.317908,-121.939367,,,,,A,NO PEDESTRIANS INVOLVED,11/18/2022 8:20:00 AM,A,VC 22350,False,2.0,I-280 N/B TO SR-17 S/B,,,12/12/2022 6:34:34 AM,A,W,500.0,MAC ARTHUR AVE,F,,D,12/12/2022 6:34:38 AM,12/12/2022 6:34:38 AM,False,True,4,,11/18/2022 8:52:00 AM,852.0,False,,,True
1939259,9340-2022-04675,1,False,9340,11/28/2022 6:45:00 AM,645,070,1368,4313,San Jose,43,True,True,D,BROADSIDE,,Monday,Yes,False,,,False,False,False,SANTA CLARA SUPERIOR COURT HALL OF JUSTICE,C,OTHER MOTOR VEHICLE,,4.0,0.0,CLEAR,, NO UNUSUAL CONDITIONS,, ,B,DUSK-DAWN,37.316152,-121.9361,,,,,A,NO PEDESTRIANS INVOLVED,11/28/2022 6:45:00 AM,A,VC 23152(a),False,1.0,MOORPARK AVE,,,12/11/2022 4:18:49 PM,A,,,MACARTHUR AVE,,,A,12/11/2022 4:18:52 PM,12/11/2022 4:18:52 PM,True,False,4,,11/28/2022 6:50:00 AM,650.0,False,,True,
1939258,9340-2022-04692,1,False,9340,11/29/2022 4:15:00 PM,1615,089,1368,4313,San Jose,43,True,True,C,REAR END,,Tuesday,NotApplicable,False,M,,False,True,False,SANTA CLARA SUPERIOR COURT HALL OF JUSTICE,C,OTHER MOTOR VEHICLE,,0.0,0.0,CLEAR,, NO UNUSUAL CONDITIONS,, ,A,DAYLIGHT,37.387562,-121.905868,,,,,A,NO PEDESTRIANS INVOLVED,11/29/2022 4:15:00 PM,A,VC 22350,False,1.0,I-880 S/B,,,12/11/2022 4:07:16 PM,A,N,1890.0,BROKAW ROAD,F,,D,12/11/2022 4:07:19 PM,12/11/2022 4:07:19 PM,False,True,4,,11/29/2022 4:25:00 PM,1625.0,False,,,True
1939257,9340-2022-04647,1,False,9340,11/26/2022 8:30:00 PM,2030,089,1368,4313,San Jose,43,True,True,C,REAR END,,Saturday,NotApplicable,False,M,,False,True,False,SANTA CLARA SUPERIOR COURT HALL OF JUSTICE,C,OTHER MOTOR VEHICLE,,0.0,0.0,CLEAR,, NO UNUSUAL CONDITIONS,, ,C,DARK-STREET LIGHTS,37.38995,-121.90633,,,,,A,NO PEDESTRIANS INVOLVED,11/26/2022 8:30:00 PM,A,VC 22350,False,1.0,I-880 S/B,,,12/11/2022 3:59:56 PM,A,S,275.0,BROKAW RD,F,,D,12/11/2022 3:59:58 PM,12/11/2022 3:59:58 PM,False,True,4,,11/26/2022 10:00:00 PM,2200.0,False,,,True
1939256,9340-2022-04619,1,False,9340,11/25/2022 5:30:00 PM,1730,281,1368,4313,San Jose,43,True,True,F,OVERTURNED,ROLL OVER,Friday,NotApplicable,False,,,False,True,True,SANTA CLARA SUPERIOR COURT HALL OF JUSTICE,A,NON-COLLISION,DIRT AND GRASS,1.0,0.0,CLEAR,, NO UNUSUAL CONDITIONS,, ,C,DARK-STREET LIGHTS,37.325511,-121.883802,,,,,A,NO PEDESTRIANS INVOLVED,11/25/2022 5:30:00 PM,A,VC 22350,False,,I-280 S/B FROM 1ST STREET,,,12/11/2022 3:55:53 PM,A,N,283.0,FIRST STREET,F,,D,12/11/2022 3:55:56 PM,12/11/2022 3:55:56 PM,False,True,4,True,11/25/2022 5:35:00 PM,1735.0,False,,,True
1938807,9340-2022-04666,1,False,9340,11/28/2022 9:10:00 AM,910,281,1368,4313,San Jose,43,True,True,C,REAR END,,Monday,NotApplicable,False,,,False,True,False,SANTA CLARA SUPERIOR COURT HALL OF JUSTICE,C,OTHER MOTOR VEHICLE,,1.0,0.0,CLEAR,, NO UNUSUAL CONDITIONS,, ,A,DAYLIGHT,37.316687,-121.906087,,,,,A,NO PEDESTRIANS INVOLVED,11/28/2022 9:10:00 AM,A,VC 22350,False,1.0,I-280 N/B,,,12/9/2022 6:56:16 PM,A,S,1486.0,RACE ST,F,,D,12/9/2022 6:56:19 PM,12/9/2022 6:56:19 PM,False,True,4,,11/28/2022 9:12:00 AM,912.0,False,,,True
1938800,9340-2022-04699,1,False,9340,11/29/2022 6:55:00 PM,1855,281,1368,4313,San Jose,43,True,True,B,SIDE SWIPE,,Tuesday,NotApplicable,False,M,,False,True,False,SANTA CLARA SUPERIOR COURT HALL OF JUSTICE,C,OTHER MOTOR VEHICLE,,0.0,0.0,CLEAR,, NO UNUSUAL CONDITIONS,, ,C,DARK-STREET LIGHTS,37.317526,-121.936705,,,,,A,NO PEDESTRIANS INVOLVED,11/29/2022 6:55:00 PM,A,VC 22107,False,1.0,I-280 N/B,,,12/9/2022 6:39:11 PM,A,N,200.0,MACARTHUR AVE,F,,D,12/9/2022 6:39:13 PM,12/9/2022 6:39:13 PM,False,True,4,,11/29/2022 6:56:00 PM,1856.0,False,,,True
1938794,9340-2022-04691,1,False,9340,11/29/2022 1:20:00 PM,1320,087,1368,4313,San Jose,43,True,True,B,SIDE SWIPE,,Tuesday,NotApplicable,False,,,False,True,False,SANTA CLARA SUPERIOR COURT HALL OF JUSTICE,C,OTHER MOTOR VEHICLE,,0.0,0.0,CLEAR,, NO UNUSUAL CONDITIONS,, ,A,DAYLIGHT,37.255093,-121.852398,,,,,A,NO PEDESTRIANS INVOLVED,11/29/2022 1:20:00 PM,A,VC 22107,False,1.0,SR-87 S/B TO SR-85 S/B,,,12/9/2022 6:18:35 PM,A,S,153.0,SANTA TERESA BLVD,F,,D,12/9/2022 6:18:38 PM,12/9/2022 6:18:38 PM,False,True,4,,11/29/2022 1:25:00 PM,1325.0,False,,,True
1938792,9340-2022-04698,1,False,9340,11/29/2022 5:20:00 PM,1720,083,1368,4313,San Jose,43,True,True,B,SIDE SWIPE,,Tuesday,Yes,False,,,False,True,True,SANTA CLARA SUPERIOR COURT HALL OF JUSTICE,C,OTHER MOTOR VEHICLE,,1.0,0.0,CLEAR,, NO UNUSUAL CONDITIONS,, ,B,DUSK-DAWN,37.253136,-121.944173,,,,,A,NO PEDESTRIANS INVOLVED,11/29/2022 5:20:00 PM,A,VC 21658(A),False,1.0,SR-85 S/B,,,12/9/2022 6:13:14 PM,A,S,2100.0,BASCOM AVE,F,,D,12/9/2022 6:13:23 PM,12/9/2022 6:13:23 PM,False,True,4,,11/29/2022 5:51:00 PM,1751.0,False,,False,True
1938786,9340-2022-04696,1,False,9340,11/29/2022 3:30:00 PM,1530,087,1368,4313,San Jose,43,True,True,A,HEAD-ON,,Tuesday,NotApplicable,False,M,,False,True,False,SANTA CLARA SUPERIOR COURT HALL OF JUSTICE,C,OTHER MOTOR VEHICLE,,1.0,0.0,CLEAR,, NO UNUSUAL CONDITIONS,, ,A,DAYLIGHT,37.316355,-121.888609,,,,,A,NO PEDESTRIANS INVOLVED,11/29/2022 3:30:00 PM,A,VC 22106,False,1.0,SR-87 N/B,,,12/9/2022 5:54:47 PM,A,N,300.0,WILLOW STREET,F,,D,12/9/2022 5:54:55 PM,12/9/2022 5:54:55 PM,False,True,4,,11/29/2022 3:35:00 PM,1535.0,False,,,True
1938784,9340-2022-04687,1,False,9340,11/29/2022 7:25:00 AM,725,083,1368,4313,San Jose,43,True,True,B,SIDE SWIPE,,Tuesday,Yes,False,,,False,True,False,SANTA CLARA SUPERIOR COURT HALL OF JUSTICE,C,OTHER MOTOR VEHICLE,,1.0,0.0,CLEAR,, NO UNUSUAL CONDITIONS,, ,A,DAYLIGHT,37.25561,-121.86192,,,,,A,NO PEDESTRIANS INVOLVED,11/29/2022 7:25:00 AM,A,VC 22107,False,2.0,SR-85 N/B,,,12/9/2022 5:37:05 PM,A,N,817.0,SANTA THERESA BLVD.,F,,D,12/9/2022 5:37:08 PM,12/9/2022 5:37:08 PM,False,True,4,,11/29/2022 7:29:00 AM,729.0,False,,,True
1938779,9340-2022-04684,1,False,9340,11/29/2022 6:17:00 AM,617,220,1368,4313,San Jose,43,True,True,C,REAR END,,Tuesday,NotApplicable,False,,,False,True,False,SANTA CLARA SUPERIOR COURT HALL OF JUSTICE,C,OTHER MOTOR VEHICLE,,0.0,0.0,CLEAR,, NO UNUSUAL CONDITIONS,, ,B,DUSK-DAWN,37.404251,-122.0213,,,,,A,NO PEDESTRIANS INVOLVED,11/29/2022 6:17:00 AM,A,VC 22350,False,1.0,SR-237 W/B,,,12/9/2022 5:04:56 PM,A,E,1515.0,MATHILDA AVENUE,F,,D,12/9/2022 5:04:59 PM,12/9/2022 5:04:59 PM,False,True,4,,11/29/2022 6:29:00 AM,629.0,False,,,True
1937699,9340-2022-04695,1,False,9340,11/29/2022 5:15:00 PM,1715,083,1368,4313,San Jose,43,True,True,C,REAR END,,Tuesday,NotApplicable,False,,,False,True,True,SANTA CLARA SUPERIOR COURT HALL OF JUSTICE,C,OTHER MOTOR VEHICLE,,0.0,0.0,CLEAR,, NO UNUSUAL CONDITIONS,, ,D,DARK-NO STREET LIGHTS,37.255347,-121.855853,,,,,A,NO PEDESTRIANS INVOLVED,11/29/2022 5:15:00 PM,A,VC 22350,False,1.0,SR-85 S/B,,,12/8/2022 3:17:29 PM,A,S,276.0,SANTA THERESA BLVD.,F,,D,12/8/2022 3:17:32 PM,12/8/2022 3:17:32 PM,False,True,4,,11/29/2022 5:55:00 PM,1755.0,False,,,True
1937687,9340-2022-04693,1,False,9340,11/29/2022 5:00:00 PM,1700,089,1368,4313,San Jose,43,True,True,C,REAR END,,Tuesday,NotApplicable,False,,,False,True,True,SANTA CLARA SUPERIOR COURT HALL OF JUSTICE,C,OTHER MOTOR VEHICLE,,0.0,0.0,CLEAR,, NO UNUSUAL CONDITIONS,, ,D,DARK-NO STREET LIGHTS,37.405857,-121.910102,,,,,A,NO PEDESTRIANS INVOLVED,11/29/2022 5:00:00 PM,A,VC 22350,False,1.0,I-880 S/B,,,12/8/2022 3:06:52 PM,A,N,1540.0,MONTAGUE EXPRESSWAY,F,,D,12/8/2022 3:08:13 PM,12/8/2022 3:08:13 PM,False,True,4,,11/29/2022 5:05:00 PM,1705.0,False,,,True
1937675,9340-2022-04694,1,False,9340,11/29/2022 4:35:00 PM,1635,088,1368,4313,San Jose,43,True,True,C,REAR END,,Tuesday,NotApplicable,False,,,False,True,False,SANTA CLARA SUPERIOR COURT HALL OF JUSTICE,C,OTHER MOTOR VEHICLE,,0.0,0.0,CLEAR,, NO UNUSUAL CONDITIONS,, ,B,DUSK-DAWN,37.330929,-121.940225,,,,,A,NO PEDESTRIANS INVOLVED,11/29/2022 4:35:00 PM,A,VC 22350,False,1.0,I-880 N/B,,,12/8/2022 3:01:19 PM,A,N,300.0,HEDDING STREET,F,,D,12/8/2022 3:01:22 PM,12/8/2022 3:01:22 PM,False,True,4,,11/29/2022 4:45:00 PM,1645.0,False,,,True
1937664,9340-2022-04700,1,False,9340,11/29/2022 4:12:00 PM,1612,281,1368,4313,San Jose,43,True,True,C,REAR END,,Tuesday,NotApplicable,False,,,False,True,True,SANTA CLARA SUPERIOR COURT HALL OF JUSTICE,C,OTHER MOTOR VEHICLE,,0.0,0.0,CLEAR,, NO UNUSUAL CONDITIONS,, ,A,DAYLIGHT,37.334896,-121.860085,,,,,A,NO PEDESTRIANS INVOLVED,11/29/2022 4:12:00 PM,A,VC 22350,False,1.0,I-280 N/B,,,12/8/2022 2:56:49 PM,A,N,930.0,MCLAUGHLIN AVE,F,,D,12/8/2022 2:56:51 PM,12/8/2022 2:56:51 PM,False,True,4,,11/29/2022 4:30:00 PM,1630.0,False,,,True