Collision Id,	Report Number,	Report Version,	Is Preliminary,	NCIC Code,Crash Date Time,	Crash Time Description,	Beat,City Id,	City Code,	City Name,County Code,	City Is Active,	City Is Incorporated,	Collision Type Code,Collision Type Description,	Collision Type Other Desc,	Day Of Week,	DispatchNotified,	HasPhotographs,	HitRun,	IsAttachmentsMailed,	IsDeleted,	IsHighwayRelated,	IsTowAway,	JudicialDistrict,	MotorVehicleInvolvedWithCode,	MotorVehicleInvolvedWithDesc,MotorVehicleInvolvedWithOtherDesc,	NumberInjured,	NumberKilled,Weather 1, Weather 2, Road Condition 1, Road Condition 2, Special Condition,LightingCode, LightingDescription,Latitude,Longitude,MilepostDirection,MilepostDistance,MilepostMarker,MilepostUnitOfMeasure,	PedestrianActionCode,PedestrianActionDesc,PreparedDate,	Primary Collision Factor Code,Primary Collision Factor Violation,PrimaryCollisionFactorIsCited,	PrimaryCollisionPartyNumber,	PrimaryRoad,	ReportingDistrict,	ReportingDistrictCode,ReviewedDate,	RoadwaySurfaceCode,SecondaryDirection,	SecondaryDistance,	SecondaryRoad,	SecondaryUnitOfMeasure,	SketchDesc,	TrafficControlDeviceCode,CreatedDate,	ModifiedDate,IsCountyRoad,IsFreeway,CHP555Version,	IsAdditonalObjectStruck,NotificationDate,	NotificationTimeDescription,	HasDigitalMediaFiles,	EvidenceNumber,	IsLocationReferToNarrative,	IsAOIOneSameAsLocation
1955548,9340-2022-05144,1,False,9340,12/20/2022 9:30:00 AM,930,281,1368,4313,San Jose,43,True,True,C,REAR END,,Tuesday,No,False,,,False,True,False,SANTA CLARA SUPERIOR COURT HALL OF JUSTICE,C,OTHER MOTOR VEHICLE,,0.0,0.0,CLEAR,, NO UNUSUAL CONDITIONS,, ,A,DAYLIGHT,37.31786,-121.90364,,,,,A,NO PEDESTRIANS INVOLVED,12/20/2022 9:30:00 AM,A,VC 22350,False,1.0,I-280 N/B,,,12/29/2022 10:52:11 AM,A,S,1120.0,LINCOLN AVE,F,,D,12/29/2022 10:52:15 AM,12/29/2022 10:52:15 AM,False,True,4,,12/20/2022 9:37:00 AM,937.0,False,,,True
1955516,9340-2022-05150,1,False,9340,12/20/2022 5:50:00 PM,1750,281,1368,4313,San Jose,43,True,True,B,SIDE SWIPE,,Tuesday,NotApplicable,False,M,,False,True,False,SANTA CLARA SUPERIOR COURT HALL OF JUSTICE,C,OTHER MOTOR VEHICLE,,0.0,0.0,CLEAR,, NO UNUSUAL CONDITIONS,, ,D,DARK-NO STREET LIGHTS,37.327745,-121.876008,,,,,A,NO PEDESTRIANS INVOLVED,12/20/2022 5:50:00 PM,A,VC 22107,False,1.0,I-280 S/B,,,12/29/2022 10:34:00 AM,A,N,62.0,7TH ST,F,,D,12/29/2022 10:34:02 AM,12/29/2022 10:34:02 AM,False,True,4,,12/20/2022 5:55:00 PM,1755.0,False,,,True
1955491,9340-2022-05149,1,False,9340,12/20/2022 5:30:00 PM,1730,083,1368,4313,San Jose,43,True,True,B,SIDE SWIPE,,Tuesday,NotApplicable,False,M,,False,True,False,SANTA CLARA SUPERIOR COURT HALL OF JUSTICE,C,OTHER MOTOR VEHICLE,,0.0,0.0,CLEAR,, HOLES- DEEPRUT*,NO UNUSUAL CONDITIONS, ,D,DARK-NO STREET LIGHTS,37.250792,-121.902705,,,,,A,NO PEDESTRIANS INVOLVED,12/20/2022 5:30:00 PM,A,VC 22107,False,1.0,SR-85 N/B ,,,12/29/2022 10:24:14 AM,A,S,2039.0,CAMDEN AVE,F,,D,12/29/2022 10:24:15 AM,12/29/2022 10:24:15 AM,False,True,4,,12/20/2022 5:37:00 PM,1737.0,False,,,True
1955418,9340-2022-05152,1,False,9340,12/20/2022 4:00:00 PM,1600,089,1368,4313,San Jose,43,True,True,C,REAR END,,Tuesday,NotApplicable,False,M,,False,True,False,SANTA CLARA SUPERIOR COURT HALL OF JUSTICE,C,OTHER MOTOR VEHICLE,,0.0,0.0,CLEAR,, NO UNUSUAL CONDITIONS,, ,A,DAYLIGHT,37.381882,-121.904457,,,,,A,NO PEDESTRIANS INVOLVED,12/20/2022 4:00:00 PM,A,VC 22350,False,1.0,I-880 S/B,,,12/29/2022 9:39:33 AM,A,S,100.0,BROKAW ROAD,F,,D,12/29/2022 9:39:39 AM,12/29/2022 9:39:39 AM,False,True,4,,12/20/2022 4:10:00 PM,1610.0,False,,,True
1955403,9340-2022-05138,1,False,9340,12/19/2022 10:30:00 PM,2230,281,1368,4313,San Jose,43,True,True,E,HIT OBJECT,,Monday,Yes,False,,,False,True,False,SANTA CLARA SUPERIOR COURT HALL OF JUSTICE,I,FIXED OBJECT,ROADWAY,2.0,0.0,CLEAR,, NO UNUSUAL CONDITIONS,, ,C,DARK-STREET LIGHTS,37.322166,-121.939832,,,,,A,NO PEDESTRIANS INVOLVED,12/19/2022 10:30:00 PM,A,VC 22350,False,1.0,I-280 N/B TO STEVENS CREEK,,,12/29/2022 9:22:23 AM,A,S,196.0,SETVENS CREEK BOULEVARD,F,,D,12/29/2022 9:22:25 AM,12/29/2022 9:22:25 AM,False,True,4,,12/19/2022 10:38:00 PM,2238.0,False,,True,
1955382,9340-2022-05141,1,False,9340,12/20/2022 6:50:00 AM,650,083,1368,4313,San Jose,43,True,True,C,REAR END,,Tuesday,NotApplicable,False,,,False,True,False,SANTA CLARA SUPERIOR COURT HALL OF JUSTICE,C,OTHER MOTOR VEHICLE,,0.0,0.0,CLEAR,, NO UNUSUAL CONDITIONS,, ,B,DUSK-DAWN,37.250248,-121.835064,,,,,A,NO PEDESTRIANS INVOLVED,12/20/2022 6:50:00 AM,A,VC 22350,False,1.0,SR-85 N/B FROM BLOSSOM HILL RD. E/B,,,12/29/2022 9:03:54 AM,A,S,350.0,BLOSSOM HILL RD,F,,A,12/29/2022 9:03:57 AM,12/29/2022 9:03:57 AM,False,True,4,,12/20/2022 7:00:00 AM,700.0,False,,,True
1955323,9340-2022-05136,1,False,9340,12/19/2022 6:55:00 PM,1855,171,1368,4313,San Jose,43,True,True,C,REAR END,,Monday,Yes,False,,,False,True,False,SANTA CLARA SUPERIOR COURT HALL OF JUSTICE,C,OTHER MOTOR VEHICLE,,2.0,0.0,CLEAR,, NO UNUSUAL CONDITIONS,, ,C,DARK-STREET LIGHTS,37.297107,-121.939987,,,,,A,NO PEDESTRIANS INVOLVED,12/19/2022 6:55:00 PM,A,VC 22350,False,1.0,SR-17 S/B TO HAMILTON AVE,,,12/29/2022 8:34:40 AM,A,N,1035.0,HAMILTON AVE,F,,D,12/29/2022 8:34:43 AM,12/29/2022 8:34:43 AM,False,True,4,,12/19/2022 7:00:00 PM,1900.0,False,,True,False
1955319,9340-2022-05082,1,False,9340,12/16/2022 11:00:00 AM,1100,087,1368,4313,San Jose,43,True,True,C,REAR END,,Friday,NotApplicable,False,,,False,True,False,SANTA CLARA SUPERIOR COURT HALL OF JUSTICE,C,OTHER MOTOR VEHICLE,,0.0,0.0,CLEAR,, NO UNUSUAL CONDITIONS,, ,A,DAYLIGHT,37.305156,-121.879758,,,,,A,NO PEDESTRIANS INVOLVED,12/16/2022 11:00:00 AM,A,VC 22350,False,1.0,SR-87 S/B,,,12/29/2022 8:31:28 AM,A,N,1500.0,ALMADEN EXPRESSWAY,F,,D,12/29/2022 8:31:32 AM,12/29/2022 8:31:32 AM,False,True,4,,12/16/2022 11:00:00 AM,1100.0,False,,,True
1955313,9340-2022-05124,1,False,9340,12/18/2022 5:15:00 PM,1715,281,1368,4313,San Jose,43,True,True,B,SIDE SWIPE,,Sunday,Yes,False,M,,False,True,False,SANTA CLARA SUPERIOR COURT HALL OF JUSTICE,C,OTHER MOTOR VEHICLE,,2.0,0.0,CLEAR,, NO UNUSUAL CONDITIONS,, ,D,DARK-NO STREET LIGHTS,37.32703,-121.88071,,,,,A,NO PEDESTRIANS INVOLVED,12/18/2022 5:15:00 PM,A,VC 22107,False,1.0,I-280 S/B,,,12/29/2022 8:29:58 AM,A,S,185.0,S. THIRD STREET,F,,D,12/29/2022 8:30:02 AM,12/29/2022 8:30:02 AM,False,True,4,,12/18/2022 5:24:00 PM,1724.0,False,,,False
1955248,9340-2022-05095,1,False,9340,12/16/2022 7:40:00 PM,1940,681,1368,4313,San Jose,43,True,True,B,SIDE SWIPE,,Friday,NotApplicable,False,,,False,True,False,SANTA CLARA SUPERIOR COURT HALL OF JUSTICE,C,OTHER MOTOR VEHICLE,,1.0,0.0,CLEAR,, NO UNUSUAL CONDITIONS,, ,D,DARK-NO STREET LIGHTS,37.35251,-121.837792,,,,,A,NO PEDESTRIANS INVOLVED,12/16/2022 7:40:00 PM,A,VC 21658(A),False,1.0,I-680 N/B,,,12/29/2022 7:54:52 AM,A,S,1093.0,CAPITOL EXPY,F,,D,12/29/2022 7:54:54 AM,12/29/2022 7:54:54 AM,False,True,4,,12/16/2022 7:42:00 PM,1942.0,False,,,True
1955247,9340-2022-05139,1,False,9340,12/20/2022 6:45:00 AM,645,240,1368,4313,San Jose,43,True,True,B,SIDE SWIPE,,Tuesday,NotApplicable,False,M,,False,True,False,SANTA CLARA SUPERIOR COURT HALL OF JUSTICE,C,OTHER MOTOR VEHICLE,,0.0,0.0,CLEAR,, NO UNUSUAL CONDITIONS,, ,B,DUSK-DAWN,37.41944,-121.94531,,,,,A,NO PEDESTRIANS INVOLVED,12/20/2022 6:45:00 AM,A,VC 22107,False,1.0,SR-237 W/B,,,12/29/2022 7:54:33 AM,A,W,300.0,ZANKER RD,F,,D,12/29/2022 7:54:37 AM,12/29/2022 7:54:37 AM,False,True,4,,12/20/2022 6:50:00 AM,650.0,False,,,True
1955219,9340-2022-05096,1,False,9340,12/16/2022 8:10:00 PM,2010,087,1368,4313,San Jose,43,True,True,C,REAR END,,Friday,NotApplicable,False,M,,False,True,False,SANTA CLARA SUPERIOR COURT HALL OF JUSTICE,C,OTHER MOTOR VEHICLE,,0.0,0.0,CLEAR,, NO UNUSUAL CONDITIONS,, ,C,DARK-STREET LIGHTS,37.333004,-121.896452,,,,,A,NO PEDESTRIANS INVOLVED,12/16/2022 8:10:00 PM,A,VC 22350,False,1.0,SR-87 N/B TO SANTA CLARA STREET,,,12/29/2022 7:32:24 AM,A,S,77.0,SANTA CLARA STREET,F,,D,12/29/2022 7:33:47 AM,12/29/2022 7:33:47 AM,False,True,4,,12/16/2022 8:15:00 PM,2015.0,False,,,True
1955152,9340-2022-05155,1,False,9340,12/20/2022 11:20:00 PM,2320,282,1368,4313,San Jose,43,True,True,E,HIT OBJECT,,Tuesday,NotApplicable,False,,,False,True,True,SANTA CLARA SUPERIOR COURT HALL OF JUSTICE,I,FIXED OBJECT,CONCRETE CENTER DIVIDER,0.0,0.0,CLEAR,, NO UNUSUAL CONDITIONS,, ,C,DARK-STREET LIGHTS,37.316656,-121.954308,,,,,A,NO PEDESTRIANS INVOLVED,12/20/2022 11:20:00 PM,A,VC 22107,False,1.0,I-280 S/B,,,12/29/2022 6:28:48 AM,A,N,1151.0,WINCHESTER BLVD,F,,D,12/29/2022 6:28:50 AM,12/29/2022 6:28:50 AM,False,True,4,,12/20/2022 11:35:00 PM,2335.0,False,,,
1955134,9340-2022-05099,1,False,9340,12/17/2022 12:35:00 AM,35,110,1368,4313,San Jose,43,True,True,E,HIT OBJECT,,Saturday,Yes,False,,,False,True,False,SANTA CLARA SUPERIOR COURT HALL OF JUSTICE,I,FIXED OBJECT,METAL GUARDRAIL,0.0,0.0,CLEAR,, NO UNUSUAL CONDITIONS,, ,C,DARK-STREET LIGHTS,37.307945,-121.820977,,,,,A,NO PEDESTRIANS INVOLVED,12/17/2022 12:35:00 AM,A,VC 23152(a),True,1.0,US-101 N/B,,,12/29/2022 5:46:07 AM,A,N,2075.0,CAPITOL EXPY,F,,D,12/29/2022 5:46:09 AM,12/29/2022 5:46:09 AM,False,True,4,,12/17/2022 12:37:00 AM,37.0,False,,True,False
1955132,9340-2022-05084,1,False,9340,12/16/2022 11:45:00 AM,1145,083,1368,4313,San Jose,43,True,True,C,REAR END,,Friday,Yes,False,,,False,True,True,SANTA CLARA SUPERIOR COURT HALL OF JUSTICE,I,FIXED OBJECT,CENTER DIVIDE,1.0,0.0,CLEAR,, NO UNUSUAL CONDITIONS,, ,A,DAYLIGHT,37.243413,-121.8171,,,,,A,NO PEDESTRIANS INVOLVED,12/16/2022 11:45:00 AM,A,VC 22107,False,3.0,SR-85 N/B,,,12/29/2022 5:40:11 AM,A,S,150.0,LEAN AVE,F,,D,12/29/2022 5:40:15 AM,12/29/2022 5:40:15 AM,False,True,4,,12/16/2022 11:50:00 AM,1150.0,True,AREA / EMBEDDED,,
1955123,9340-2022-05088,1,False,9340,12/16/2022 10:30:00 AM,1030,281,1368,4313,San Jose,43,True,True,C,REAR END,,Friday,Yes,False,,,False,True,False,SANTA CLARA SUPERIOR COURT HALL OF JUSTICE,C,OTHER MOTOR VEHICLE,,1.0,0.0,CLEAR,, NO UNUSUAL CONDITIONS,, ,A,DAYLIGHT,37.331048,-121.866357,,,,,A,NO PEDESTRIANS INVOLVED,12/16/2022 10:30:00 AM,A,VC 22350,False,1.0,I-280 N/B,,,12/29/2022 5:26:51 AM,A,S,1675.0,S 11TH ST,F,,D,12/29/2022 5:26:56 AM,12/29/2022 5:26:56 AM,False,True,4,,12/16/2022 10:33:00 AM,1033.0,False,,,True
1954829,9340-2022-05066,1,False,9340,12/15/2022 4:35:00 PM,1635,087,1368,4313,San Jose,43,True,True,C,REAR END,,Thursday,NotApplicable,False,M,,False,True,False,SANTA CLARA SUPERIOR COURT HALL OF JUSTICE,C,OTHER MOTOR VEHICLE,,0.0,0.0,CLEAR,, NO UNUSUAL CONDITIONS,, ,A,DAYLIGHT,37.320444,-121.889937,,,,,A,NO PEDESTRIANS INVOLVED,12/15/2022 4:35:00 PM,A,VC 22350,False,1.0,SR-87 N/B TO I-280,,,12/28/2022 7:25:43 PM,A,N,174.0,W. VIRGINIA STREET,F,,D,12/28/2022 7:26:00 PM,12/28/2022 7:26:00 PM,False,True,4,,12/15/2022 4:45:00 PM,1645.0,False,,,True
1954822,9340-2022-05073,1,False,9340,12/15/2022 8:30:00 PM,2030,087,1368,4313,San Jose,43,True,True,B,SIDE SWIPE,,Thursday,NotApplicable,False,M,,False,True,False,SANTA CLARA SUPERIOR COURT HALL OF JUSTICE,C,OTHER MOTOR VEHICLE,,0.0,0.0,CLEAR,, NO UNUSUAL CONDITIONS,, ,C,DARK-STREET LIGHTS,37.271396,-121.86205,,,,,A,NO PEDESTRIANS INVOLVED,12/15/2022 8:30:00 PM,A,VC 22107,False,1.0,SR-87 S/B,,,12/28/2022 6:17:10 PM,A,S,1178.0,CAPITOL EXPRESSWAY,F,,D,12/28/2022 6:17:28 PM,12/28/2022 6:17:28 PM,False,True,4,,12/15/2022 8:35:00 PM,2035.0,False,,,True
1954820,9340-2022-05058,1,False,9340,12/15/2022 7:50:00 AM,750,901,1368,4313,San Jose,43,True,True,H,OTHER,PASSENGER VS INTERIOR INJ,Thursday,No,False,,,False,False,False,SANTA CLARA SUPERIOR COURT HALL OF JUSTICE,A,NON-COLLISION,,2.0,0.0,CLEAR,, NO UNUSUAL CONDITIONS,, School Bus Collision,A,DAYLIGHT,37.32241,-121.91905,,,,,A,NO PEDESTRIANS INVOLVED,12/15/2022 7:50:00 AM,C,,,,327 BUENA VISTA AVE,,,12/28/2022 6:14:26 PM,A,S,340.0,W. SAN CARLOS ST,F,,D,12/28/2022 6:14:44 PM,12/28/2022 6:14:44 PM,False,False,4,,12/15/2022 8:00:00 AM,800.0,True,AREA PHOTO FILE,True,False
1954671,9340-2022-05151,1,False,9340,12/20/2022 6:35:00 PM,1835,083,1368,4313,San Jose,43,True,True,C,REAR END,,Tuesday,NotApplicable,False,,,False,True,False,SANTA CLARA SUPERIOR COURT HALL OF JUSTICE,C,OTHER MOTOR VEHICLE,,0.0,0.0,CLEAR,, NO UNUSUAL CONDITIONS,, ,D,DARK-NO STREET LIGHTS,37.250505,-121.905692,,,,,A,NO PEDESTRIANS INVOLVED,12/20/2022 6:35:00 PM,A,VC 22350,False,1.0,SR-85 S/B,,,12/28/2022 2:28:57 PM,A,S,1284.0,CAMDEN AVE,F,,D,12/28/2022 2:28:59 PM,12/28/2022 2:28:59 PM,False,True,4,,12/20/2022 6:41:00 PM,1841.0,False,,,True
1954655,9340-2022-05130,1,False,9340,12/19/2022 11:35:00 AM,1135,087,1368,4313,San Jose,43,True,True,C,REAR END,,Monday,NotApplicable,False,,,False,True,False,SANTA CLARA SUPERIOR COURT HALL OF JUSTICE,C,OTHER MOTOR VEHICLE,,1.0,0.0,CLEAR,, NO UNUSUAL CONDITIONS,, ,A,DAYLIGHT,37.29716,-121.873779,,,,,A,NO PEDESTRIANS INVOLVED,12/19/2022 11:35:00 AM,A,VC 22350,False,1.0,SR-87 N/B,,,12/28/2022 2:13:12 PM,A,N,850.0,CURTNER AVE,F,,D,12/28/2022 2:13:14 PM,12/28/2022 2:13:14 PM,False,True,4,,12/19/2022 12:01:00 PM,1201.0,False,,,True
1954652,9340-2022-05135,1,False,9340,12/19/2022 6:15:00 PM,1815,083,1368,4313,San Jose,43,True,True,C,REAR END,,Monday,NotApplicable,False,,,False,True,False,SANTA CLARA SUPERIOR COURT HALL OF JUSTICE,C,OTHER MOTOR VEHICLE,,0.0,0.0,CLEAR,, NO UNUSUAL CONDITIONS,, ,C,DARK-STREET LIGHTS,37.254445,-121.844071,,,,,A,NO PEDESTRIANS INVOLVED,12/19/2022 6:15:00 PM,A,VC 22350,False,1.0,SR-85 N/B,,,12/28/2022 2:12:05 PM,A,N,2440.0,BLOSSOM HILL RD,F,,D,12/28/2022 2:12:07 PM,12/28/2022 2:12:07 PM,False,True,4,,12/19/2022 6:18:00 PM,1818.0,False,,,True
1954644,9340-2022-05133,1,False,9340,12/19/2022 7:00:00 PM,1900,088,1368,4313,San Jose,43,True,True,C,REAR END,,Monday,NotApplicable,False,,,False,True,True,SANTA CLARA SUPERIOR COURT HALL OF JUSTICE,C,OTHER MOTOR VEHICLE,,1.0,0.0,CLEAR,, NO UNUSUAL CONDITIONS,, ,C,DARK-STREET LIGHTS,37.349587,-121.917957,,,,,A,NO PEDESTRIANS INVOLVED,12/19/2022 7:00:00 PM,A,VC 22350,False,1.0,I-880 S/B FROM COLEMAN AVE. W/B,,,12/28/2022 2:08:35 PM,A,N,168.0,COLEMAN AVE.,F,,A,12/28/2022 2:08:38 PM,12/28/2022 2:08:38 PM,False,True,4,,12/19/2022 7:37:00 PM,1937.0,False,,,True
1954638,9340-2022-05121,1,False,9340,12/18/2022 8:45:00 PM,2045,110,1368,4313,San Jose,43,True,True,B,SIDE SWIPE,,Sunday,NotApplicable,False,M,,False,True,False,SANTA CLARA SUPERIOR COURT HALL OF JUSTICE,C,OTHER MOTOR VEHICLE,,0.0,0.0,CLEAR,, NO UNUSUAL CONDITIONS,, ,C,DARK-STREET LIGHTS,37.304066,-121.81587,,,,,A,NO PEDESTRIANS INVOLVED,12/18/2022 8:45:00 PM,A,VC 22107,False,1.0,US-101 N/B FROM CAPITOL EXPY,,,12/28/2022 2:03:31 PM,A,N,45.0,CAPITOL EXPY,F,,D,12/28/2022 2:03:33 PM,12/28/2022 2:03:33 PM,False,True,4,,12/18/2022 8:53:00 PM,2053.0,False,,,True
1954531,9340-2022-05071,1,False,9340,12/15/2022 8:30:00 PM,2030,088,1368,4313,San Jose,43,True,True,C,REAR END,,Thursday,NotApplicable,False,,,False,True,False,SANTA CLARA SUPERIOR COURT HALL OF JUSTICE,C,OTHER MOTOR VEHICLE,,0.0,0.0,CLEAR,, NO UNUSUAL CONDITIONS,, ,D,DARK-NO STREET LIGHTS,37.353737,-121.91173,,,,,A,NO PEDESTRIANS INVOLVED,12/15/2022 8:30:00 PM,A,VC 22350,False,1.0,I-880 N/B,,,12/28/2022 12:29:29 PM,A,S,120.0,SR-87,F,,D,12/28/2022 12:29:32 PM,12/28/2022 12:29:32 PM,False,True,4,,12/15/2022 8:38:00 PM,2038.0,False,,,True
1954508,9340-2022-05134,1,False,9340,12/19/2022 7:00:00 PM,1900,282,1368,4313,San Jose,43,True,True,C,REAR END,,Monday,NotApplicable,False,M,,False,True,False,SANTA CLARA SUPERIOR COURT HALL OF JUSTICE,C,OTHER MOTOR VEHICLE,,0.0,0.0,CLEAR,, NO UNUSUAL CONDITIONS,, ,C,DARK-STREET LIGHTS,37.316444,-121.951959,,,,,A,NO PEDESTRIANS INVOLVED,12/19/2022 7:00:00 PM,A,VC 22350,False,1.0,I-280 S/B TO WINCHESTER BOULEVARD,,,12/28/2022 12:12:22 PM,A,N,500.0,WINCHESTER BOULEVARD,F,,D,12/28/2022 12:12:25 PM,12/28/2022 12:12:25 PM,False,True,4,,12/19/2022 7:10:00 PM,1910.0,False,,,True
1954490,9340-2022-05131,1,False,9340,12/19/2022 3:50:00 PM,1550,088,1368,4313,San Jose,43,True,True,C,REAR END,,Monday,NotApplicable,False,,,False,True,False,SANTA CLARA SUPERIOR COURT HALL OF JUSTICE,C,OTHER MOTOR VEHICLE,,0.0,0.0,CLEAR,, NO UNUSUAL CONDITIONS,, ,A,DAYLIGHT,37.346799,-121.920939,,,,,A,NO PEDESTRIANS INVOLVED,12/19/2022 3:50:00 PM,A,VC 22350,False,1.0,I-880 N/B,,,12/28/2022 11:57:51 AM,A,S,1055.0,COLEMAN AVE.,F,,D,12/28/2022 11:57:55 AM,12/28/2022 11:57:55 AM,False,True,4,,12/19/2022 4:13:00 PM,1613.0,False,,,True
1954456,9340-2022-05122,1,False,9340,12/18/2022 2:30:00 PM,1430,070,1368,4313,San Jose,43,True,True,D,BROADSIDE,,Sunday,NotApplicable,False,,,False,True,False,SANTA CLARA SUPERIOR COURT HALL OF JUSTICE,C,OTHER MOTOR VEHICLE,,0.0,0.0,CLEAR,, NO UNUSUAL CONDITIONS,, ,A,DAYLIGHT,37.31751,-121.93177,,,,,A,NO PEDESTRIANS INVOLVED,12/18/2022 2:30:00 PM,A,VC 21453(a),False,1.0,S. BASCOM AVE,,,12/28/2022 11:39:11 AM,A,,,PARKMOOR AVE,,,A,12/28/2022 11:39:14 AM,12/28/2022 11:39:14 AM,False,True,4,,12/18/2022 3:35:00 PM,1535.0,False,,,
1954441,9340-2022-05125,1,False,9340,12/18/2022 3:50:00 PM,1550,088,1368,4313,San Jose,43,True,True,C,REAR END,,Sunday,NotApplicable,False,M,,False,True,False,SANTA CLARA SUPERIOR COURT HALL OF JUSTICE,C,OTHER MOTOR VEHICLE,,0.0,0.0,CLEAR,, NO UNUSUAL CONDITIONS,, ,A,DAYLIGHT,37.334242,-121.936885,,,,,A,NO PEDESTRIANS INVOLVED,12/18/2022 3:50:00 PM,A,VC 22350,False,1.0,I-880 S/B,,,12/28/2022 11:27:49 AM,A,S,110.0,BASCOM AVE,F,,D,12/28/2022 11:27:51 AM,12/28/2022 11:27:51 AM,False,True,4,,12/18/2022 4:00:00 PM,1600.0,False,,,True
1954432,9340-2022-05123,1,False,9340,12/18/2022 3:00:00 PM,1500,088,1368,4313,San Jose,43,True,True,C,REAR END,,Sunday,NotApplicable,False,,,False,True,False,SANTA CLARA SUPERIOR COURT HALL OF JUSTICE,C,OTHER MOTOR VEHICLE,,0.0,0.0,CLEAR,, NO UNUSUAL CONDITIONS,, ,A,DAYLIGHT,37.330089,-121.94074,,,,,A,NO PEDESTRIANS INVOLVED,12/18/2022 3:00:00 PM,A,VC 22350,False,1.0,I-880 S/B,,,12/28/2022 11:19:12 AM,A,S,35.0,HEDDING STREET,F,,D,12/28/2022 11:19:14 AM,12/28/2022 11:19:14 AM,False,True,4,,12/18/2022 3:10:00 PM,1510.0,False,,,True
1954379,9340-2022-05119,1,False,9340,12/18/2022 12:16:00 PM,1216,087,1368,4313,San Jose,43,True,True,C,REAR END,,Sunday,NotApplicable,False,,,False,True,False,SANTA CLARA SUPERIOR COURT HALL OF JUSTICE,C,OTHER MOTOR VEHICLE,,0.0,0.0,CLEAR,, NO UNUSUAL CONDITIONS,, ,A,DAYLIGHT,37.305999,-121.879962,,,,,A,NO PEDESTRIANS INVOLVED,12/18/2022 12:16:00 PM,A,VC 22350,False,1.0,SR-87 N/B,,,12/28/2022 10:41:39 AM,A,N,1739.0,ALMADEN EXPRESSWAY,F,,D,12/28/2022 10:41:42 AM,12/28/2022 10:41:42 AM,False,True,4,,12/18/2022 12:20:00 PM,1220.0,False,,,True
1954357,9340-2022-05114,1,False,9340,12/17/2022 11:55:00 AM,1155,088,1368,4313,San Jose,43,True,True,E,HIT OBJECT,,Saturday,NotApplicable,False,M,,False,True,True,SANTA CLARA SUPERIOR COURT HALL OF JUSTICE,I,FIXED OBJECT,TREE,0.0,0.0,CLEAR,, NO UNUSUAL CONDITIONS,, ,A,DAYLIGHT,37.356749,-121.908162,,,,,A,NO PEDESTRIANS INVOLVED,12/17/2022 11:55:00 AM,A,VC 22107,False,1.0,I-880 N/B ,,,12/28/2022 10:30:31 AM,A,S,370.0,N. FIRST STREET,F,,D,12/28/2022 10:30:43 AM,12/28/2022 10:30:43 AM,False,True,4,,12/17/2022 12:00:00 PM,1200.0,True,EMBEDDED,,False
1954347,9340-2022-05079,1,False,9340,12/15/2022 11:20:00 PM,2320,281,1368,4313,San Jose,43,True,True,E,HIT OBJECT,,Thursday,NotApplicable,False,,,False,True,True,SANTA CLARA SUPERIOR COURT HALL OF JUSTICE,I,FIXED OBJECT,METAL GUARDRAIL,1.0,0.0,CLEAR,, NO UNUSUAL CONDITIONS,, ,D,DARK-NO STREET LIGHTS,37.343174,-121.847093,,,,,A,NO PEDESTRIANS INVOLVED,12/15/2022 11:20:00 PM,A,VC 22107,False,1.0,I-680 S/B TO US-101 S/B,,,12/28/2022 10:26:06 AM,A,S,310.0,S KING RD,F,,D,12/28/2022 10:26:21 AM,12/28/2022 10:26:21 AM,False,True,4,,12/15/2022 11:36:00 PM,2336.0,False,,False,False
1954344,9340-2022-05110,1,False,9340,12/17/2022 7:25:00 PM,1925,220,1368,4313,San Jose,43,True,True,B,SIDE SWIPE,,Saturday,NotApplicable,False,,,False,True,False,SANTA CLARA SUPERIOR COURT HALL OF JUSTICE,C,OTHER MOTOR VEHICLE,,0.0,0.0,CLEAR,, NO UNUSUAL CONDITIONS,, ,C,DARK-STREET LIGHTS,37.402832,-122.028496,,,,,A,NO PEDESTRIANS INVOLVED,12/17/2022 7:25:00 PM,A,VC 22107,False,1.0,SR-237 W/B,,,12/28/2022 10:24:00 AM,A,W,100.0,MATHILDA AVE,F,,D,12/28/2022 10:24:02 AM,12/28/2022 10:24:02 AM,False,True,4,,12/17/2022 7:30:00 PM,1930.0,False,,,