Collision Id,	Report Number,	Report Version,	Is Preliminary,	NCIC Code,Crash Date Time,	Crash Time Description,	Beat,City Id,	City Code,	City Name,County Code,	City Is Active,	City Is Incorporated,	Collision Type Code,Collision Type Description,	Collision Type Other Desc,	Day Of Week,	DispatchNotified,	HasPhotographs,	HitRun,	IsAttachmentsMailed,	IsDeleted,	IsHighwayRelated,	IsTowAway,	JudicialDistrict,	MotorVehicleInvolvedWithCode,	MotorVehicleInvolvedWithDesc,MotorVehicleInvolvedWithOtherDesc,	NumberInjured,	NumberKilled,Weather 1, Weather 2, Road Condition 1, Road Condition 2, Special Condition,LightingCode, LightingDescription,Latitude,Longitude,MilepostDirection,MilepostDistance,MilepostMarker,MilepostUnitOfMeasure,	PedestrianActionCode,PedestrianActionDesc,PreparedDate,	Primary Collision Factor Code,Primary Collision Factor Violation,PrimaryCollisionFactorIsCited,	PrimaryCollisionPartyNumber,	PrimaryRoad,	ReportingDistrict,	ReportingDistrictCode,ReviewedDate,	RoadwaySurfaceCode,SecondaryDirection,	SecondaryDistance,	SecondaryRoad,	SecondaryUnitOfMeasure,	SketchDesc,	TrafficControlDeviceCode,CreatedDate,	ModifiedDate,IsCountyRoad,IsFreeway,CHP555Version,	IsAdditonalObjectStruck,NotificationDate,	NotificationTimeDescription,	HasDigitalMediaFiles,	EvidenceNumber,	IsLocationReferToNarrative,	IsAOIOneSameAsLocation
1954321,9340-2022-05107,1,False,9340,12/17/2022 5:25:00 PM,1725,110,1368,4313,San Jose,43,True,True,C,REAR END,,Saturday,NotApplicable,False,,,False,True,True,SANTA CLARA SUPERIOR COURT HALL OF JUSTICE,C,OTHER MOTOR VEHICLE,,0.0,0.0,CLEAR,, NO UNUSUAL CONDITIONS,, ,C,DARK-STREET LIGHTS,37.306159,-121.819825,,,,,A,NO PEDESTRIANS INVOLVED,12/17/2022 5:25:00 PM,A,VC 22350,False,1.0,US-101 N/B,,,12/28/2022 10:11:05 AM,A,N,1275.0,CAPITOL EXPY,F,,D,12/28/2022 10:11:07 AM,12/28/2022 10:11:07 AM,False,True,4,,12/17/2022 5:37:00 PM,1737.0,False,,,True
1954305,9340-2022-05060,1,False,9340,12/15/2022 11:40:00 AM,1140,089,1368,4313,San Jose,43,True,True,C,REAR END,,Thursday,NotApplicable,False,M,,False,True,False,SANTA CLARA SUPERIOR COURT HALL OF JUSTICE,C,OTHER MOTOR VEHICLE,,0.0,0.0,CLEAR,, NO UNUSUAL CONDITIONS,, ,A,DAYLIGHT,37.33404,-121.935956,,,,,A,NO PEDESTRIANS INVOLVED,12/15/2022 11:40:00 AM,A,VC 22350,True,1.0,I-880 N/B TO N. BASCOM AVE N/B,,,12/28/2022 10:04:56 AM,A,N,150.0,BASCOM AVE,F,,D,12/28/2022 10:05:03 AM,12/28/2022 10:05:03 AM,False,True,4,,12/15/2022 11:45:00 AM,1145.0,True,EMBEDDED,,True
1954304,9340-2022-05108,1,False,9340,12/17/2022 2:50:00 PM,1450,282,1368,4313,San Jose,43,True,True,C,REAR END,,Saturday,NotApplicable,False,,,False,True,True,SANTA CLARA SUPERIOR COURT HALL OF JUSTICE,C,OTHER MOTOR VEHICLE,,1.0,0.0,CLEAR,, NO UNUSUAL CONDITIONS,, ,A,DAYLIGHT,37.316276,-121.966003,,,,,A,NO PEDESTRIANS INVOLVED,12/17/2022 2:50:00 PM,A,VC 22350,False,1.0,I-280 S/B,,,12/28/2022 10:04:53 AM,A,N,500.0,SAN TOMAS EXPY,F,,D,12/28/2022 10:04:56 AM,12/28/2022 10:04:56 AM,False,True,4,,12/17/2022 3:00:00 PM,1500.0,False,,,True
1954247,9340-2022-05106,1,False,9340,12/17/2022 11:25:00 AM,1125,110,1368,4313,San Jose,43,True,True,B,SIDE SWIPE,,Saturday,NotApplicable,False,M,,False,True,False,SANTA CLARA SUPERIOR COURT HALL OF JUSTICE,C,OTHER MOTOR VEHICLE,,0.0,0.0,CLEAR,, NO UNUSUAL CONDITIONS,, ,A,DAYLIGHT,37.320159,-121.832951,,,,,A,NO PEDESTRIANS INVOLVED,12/17/2022 11:25:00 AM,A,VC 22107,False,1.0,US-101 N/B,,,12/28/2022 9:36:59 AM,A,N,700.0,TULLY RD,F,,D,12/28/2022 9:37:03 AM,12/28/2022 9:37:03 AM,False,True,4,,12/17/2022 11:29:00 AM,1129.0,False,,,True
1954121,9340-2022-05068,1,False,9340,12/15/2022 6:00:00 PM,1800,172,1368,4313,San Jose,43,True,True,C,REAR END,,Thursday,NotApplicable,False,,,False,True,False,SANTA CLARA SUPERIOR COURT HALL OF JUSTICE,C,OTHER MOTOR VEHICLE,,0.0,0.0,CLEAR,, NO UNUSUAL CONDITIONS,, ,D,DARK-NO STREET LIGHTS,37.30768,-121.94042,,,,,A,NO PEDESTRIANS INVOLVED,12/15/2022 6:00:00 PM,A,VC 22350,False,,SR-17 N/B,,,12/28/2022 8:17:07 AM,A,S,3009.0,MOORPARK AVE,F,,D,12/28/2022 8:17:11 AM,12/28/2022 8:17:11 AM,False,True,4,,12/15/2022 6:05:00 PM,1805.0,False,,,False
1953984,9340-2022-05064,1,False,9340,12/15/2022 5:05:00 PM,1705,087,1368,4313,San Jose,43,True,True,C,REAR END,,Thursday,NotApplicable,False,,,False,True,True,SANTA CLARA SUPERIOR COURT HALL OF JUSTICE,C,OTHER MOTOR VEHICLE,,0.0,0.0,CLEAR,, REDUCED ROADWAY WIDTH,, ,B,DUSK-DAWN,37.320166,-121.889875,,,,,A,NO PEDESTRIANS INVOLVED,12/15/2022 5:05:00 PM,A,VC 22350,False,1.0,SR-87 N/B TO I-280,,,12/28/2022 6:04:34 AM,A,N,600.0,VIRGINIA STREET,F,,D,12/28/2022 6:04:44 AM,12/28/2022 6:04:44 AM,False,True,4,,12/15/2022 5:08:00 PM,1708.0,False,,,True
1953649,9725-2022-01836,1,False,9725,12/27/2022 8:50:00 AM,850,013,1368,4313,San Jose,43,True,True,E,HIT OBJECT,,Tuesday,NotApplicable,False,,,False,True,True,SANTA CLARA SUPERIOR COURT HALL OF JUSTICE,I,FIXED OBJECT,GRASS/DIRT EMBANKMENT,1.0,0.0,RAINING,, NO UNUSUAL CONDITIONS,, ,A,DAYLIGHT,37.239623,-121.792339,,,,,A,NO PEDESTRIANS INVOLVED,12/27/2022 8:50:00 AM,A,22350(A),False,1.0,SR-85 S/B,,,12/27/2022 4:29:33 PM,B,N,0.16,VIA DEL ORO,M,,D,12/27/2022 4:29:38 PM,12/27/2022 4:29:38 PM,False,True,4,,12/27/2022 9:05:00 AM,905.0,False,,,True
1953543,9340-2022-05090,1,False,9340,12/16/2022 6:02:00 PM,1802,120,1368,4313,San Jose,43,True,True,B,SIDE SWIPE,,Friday,NotApplicable,False,M,,False,True,False,SANTA CLARA SUPERIOR COURT HALL OF JUSTICE,C,OTHER MOTOR VEHICLE,,0.0,0.0,CLEAR,, NO UNUSUAL CONDITIONS,, ,D,DARK-NO STREET LIGHTS,37.37757,-121.946489,,,,,A,NO PEDESTRIANS INVOLVED,12/16/2022 6:02:00 PM,A,VC 22107,False,1.0,US-101 S/B,,,12/27/2022 2:53:11 PM,A,S,500.0,LAFAYETTE ST,F,,D,12/27/2022 2:53:13 PM,12/27/2022 2:53:13 PM,False,True,4,,12/16/2022 6:10:00 PM,1810.0,False,,,True
1953524,9340-2022-05092,1,False,9340,12/16/2022 5:30:00 PM,1730,681,1368,4313,San Jose,43,True,True,C,REAR END,,Friday,NotApplicable,False,,,False,True,False,SANTA CLARA SUPERIOR COURT HALL OF JUSTICE,C,OTHER MOTOR VEHICLE,,0.0,0.0,CLEAR,, NO UNUSUAL CONDITIONS,, ,D,DARK-NO STREET LIGHTS,37.370527,-121.848963,,,,,A,NO PEDESTRIANS INVOLVED,12/16/2022 5:30:00 PM,A,VC 22350,False,1.0,I-680 S/B,,,12/27/2022 2:37:23 PM,A,N,1171.0,MCKEE RD,F,,D,12/27/2022 2:37:25 PM,12/27/2022 2:37:25 PM,False,True,4,,12/16/2022 5:32:00 PM,1732.0,False,,,True
1953510,9340-2022-05087,1,False,9340,12/16/2022 7:50:00 AM,750,281,1368,4313,San Jose,43,True,True,B,SIDE SWIPE,,Friday,Yes,False,,,False,True,False,SANTA CLARA SUPERIOR COURT HALL OF JUSTICE,C,OTHER MOTOR VEHICLE,,0.0,0.0,CLEAR,, NO UNUSUAL CONDITIONS,, ,A,DAYLIGHT,37.324663,-121.88905,,,,,A,NO PEDESTRIANS INVOLVED,12/16/2022 7:50:00 AM,A,VC 21658(A),False,1.0,I-280 N/B,,,12/27/2022 2:17:19 PM,A,N,278.0,ALMADEN BLVD,F,,D,12/27/2022 2:17:23 PM,12/27/2022 2:17:23 PM,False,True,4,,12/16/2022 8:24:00 AM,824.0,False,,,True
1953505,9340-2022-05132,1,False,9340,12/19/2022 5:30:00 PM,1730,230,1368,4313,San Jose,43,True,True,C,REAR END,,Monday,NotApplicable,False,,,False,True,True,SANTA CLARA SUPERIOR COURT HALL OF JUSTICE,C,OTHER MOTOR VEHICLE,,2.0,0.0,CLOUDY,, NO UNUSUAL CONDITIONS,, ,D,DARK-NO STREET LIGHTS,37.419072,-121.960109,,,,,A,NO PEDESTRIANS INVOLVED,12/19/2022 5:30:00 PM,A,VC 22350,False,1.0,SR-237 E/B,,,12/27/2022 2:10:55 PM,A,W,200.0,N. FIRST STREET,F,,D,12/27/2022 2:11:00 PM,12/27/2022 2:11:00 PM,False,True,4,,12/19/2022 5:35:00 PM,1735.0,False,,,True
1953443,9340-2022-05093,1,False,9340,12/16/2022 5:30:00 PM,1730,083,1368,4313,San Jose,43,True,True,C,REAR END,,Friday,NotApplicable,False,,,False,True,False,SANTA CLARA SUPERIOR COURT HALL OF JUSTICE,C,OTHER MOTOR VEHICLE,,2.0,0.0,CLEAR,, NO UNUSUAL CONDITIONS,, ,D,DARK-NO STREET LIGHTS,37.254022,-121.844104,,,,,A,NO PEDESTRIANS INVOLVED,12/16/2022 5:30:00 PM,A,VC 22350,False,1.0,SR-85 S/B,,,12/27/2022 1:31:11 PM,A,N,1850.0,BLOSSOM HILL RD,F,,D,12/27/2022 1:31:16 PM,12/27/2022 1:31:16 PM,False,True,4,,12/16/2022 5:38:00 PM,1738.0,False,,,True
1953395,9340-2022-05094,1,False,9340,12/16/2022 5:15:00 PM,1715,172,1368,4313,San Jose,43,True,True,C,REAR END,,Friday,NotApplicable,False,,,False,True,True,SANTA CLARA SUPERIOR COURT HALL OF JUSTICE,C,OTHER MOTOR VEHICLE,,1.0,0.0,CLEAR,, NO UNUSUAL CONDITIONS,, ,B,DUSK-DAWN,37.308365,-121.940479,,,,,A,NO PEDESTRIANS INVOLVED,12/16/2022 5:15:00 PM,A,VC 22350,False,1.0,SR-17 N/B,,,12/27/2022 1:04:39 PM,A,S,2790.0,MOORPARK AVE,F,,D,12/27/2022 1:04:42 PM,12/27/2022 1:04:42 PM,False,True,4,,12/16/2022 5:21:00 PM,1721.0,False,,False,True
1953357,9340-2022-05078,1,False,9340,12/16/2022 7:15:00 AM,715,110,1368,4313,San Jose,43,True,True,C,REAR END,,Friday,NotApplicable,False,,,False,True,False,SANTA CLARA SUPERIOR COURT HALL OF JUSTICE,C,OTHER MOTOR VEHICLE,,0.0,0.0,CLEAR,, NO UNUSUAL CONDITIONS,, ,A,DAYLIGHT,37.3216,-121.834377,,,,,A,NO PEDESTRIANS INVOLVED,12/16/2022 7:15:00 AM,A,VC 22350,False,1.0,US-101 N/B,,,12/27/2022 12:30:51 PM,A,N,1375.0,TULLY RD,F,,D,12/27/2022 12:30:55 PM,12/27/2022 12:30:55 PM,False,True,4,,12/16/2022 7:22:00 AM,722.0,False,,,True
1953337,9340-2022-05089,1,False,9340,12/16/2022 7:30:00 AM,730,281,1368,4313,San Jose,43,True,True,C,REAR END,,Friday,Yes,False,,,False,True,False,SANTA CLARA SUPERIOR COURT HALL OF JUSTICE,C,OTHER MOTOR VEHICLE,,0.0,0.0,CLEAR,, NO UNUSUAL CONDITIONS,, ,A,DAYLIGHT,37.31729,-121.933349,,,,,A,NO PEDESTRIANS INVOLVED,12/16/2022 7:30:00 AM,A,VC 21658(a),False,1.0,I-280 N/B,,,12/27/2022 12:15:42 PM,A,N,388.0,S BASCOM AVE,F,,D,12/27/2022 12:15:44 PM,12/27/2022 12:15:44 PM,False,True,4,,12/16/2022 7:33:00 AM,733.0,False,,,True
1953321,9340-2022-05077,1,False,9340,12/16/2022 6:40:00 AM,640,240,1368,4313,San Jose,43,True,True,E,HIT OBJECT,,Friday,NotApplicable,False,,,False,True,True,SANTA CLARA SUPERIOR COURT HALL OF JUSTICE,I,FIXED OBJECT,CHAIN LINK FENCE,0.0,0.0,CLEAR,, NO UNUSUAL CONDITIONS,, ,A,DAYLIGHT,37.419561,-121.945228,,,,,A,NO PEDESTRIANS INVOLVED,12/16/2022 6:40:00 AM,A,VC 22107,False,1.0,SR-237 W/B,,,12/27/2022 12:05:44 PM,A,E,0.8,NORTH FIRST STREET,M,,D,12/27/2022 12:05:47 PM,12/27/2022 12:05:47 PM,False,True,4,,12/16/2022 7:30:00 AM,730.0,True,EMBEDDED,,True
1953301,9340-2022-05070,1,False,9340,12/15/2022 6:45:00 PM,1845,281,1368,4313,San Jose,43,True,True,B,SIDE SWIPE,,Thursday,NotApplicable,False,M,,False,True,False,SANTA CLARA SUPERIOR COURT HALL OF JUSTICE,C,OTHER MOTOR VEHICLE,,0.0,0.0,CLEAR,, NO UNUSUAL CONDITIONS,, ,C,DARK-STREET LIGHTS,37.321558,-121.891436,,,,,A,NO PEDESTRIANS INVOLVED,12/15/2022 6:45:00 PM,A,VC 22107,False,1.0,I-280 N/B TO SR-87 S/B,,,12/27/2022 11:55:54 AM,A,N,660.0,WEST VIRGINIA ST,F,,D,12/27/2022 11:55:55 AM,12/27/2022 11:55:55 AM,False,True,4,,12/15/2022 7:01:00 PM,1901.0,False,,,True
1953265,9340-2022-04603,1,False,9340,11/23/2022 10:40:00 PM,2240,681,1368,4313,San Jose,43,True,True,B,SIDE SWIPE,,Wednesday,NotApplicable,False,,,False,True,False,SANTA CLARA SUPERIOR COURT HALL OF JUSTICE,C,OTHER MOTOR VEHICLE,,0.0,0.0,CLEAR,, NO UNUSUAL CONDITIONS,, On-Duty Emergency Vehicle,D,DARK-NO STREET LIGHTS,37.407334,-121.878056,,,,,A,NO PEDESTRIANS INVOLVED,11/23/2022 10:40:00 PM,A,VC 21658(A),False,1.0,I-680 N/B,,,12/27/2022 11:31:53 AM,A,S,2615.0,MONTAGUE EXPY,F,,D,12/27/2022 11:31:59 AM,12/27/2022 11:31:59 AM,False,True,4,,11/23/2022 10:40:00 PM,2240.0,True,AREA PHOTO FILE,,True
1953144,9340-2022-05063,1,False,9340,12/15/2022 5:40:00 PM,1740,172,1368,4313,San Jose,43,True,True,C,REAR END,,Thursday,NotApplicable,False,M,,False,True,False,SANTA CLARA SUPERIOR COURT HALL OF JUSTICE,C,OTHER MOTOR VEHICLE,,0.0,0.0,CLEAR,, NO UNUSUAL CONDITIONS,, ,C,DARK-STREET LIGHTS,37.308867,-121.94048,,,,,A,NO PEDESTRIANS INVOLVED,12/15/2022 5:40:00 PM,A,VC 22350,False,1.0,SR-17 N/B,,,12/27/2022 10:22:07 AM,A,N,1347.0,DOWNING AVE PEDESTRIAN O/C,F,,D,12/27/2022 10:22:11 AM,12/27/2022 10:22:11 AM,False,True,4,,12/15/2022 5:47:00 PM,1747.0,False,,,True
1953020,9340-2022-05062,1,False,9340,12/15/2022 5:15:00 PM,1715,088,1368,4313,San Jose,43,True,True,B,SIDE SWIPE,,Thursday,NotApplicable,False,,,False,True,False,SANTA CLARA SUPERIOR COURT HALL OF JUSTICE,C,OTHER MOTOR VEHICLE,,0.0,0.0,CLEAR,, NO UNUSUAL CONDITIONS,, ,D,DARK-NO STREET LIGHTS,37.34064,-121.928374,,,,,A,NO PEDESTRIANS INVOLVED,12/15/2022 5:15:00 PM,A,VC 21658(A),False,1.0,I-880 N/B,,,12/27/2022 9:16:02 AM,A,S,973.0,THE ALAMEDA,F,,D,12/27/2022 9:16:07 AM,12/27/2022 9:16:07 AM,False,True,4,,12/15/2022 5:24:00 PM,1724.0,False,,,True
1953011,9725-2022-01810,1,False,9725,12/22/2022 2:47:00 PM,1447,085,1368,4313,San Jose,43,True,True,C,REAR END,,Thursday,NotApplicable,False,,,False,True,False,SANTA CLARA SUPERIOR COURT DOWNTOWN SUPERIOR COURT,C,OTHER MOTOR VEHICLE,,0.0,0.0,CLOUDY,, NO UNUSUAL CONDITIONS,, ,A,DAYLIGHT,37.240709,-121.778147,,,,,A,NO PEDESTRIANS INVOLVED,12/22/2022 2:47:00 PM,A,VC 22107,False,1.0,SR-85 S/B,,,12/27/2022 9:10:52 AM,A,N,1500.0,BERNAL RD,F,,D,12/27/2022 9:11:02 AM,12/27/2022 9:11:02 AM,False,True,4,,12/22/2022 2:50:00 PM,1450.0,False,,True,
1952906,9340-2022-05061,1,False,9340,12/15/2022 10:30:00 AM,1030,110,1368,4313,San Jose,43,True,True,B,SIDE SWIPE,,Thursday,Yes,False,M,,False,True,False,SANTA CLARA SUPERIOR COURT HALL OF JUSTICE,C,OTHER MOTOR VEHICLE,,0.0,0.0,CLEAR,, NO UNUSUAL CONDITIONS,, ,A,DAYLIGHT,37.295838,-121.808593,,,,,A,NO PEDESTRIANS INVOLVED,12/15/2022 10:30:00 AM,A,VC 21453(c),False,1.0,US-101 N/B FROM YERBA BUENA,,,12/27/2022 8:21:39 AM,A,N,16.0,YERBA BUENA RD,F,,A,12/27/2022 8:21:41 AM,12/27/2022 8:21:41 AM,False,True,4,,12/15/2022 11:05:00 AM,1105.0,False,,,True
1952855,9340-2022-05074,1,False,9340,12/15/2022 5:45:00 PM,1745,282,1368,4313,San Jose,43,True,True,C,REAR END,,Thursday,NotApplicable,False,,,False,True,True,SANTA CLARA SUPERIOR COURT HALL OF JUSTICE,C,OTHER MOTOR VEHICLE,,1.0,0.0,CLEAR,, NO UNUSUAL CONDITIONS,, ,D,DARK-NO STREET LIGHTS,37.31779,-121.979713,,,,,A,NO PEDESTRIANS INVOLVED,12/15/2022 5:45:00 PM,A,VC 22350,False,1.0,I-280 S/B,,,12/27/2022 7:57:24 AM,A,N,0.25,SARATOGA AVE,M,,D,12/27/2022 7:57:27 AM,12/27/2022 7:57:27 AM,False,True,4,,12/15/2022 6:30:00 PM,1830.0,False,,,True
1952853,9340-2022-05067,1,False,9340,12/15/2022 3:30:00 PM,1530,281,1368,4313,San Jose,43,True,True,C,REAR END,,Thursday,NotApplicable,False,,,False,True,False,SANTA CLARA SUPERIOR COURT HALL OF JUSTICE,C,OTHER MOTOR VEHICLE,,0.0,0.0,CLEAR,, NO UNUSUAL CONDITIONS,, ,A,DAYLIGHT,37.3256,-121.8841,,,,,A,NO PEDESTRIANS INVOLVED,12/15/2022 3:30:00 PM,A,VC 22107,False,1.0,I-280 S/B,,,12/27/2022 7:56:28 AM,A,N,284.0,S. FIRST STREET,F,,D,12/27/2022 7:56:31 AM,12/27/2022 7:56:31 AM,False,True,4,,12/15/2022 3:36:00 PM,1536.0,False,,,False
1952846,9340-2022-05055,1,False,9340,12/15/2022 4:25:00 AM,425,088,1368,4313,San Jose,43,True,True,F,OVERTURNED,,Thursday,NotApplicable,False,M,,False,True,True,SANTA CLARA SUPERIOR COURT HALL OF JUSTICE,I,FIXED OBJECT,DIRT EMBANKMENT,0.0,0.0,CLEAR,, NO UNUSUAL CONDITIONS,, ,D,DARK-NO STREET LIGHTS,37.34177,-121.925969,,,,,A,NO PEDESTRIANS INVOLVED,12/15/2022 4:25:00 AM,A,VC 22350,False,1.0,I-880 N/B TO THE ALAMEDA,,,12/27/2022 7:54:22 AM,A,S,257.0,THE ALAMEDA,F,,D,12/27/2022 7:54:24 AM,12/27/2022 7:54:24 AM,False,True,4,,12/15/2022 4:30:00 AM,430.0,False,,,True
1952838,9340-2022-05053,1,False,9340,12/14/2022 8:40:00 PM,2040,681,1368,4313,San Jose,43,True,True,B,SIDE SWIPE,,Wednesday,NotApplicable,False,,,False,True,False,SANTA CLARA SUPERIOR COURT HALL OF JUSTICE,C,OTHER MOTOR VEHICLE,,0.0,0.0,CLEAR,, NO UNUSUAL CONDITIONS,, ,D,DARK-NO STREET LIGHTS,37.356336,-121.839613,,,,,A,NO PEDESTRIANS INVOLVED,12/14/2022 8:40:00 PM,A,VC 22107,False,1.0,I-680 S/B,,,12/27/2022 7:51:26 AM,A,N,250.0,CAPITOL EXPY,F,,D,12/27/2022 7:51:29 AM,12/27/2022 7:51:29 AM,False,True,4,,12/14/2022 8:47:00 PM,2047.0,False,,,True
1952822,9340-2022-05052,1,False,9340,12/14/2022 6:15:00 PM,1815,087,1368,4313,San Jose,43,True,True,C,REAR END,,Wednesday,NotApplicable,False,,,False,True,False,SANTA CLARA SUPERIOR COURT HALL OF JUSTICE,C,OTHER MOTOR VEHICLE,,1.0,0.0,CLEAR,, NO UNUSUAL CONDITIONS,, ,A,DAYLIGHT,37.308765,-121.88213,,,,,A,NO PEDESTRIANS INVOLVED,12/14/2022 6:15:00 PM,A,VC 22350,False,1.0,SR-87 N/B,,,12/27/2022 7:38:01 AM,A,S,1500.0,ALMA AVE,F,,A,12/27/2022 7:39:52 AM,12/27/2022 7:39:52 AM,False,True,4,,12/14/2022 6:20:00 PM,1820.0,False,,,True
1952818,9340-2022-05041,1,False,9340,12/14/2022 12:18:00 PM,1218,089,1368,4313,San Jose,43,True,True,B,SIDE SWIPE,,Wednesday,NotApplicable,False,,,False,True,False,SANTA CLARA SUPERIOR COURT HALL OF JUSTICE,C,OTHER MOTOR VEHICLE,,0.0,0.0,CLEAR,, NO UNUSUAL CONDITIONS,, ,A,DAYLIGHT,37.365247,-121.901603,,,,,A,NO PEDESTRIANS INVOLVED,12/14/2022 12:18:00 PM,A,VC 22107,False,1.0,I-880 S/B,,,12/27/2022 7:37:26 AM,A,N,300.0,US-101,F,,D,12/27/2022 7:37:29 AM,12/27/2022 7:37:29 AM,False,True,4,,12/14/2022 12:22:00 PM,1222.0,False,,,
1952813,9340-2022-05043,1,False,9340,12/14/2022 11:20:00 AM,1120,110,1368,4313,San Jose,43,True,True,B,SIDE SWIPE,,Wednesday,NotApplicable,False,,,False,True,False,SANTA CLARA SUPERIOR COURT HALL OF JUSTICE,C,OTHER MOTOR VEHICLE,,0.0,0.0,CLEAR,, NO UNUSUAL CONDITIONS,, ,A,DAYLIGHT,37.362931,-121.891766,,,,,A,NO PEDESTRIANS INVOLVED,12/14/2022 11:20:00 AM,A,VC 21658(A),False,1.0,US-101 S/B,,,12/27/2022 7:34:25 AM,A,N,35.0,OLD OAKLAND RD.,F,,D,12/27/2022 7:34:28 AM,12/27/2022 7:34:28 AM,False,True,4,,12/14/2022 11:30:00 AM,1130.0,False,,,True
1952806,9340-2022-05040,1,False,9340,12/14/2022 8:25:00 AM,825,089,1368,4313,San Jose,43,True,True,C,REAR END,,Wednesday,NotApplicable,False,,,False,True,False,SANTA CLARA SUPERIOR COURT HALL OF JUSTICE,C,OTHER MOTOR VEHICLE,,0.0,0.0,CLEAR,, NO UNUSUAL CONDITIONS,, ,A,DAYLIGHT,37.363864,-121.902193,,,,,A,NO PEDESTRIANS INVOLVED,12/14/2022 8:25:00 AM,A,VC 22350,False,1.0,I-880 S/B,,,12/27/2022 7:30:31 AM,A,S,43.0,US-101 S/B,F,,D,12/27/2022 7:30:59 AM,12/27/2022 7:30:59 AM,False,True,4,,12/14/2022 8:41:00 AM,841.0,False,,,True
1952801,9340-2022-05039,1,False,9340,12/14/2022 5:30:00 AM,530,089,1368,4313,San Jose,43,True,True,A,HEAD-ON,,Wednesday,NotApplicable,False,M,,False,True,True,SANTA CLARA SUPERIOR COURT HALL OF JUSTICE,I,FIXED OBJECT,METAL ATTENUATOR,0.0,0.0,CLEAR,, NO UNUSUAL CONDITIONS,, ,C,DARK-STREET LIGHTS,37.3346,-121.935915,,,,,A,NO PEDESTRIANS INVOLVED,12/14/2022 5:30:00 AM,A,VC 22107,False,1.0,I-880 N/B TO BASCOM AVE N/B,,,12/27/2022 7:27:25 AM,A,S,135.0,BASCOM AVE,F,,D,12/27/2022 7:27:28 AM,12/27/2022 7:27:28 AM,False,True,4,,12/14/2022 5:35:00 AM,535.0,False,,,True
1952798,9340-2022-05034,1,False,9340,12/14/2022 3:35:00 AM,335,110,1368,4313,San Jose,43,True,True,B,SIDE SWIPE,,Wednesday,NotApplicable,False,,,False,True,True,SANTA CLARA SUPERIOR COURT HALL OF JUSTICE,E,PARKED MOTOR VEHICLE,,2.0,0.0,CLEAR,, NO UNUSUAL CONDITIONS,, ,D,DARK-NO STREET LIGHTS,37.280485,-121.807304,,,,,A,NO PEDESTRIANS INVOLVED,12/14/2022 3:35:00 AM,A,VC 22107,False,1.0,US-101 N/B,,,12/27/2022 7:25:50 AM,A,S,453.0,HELLYER ROAD,F,,D,12/27/2022 7:25:53 AM,12/27/2022 7:25:53 AM,False,True,4,True,12/14/2022 3:40:00 AM,340.0,False,,,True
1952446,9340-2022-05075,1,False,9340,12/15/2022 5:46:00 PM,1746,282,1368,4313,San Jose,43,True,True,C,REAR END,,Thursday,NotApplicable,False,,,False,True,False,SANTA CLARA SUPERIOR COURT HALL OF JUSTICE,C,OTHER MOTOR VEHICLE,,1.0,0.0,CLEAR,, NO UNUSUAL CONDITIONS,, ,D,DARK-NO STREET LIGHTS,37.316593,-121.960349,,,,,A,NO PEDESTRIANS INVOLVED,12/15/2022 5:46:00 PM,A,VC 22350,False,1.0,I-280 N/B,,,12/26/2022 2:05:22 PM,A,S,1000.0,SAN TOMAS EXPY,F,,D,12/26/2022 2:05:24 PM,12/26/2022 2:05:24 PM,False,True,4,,12/15/2022 7:30:00 PM,1930.0,False,,,True
1952430,9340-2022-05059,1,False,9340,12/15/2022 7:45:00 AM,745,681,1368,4313,San Jose,43,True,True,E,HIT OBJECT,,Thursday,No,False,,,False,True,False,SANTA CLARA SUPERIOR COURT HALL OF JUSTICE,J,OTHER OBJECT,GRAVEL/ROCKS,0.0,0.0,CLEAR,, NO UNUSUAL CONDITIONS,, ,A,DAYLIGHT,37.34263,-121.84747,,,,,A,NO PEDESTRIANS INVOLVED,12/15/2022 7:45:00 AM,C,,,,I-680 S/B,,,12/26/2022 1:38:17 PM,A,S,370.0,KING RD,F,,D,12/26/2022 1:38:19 PM,12/26/2022 1:38:19 PM,False,True,4,,12/15/2022 7:50:00 AM,750.0,False,,,True