Collision Id,	Report Number,	Report Version,	Is Preliminary,	NCIC Code,Crash Date Time,	Crash Time Description,	Beat,City Id,	City Code,	City Name,County Code,	City Is Active,	City Is Incorporated,	Collision Type Code,Collision Type Description,	Collision Type Other Desc,	Day Of Week,	DispatchNotified,	HasPhotographs,	HitRun,	IsAttachmentsMailed,	IsDeleted,	IsHighwayRelated,	IsTowAway,	JudicialDistrict,	MotorVehicleInvolvedWithCode,	MotorVehicleInvolvedWithDesc,MotorVehicleInvolvedWithOtherDesc,	NumberInjured,	NumberKilled,Weather 1, Weather 2, Road Condition 1, Road Condition 2, Special Condition,LightingCode, LightingDescription,Latitude,Longitude,MilepostDirection,MilepostDistance,MilepostMarker,MilepostUnitOfMeasure,	PedestrianActionCode,PedestrianActionDesc,PreparedDate,	Primary Collision Factor Code,Primary Collision Factor Violation,PrimaryCollisionFactorIsCited,	PrimaryCollisionPartyNumber,	PrimaryRoad,	ReportingDistrict,	ReportingDistrictCode,ReviewedDate,	RoadwaySurfaceCode,SecondaryDirection,	SecondaryDistance,	SecondaryRoad,	SecondaryUnitOfMeasure,	SketchDesc,	TrafficControlDeviceCode,CreatedDate,	ModifiedDate,IsCountyRoad,IsFreeway,CHP555Version,	IsAdditonalObjectStruck,NotificationDate,	NotificationTimeDescription,	HasDigitalMediaFiles,	EvidenceNumber,	IsLocationReferToNarrative,	IsAOIOneSameAsLocation
1958424,9340-2022-05168,1,False,9340,12/21/2022 5:35:00 PM,1735,281,1368,4313,San Jose,43,True,True,C,REAR END,,Wednesday,NotApplicable,False,M,,False,True,False,SANTA CLARA SUPERIOR COURT HALL OF JUSTICE,C,OTHER MOTOR VEHICLE,,0.0,0.0,CLEAR,, NO UNUSUAL CONDITIONS,, ,D,DARK-NO STREET LIGHTS,37.323357,-121.894583,,,,,A,NO PEDESTRIANS INVOLVED,12/21/2022 5:35:00 PM,A,VC 22350,False,1.0,I-280 S/B,,,1/3/2023 9:13:50 AM,A,N,0.12,SR-87,M,,D,1/3/2023 9:13:52 AM,1/3/2023 9:13:52 AM,False,True,4,,12/21/2022 5:45:00 PM,1745.0,False,,,True
1958384,9340-2022-05163,1,False,9340,12/21/2022 2:24:00 PM,1424,110,1368,4313,San Jose,43,True,True,B,SIDE SWIPE,,Wednesday,NotApplicable,False,,,False,True,False,SANTA CLARA SUPERIOR COURT HALL OF JUSTICE,C,OTHER MOTOR VEHICLE,,0.0,0.0,CLEAR,, NO UNUSUAL CONDITIONS,, ,A,DAYLIGHT,37.32308,-121.83624,,,,,A,NO PEDESTRIANS INVOLVED,12/21/2022 2:24:00 PM,A,VC 22107,False,1.0,US-101 S/B,,,1/3/2023 8:47:48 AM,A,N,2006.0,TULLY ROAD,F,,A,1/3/2023 8:47:51 AM,1/3/2023 8:47:51 AM,False,True,4,,12/21/2022 2:43:00 PM,1443.0,False,,,False
1958328,9340-2022-05223,1,False,9340,12/26/2022 12:50:00 AM,50,681,1368,4313,San Jose,43,True,True,E,HIT OBJECT,,Monday,NotApplicable,False,,,False,True,True,SANTA CLARA SUPERIOR COURT HALL OF JUSTICE,I,FIXED OBJECT,TREE,0.0,0.0,CLEAR,, NO UNUSUAL CONDITIONS,, ,D,DARK-NO STREET LIGHTS,37.37688,-121.8555,,,,,A,NO PEDESTRIANS INVOLVED,12/26/2022 12:50:00 AM,A,VC 22107,False,1.0,I-680 S/B,,,1/3/2023 8:16:58 AM,A,N,140.0,MABURY ROAD,F,,D,1/3/2023 8:17:00 AM,1/3/2023 8:17:00 AM,False,True,4,False,12/26/2022 12:56:00 AM,56.0,False,,,True
1958321,9340-2022-05212,1,False,9340,12/24/2022 6:00:00 PM,1800,087,1368,4313,San Jose,43,True,True,E,HIT OBJECT,,Saturday,NotApplicable,False,,,False,True,True,SANTA CLARA SUPERIOR COURT HALL OF JUSTICE,I,FIXED OBJECT,CONCRETE BARRIER,0.0,0.0,CLEAR,, NO UNUSUAL CONDITIONS,, ,C,DARK-STREET LIGHTS,37.330763,-121.896186,,,,,A,NO PEDESTRIANS INVOLVED,12/24/2022 6:00:00 PM,A,VC 22107,False,1.0,SR-87 N/B,,,1/3/2023 8:13:18 AM,A,N,489.0,PARK AVE.,F,,D,1/3/2023 8:13:24 AM,1/3/2023 8:13:24 AM,False,True,4,,12/24/2022 6:03:00 PM,1803.0,False,,,True
1958308,9340-2022-05203,1,False,9340,12/23/2022 8:20:00 PM,2020,120,1368,4313,San Jose,43,True,True,E,HIT OBJECT,,Friday,NotApplicable,False,M,,False,True,True,SANTA CLARA SUPERIOR COURT HALL OF JUSTICE,I,FIXED OBJECT,ATTENUATOR BARRELLS ,0.0,0.0,CLEAR,, NO UNUSUAL CONDITIONS,, ,C,DARK-STREET LIGHTS,37.377412,-121.94604,,,,,A,NO PEDESTRIANS INVOLVED,12/23/2022 8:20:00 PM,A,VC 22107,False,1.0,US-101 S/B TO DE LA CRUZ BLVD.,,,1/3/2023 7:58:12 AM,A,N,1254.0,DE LA CRUZ BLVD.,F,,D,1/3/2023 7:58:15 AM,1/3/2023 7:58:15 AM,False,True,4,,12/23/2022 8:26:00 PM,2026.0,False,,,True
1957877,9340-2022-05210,1,False,9340,12/24/2022 1:40:00 PM,1340,087,1368,4313,San Jose,43,True,True,B,SIDE SWIPE,,Saturday,NotApplicable,False,,,False,True,False,SANTA CLARA SUPERIOR COURT HALL OF JUSTICE,C,OTHER MOTOR VEHICLE,,0.0,0.0,CLEAR,, NO UNUSUAL CONDITIONS,, ,A,DAYLIGHT,37.324408,-121.892762,,,,,A,NO PEDESTRIANS INVOLVED,12/24/2022 1:40:00 PM,A,VC 21658(A),False,1.0,SR-87 S/B,,,1/2/2023 3:03:25 PM,A,N,97.0,I-280,F,,D,1/2/2023 3:03:29 PM,1/2/2023 3:03:29 PM,False,True,4,,12/24/2022 1:50:00 PM,1350.0,False,,,True
1957865,9340-2022-05197,1,False,9340,12/23/2022 5:25:00 PM,1725,083,1368,4313,San Jose,43,True,True,B,SIDE SWIPE,,Friday,NotApplicable,False,M,,False,True,False,SANTA CLARA SUPERIOR COURT HALL OF JUSTICE,C,OTHER MOTOR VEHICLE,,0.0,0.0,CLEAR,, NO UNUSUAL CONDITIONS,, ,D,DARK-NO STREET LIGHTS,37.252256,-121.939232,,,,,A,NO PEDESTRIANS INVOLVED,12/23/2022 5:25:00 PM,A,VC 22107,False,1.0,SR-85 S/B,,,1/2/2023 2:41:06 PM,A,N,2296.0,UNION AVE,F,,D,1/2/2023 2:41:09 PM,1/2/2023 2:41:09 PM,False,True,4,,12/23/2022 5:30:00 PM,1730.0,False,,,True
1957832,9340-2022-05174,1,False,9340,12/21/2022 7:05:00 PM,1905,110,1368,4313,San Jose,43,True,True,C,REAR END,,Wednesday,NotApplicable,False,,,False,True,False,SANTA CLARA SUPERIOR COURT HALL OF JUSTICE,C,OTHER MOTOR VEHICLE,,0.0,0.0,CLEAR,, NO UNUSUAL CONDITIONS,, ,C,DARK-STREET LIGHTS,37.34982,-121.86246,,,,,A,NO PEDESTRIANS INVOLVED,12/21/2022 7:05:00 PM,A,VC 22350,False,1.0,US-101 SB TO SANTA CLARA ST.,,,1/2/2023 1:24:35 PM,A,N,12.0,SANTA CLARA ST.,F,,A,1/2/2023 1:24:38 PM,1/2/2023 1:24:38 PM,False,True,4,,12/21/2022 7:35:00 PM,1935.0,False,,,False
1957830,9340-2022-05169,1,False,9340,12/21/2022 3:45:00 PM,1545,110,1368,4313,San Jose,43,True,True,E,HIT OBJECT,,Wednesday,NotApplicable,False,,,False,True,False,SANTA CLARA SUPERIOR COURT HALL OF JUSTICE,I,FIXED OBJECT,CONCRETE BARRIER,0.0,0.0,CLEAR,, NO UNUSUAL CONDITIONS,, ,A,DAYLIGHT,37.30155,-121.81516,,,,,A,NO PEDESTRIANS INVOLVED,12/21/2022 3:45:00 PM,A,VC 22107,False,1.0,US-101 N/B,,,1/2/2023 1:22:52 PM,A,S,675.0,CAPITOL EXPY,F,,D,1/2/2023 1:22:55 PM,1/2/2023 1:22:55 PM,False,True,4,,12/21/2022 7:30:00 PM,1930.0,False,,,False
1957828,9340-2022-05162,1,False,9340,12/21/2022 10:05:00 AM,1005,281,1368,4313,San Jose,43,True,True,C,REAR END,,Wednesday,NotApplicable,False,,,False,True,True,SANTA CLARA SUPERIOR COURT HALL OF JUSTICE,C,OTHER MOTOR VEHICLE,,1.0,0.0,CLEAR,, NO UNUSUAL CONDITIONS,, ,A,DAYLIGHT,37.333715,-121.862046,,,,,A,NO PEDESTRIANS INVOLVED,12/21/2022 10:05:00 AM,A,VC 22350,False,1.0,I-280 N/B,,,1/2/2023 1:19:27 PM,A,N,1630.0,MCLAUGHLIN AVE,F,,D,1/2/2023 1:19:30 PM,1/2/2023 1:19:30 PM,False,True,4,,12/21/2022 10:05:00 AM,1005.0,False,,,
1957788,9340-2022-05161,1,False,9340,12/21/2022 6:43:00 AM,643,281,1368,4313,San Jose,43,True,True,B,SIDE SWIPE,,Wednesday,NotApplicable,False,,,False,True,False,SANTA CLARA SUPERIOR COURT HALL OF JUSTICE,C,OTHER MOTOR VEHICLE,,0.0,0.0,CLEAR,, NO UNUSUAL CONDITIONS,, ,A,DAYLIGHT,37.319552,-121.901902,,,,,A,NO PEDESTRIANS INVOLVED,12/21/2022 6:43:00 AM,A,VC 22107,False,,I-280 N/B,,,1/2/2023 11:54:42 AM,A,N,1270.0,BIRD AVE,F,,D,1/2/2023 11:54:45 AM,1/2/2023 11:54:45 AM,False,True,4,,12/21/2022 6:45:00 AM,645.0,False,,,True
2598599,2022-220270807,2,False,4313,1/27/2022 7:06:00 PM,1906,X1,1368,4313,San Jose,43,True,True,G,VEHICLE/PEDESTRAIN,,Thursday,,,,,False,False,True,,B,PEDESTRIAN,,1.0,0.0,CLEAR,, NO UNUSUAL CONDITIONS - NO UNUSUAL CONDITIONS,, ,C,DARK-STREET LIGHTS,,,,,,,D,CROSSING - NOT IN CROSSWALK,,A,21954A,,1.0,CAPITOL EXPWY,XRAY,,,A,,,VISTA PARK DR,,,A,7/24/2024 4:46:56 PM,1/28/2025 3:36:26 PM,,,2,,,,,,,
2598528,2022-220180468,2,False,4313,1/18/2022 12:53:00 PM,1253,R2,1368,4313,San Jose,43,True,True,G,VEHICLE/PEDESTRAIN,,Tuesday,,,,,False,False,False,,G,BICYCLE,,1.0,0.0,CLEAR,, NO UNUSUAL CONDITIONS - NO UNUSUAL CONDITIONS,, ,A,DAYLIGHT,37.231443,-121.53995,,,,,E,IN ROAD - INCLUDES SHOULDER,,A,21208A,,2.0,HOSTETTER RD,CENTR,,,A,W,100.0,POLE 7M290,F,,A,7/24/2024 4:46:50 PM,1/28/2025 3:36:22 PM,,,2,,,,,,,
2598525,2022-220060582,2,False,4313,1/6/2022 3:18:00 PM,1518,3,1368,4313,San Jose,43,True,True,D,BROADSIDE,,Thursday,,,,,False,True,True,,C,OTHER MOTOR VEHICLE,,3.0,0.0,CLEAR,, NO UNUSUAL CONDITIONS - NO UNUSUAL CONDITIONS,, ,A,DAYLIGHT,37.1913,-121.594424,,,,,A,NO PEDESTRIANS INVOLVED,,A,21453C,,1.0,JUNIPERO SERRA FY RP,NORA,,,A,,,LAWRENCE EXPWY,,,A,7/24/2024 4:46:50 PM,1/28/2025 3:36:22 PM,,,2,,,,,,,
2598520,2022-220240607,2,False,4313,1/24/2022 3:28:00 PM,1528,1,1368,4313,San Jose,43,True,True,D,BROADSIDE,,Monday,,,F,,False,False,False,,G,BICYCLE,,1.0,0.0,CLEAR,, NO UNUSUAL CONDITIONS - NO UNUSUAL CONDITIONS,, ,A,DAYLIGHT,,,,,,,,,,A,21453A,,1.0,S 7TH ST,LINCO,,,A,,,KEYES ST,,,A,7/24/2024 4:46:50 PM,1/28/2025 3:36:19 PM,,,2,,,,,,,
2598518,2022-220260198,2,False,4313,1/26/2022 8:02:00 AM,802,3,1368,4313,San Jose,43,True,True,D,BROADSIDE,,Wednesday,,,,,False,False,True,,C,OTHER MOTOR VEHICLE,,1.0,0.0,CLEAR,, NO UNUSUAL CONDITIONS - NO UNUSUAL CONDITIONS,, ,A,DAYLIGHT,37.211797,-121.531604,,,,,A,NO PEDESTRIANS INVOLVED,,A,21453A,,1.0,N 13TH ST,VICTO,,,A,,,E TAYLOR ST,,,A,7/24/2024 4:46:49 PM,1/28/2025 3:36:19 PM,,,2,,,,,,,
2598449,2022-220230139,2,False,4313,1/23/2022 2:59:00 AM,259,L6,1368,4313,San Jose,43,True,True,C,REAR END,,Sunday,,,,,False,True,True,,C,OTHER MOTOR VEHICLE,,2.0,0.0,CLEAR,, NO UNUSUAL CONDITIONS - NO UNUSUAL CONDITIONS,, ,C,DARK-STREET LIGHTS,,,,,,,A,NO PEDESTRIANS INVOLVED,,A,23152A,,1.0,CAPITOL EXPWY,LINCO,,,A,W,70.0,RT 101,F,,A,7/24/2024 4:46:44 PM,1/28/2025 3:36:15 PM,,,2,,,,,,,
2598448,2022-220180771,2,False,4313,1/18/2022 6:03:00 PM,1803,A5,1368,4313,San Jose,43,True,True,C,REAR END,,Tuesday,,,,,False,False,True,,C,OTHER MOTOR VEHICLE,,3.0,0.0,CLEAR,, NO UNUSUAL CONDITIONS - NO UNUSUAL CONDITIONS,, ,C,DARK-STREET LIGHTS,,,,,,,A,NO PEDESTRIANS INVOLVED,,A,21800A,,1.0,ALMADEN EXPWY,DA,,,A,N,14.0,TRINIDAD DR,F,,A,7/24/2024 4:46:44 PM,1/28/2025 3:36:15 PM,,,2,,,,,,,
2598291,2022-220990851,2,False,4313,4/9/2022 9:57:00 PM,2157,F5,1368,4313,San Jose,43,True,True,C,REAR END,,Saturday,,,,,False,False,False,,C,OTHER MOTOR VEHICLE,,1.0,0.0,CLEAR,, NO UNUSUAL CONDITIONS - NO UNUSUAL CONDITIONS,, ,C,DARK-STREET LIGHTS,,,,,,,A,NO PEDESTRIANS INVOLVED,,A,22350,,1.0,PARKMOOR AV,DISTR,,,A,,,LEIGH AV,,,A,7/24/2024 4:46:31 PM,1/28/2025 3:36:06 PM,,,2,,,,,,,
2598245,2022-220720085,2,False,4313,3/13/2022 1:44:00 AM,144,C5,1368,4313,San Jose,43,True,True,D,BROADSIDE,,Sunday,,,,,False,False,True,,C,OTHER MOTOR VEHICLE,,2.0,0.0,CLEAR,, NO UNUSUAL CONDITIONS - NO UNUSUAL CONDITIONS,, ,C,DARK-STREET LIGHTS,37.21517,-121.493419,,,,,A,NO PEDESTRIANS INVOLVED,,D,,,,STORY RD,FOOTH,,,A,,,S CAPITOL AV,,,A,7/24/2024 4:46:27 PM,1/28/2025 3:36:03 PM,,,2,,,,,,,
2598156,22-026-0306I,2,False,4313,1/26/2022 5:36:00 PM,1736,74C7,1368,4313,San Jose,43,True,True,C,REAR END,,Wednesday,,,,,False,True,False,,C,OTHER MOTOR VEHICLE,,0.0,0.0,CLEAR,, NO UNUSUAL CONDITIONS - NO UNUSUAL CONDITIONS,, ,C,DARK-STREET LIGHTS,,,,,,,A,NO PEDESTRIANS INVOLVED,,A,22350,,1.0,RT 880,I3,,,A,E,70.0,4TH ST,F,,D,7/24/2024 4:46:19 PM,1/28/2025 3:35:57 PM,,,2,,,,,,,
2597678,2022-222031062,2,False,4313,7/22/2022 11:47:00 PM,2347,71P6,1368,4313,San Jose,43,True,True,E,HIT OBJECT,,Friday,,,,,False,False,True,,I,FIXED OBJECT,,0.0,1.0,CLEAR,, NO UNUSUAL CONDITIONS - NO UNUSUAL CONDITIONS,, ,C,DARK-STREET LIGHTS,,,,,,,A,NO PEDESTRIANS INVOLVED,,A,22107,,1.0,ABORN RD,PAUL,,,A,,,BRIGADOON WY,,,A,7/24/2024 4:45:41 PM,1/28/2025 3:35:28 PM,,,2,,,,,,,
2597648,2022-221790683,2,False,4313,6/28/2022 5:04:00 PM,1704,C4,1368,4313,San Jose,43,True,True,G,VEHICLE/PEDESTRAIN,,Tuesday,,,,,False,False,True,,,,,0.0,1.0,CLEAR,, NO UNUSUAL CONDITIONS - NO UNUSUAL CONDITIONS,, ,,,,,,,,,B,CROSSING IN CROSS WALK AT INTERSECTION,,A,21950C,,1.0,ARDEN WY,FOOTH,,,,S,57.0,LEEWARD DR,F,,A,7/24/2024 4:45:39 PM,1/28/2025 3:35:26 PM,,,2,,,,,,,
2597413,2022-220750681,2,False,4313,3/16/2022 5:13:00 PM,1713,V4,1368,4313,San Jose,43,True,True,E,HIT OBJECT,,Wednesday,,,,,False,False,True,,I,FIXED OBJECT,,0.0,1.0,CLEAR,, NO UNUSUAL CONDITIONS - NO UNUSUAL CONDITIONS,, ,A,DAYLIGHT,,,,,,,A,NO PEDESTRIANS INVOLVED,,A,22107,,1.0,E SANTA CLARA ST,CENTR,,,A,,,N 11TH ST,,,A,7/24/2024 4:45:18 PM,1/28/2025 3:35:10 PM,,,2,,,,,,,
2597377,2022-220500141,2,False,4313,2/19/2022 5:38:00 AM,538,A4,1368,4313,San Jose,43,True,True,A,HEAD-ON,,Saturday,,,,,False,False,True,,I,FIXED OBJECT,,0.0,1.0,CLEAR,, NO UNUSUAL CONDITIONS - NO UNUSUAL CONDITIONS,, ,D,DARK-NO STREET LIGHTS,,,,,,,A,NO PEDESTRIANS INVOLVED,,A,22350,,1.0,ALMADEN EXPWY,ADAM,,,A,,,WINFIELD BL,,,A,7/24/2024 4:45:15 PM,1/28/2025 3:35:08 PM,,,2,,,,,,,
2597375,2022-220431060,2,False,4313,2/12/2022 11:48:00 PM,2348,P5,1368,4313,San Jose,43,True,True,A,HEAD-ON,,Saturday,,,,,False,False,True,,I,FIXED OBJECT,,1.0,1.0,CLEAR,, NO UNUSUAL CONDITIONS - NO UNUSUAL CONDITIONS,, ,C,DARK-STREET LIGHTS,,,,,,,A,NO PEDESTRIANS INVOLVED,,A,22107,,1.0,S WHITE RD,PAUL,,,A,S,90.0,CASTLETON DR,F,,A,7/24/2024 4:45:15 PM,1/28/2025 3:35:08 PM,,,2,,,,,,,
2597346,2022-220460047,2,False,4313,2/15/2022 1:16:00 AM,116,4,1368,4313,San Jose,43,True,True,A,HEAD-ON,,Tuesday,,,,,False,False,True,,I,FIXED OBJECT,,0.0,1.0,CLEAR,, LOOSE MATERIAL ON ROADWAY* - LOOSE MATERIAL ON ROADWAY*,, ,C,DARK-STREET LIGHTS,,,,,,,A,NO PEDESTRIANS INVOLVED,,A,22107,,1.0,SAN TOMAS EXPWY,NORA,,,A,,,PAYNE AV,,,A,7/24/2024 4:45:12 PM,1/28/2025 3:35:06 PM,,,2,,,,,,,
2597302,2022-220410462,2,False,4313,2/10/2022 12:08:00 PM,1208,F2,1368,4313,San Jose,43,True,True,A,HEAD-ON,,Thursday,,,,,False,False,True,,I,FIXED OBJECT,,1.0,0.0,CLEAR,, NO UNUSUAL CONDITIONS - NO UNUSUAL CONDITIONS,, ,A,DAYLIGHT,,,,,,,A,NO PEDESTRIANS INVOLVED,,A,22350,,1.0,NEWHALL DR,WESTE,,,A,,,COLEMAN AV,,,A,7/24/2024 4:45:08 PM,1/28/2025 3:35:04 PM,,,2,,,,,,,
2597298,2022-220550244,2,False,4313,2/24/2022 8:55:00 AM,855,S6,1368,4313,San Jose,43,True,True,D,BROADSIDE,,Thursday,,,,,False,False,True,,D,MOTOR VEHICLE ON OTHER ROADWAY,,2.0,0.0,CLEAR,, NO UNUSUAL CONDITIONS - NO UNUSUAL CONDITIONS,, ,A,DAYLIGHT,,,,,,,A,NO PEDESTRIANS INVOLVED,,A,21801A,,1.0,ALMADEN EXPWY,SAM,,,A,,,LA ROSSA CL,,,D,7/24/2024 4:45:08 PM,1/28/2025 3:35:03 PM,,,2,,,,,,,
2095616,9340-2022-05332,1,False,9340,11/11/2022 6:15:00 PM,1815,281,1368,4313,San Jose,43,True,True,C,REAR END,,Friday,NotApplicable,False,,,False,True,False,SANTA CLARA SUPERIOR COURT HALL OF JUSTICE,C,OTHER MOTOR VEHICLE,,2.0,0.0,CLEAR,, NO UNUSUAL CONDITIONS,, ,B,DUSK-DAWN,37.31673,-121.905451,,,,,A,NO PEDESTRIANS INVOLVED,11/11/2022 6:15:00 PM,A,VC 22350,False,1.0,I-280 S/B,,,6/16/2023 8:51:39 AM,A,S,450.0,LINCOLN AVE,F,,D,6/16/2023 8:51:41 AM,6/16/2023 8:51:41 AM,False,True,4,,11/11/2022 6:17:00 PM,1817.0,False,,,True
2093881,9340-2022-03760,1,False,9340,10/3/2022 12:37:00 AM,37,681,1368,4313,San Jose,43,True,True,E,HIT OBJECT,,Monday,NotApplicable,False,,,False,True,False,SANTA CLARA SUPERIOR COURT HALL OF JUSTICE,J,OTHER OBJECT,DECEASED BODY,0.0,0.0,CLOUDY,, NO UNUSUAL CONDITIONS,, ,C,DARK-STREET LIGHTS,37.34926,-121.839575,,,,,A,NO PEDESTRIANS INVOLVED,10/3/2022 12:37:00 AM,C,,,,I-680 S/B,,,6/14/2023 3:07:06 PM,A,S,880.0,JACKSON ST,F,,D,6/14/2023 3:07:07 PM,6/14/2023 3:07:07 PM,False,True,4,,10/3/2022 12:37:00 AM,37.0,True,E20220458,True,
2093880,9340-2022-03785,1,False,9340,10/3/2022 12:39:00 AM,39,681,1368,4313,San Jose,43,True,True,E,HIT OBJECT,,Monday,NotApplicable,False,,,False,True,False,SANTA CLARA SUPERIOR COURT HALL OF JUSTICE,J,OTHER OBJECT,DECEASED BODY,0.0,0.0,CLOUDY,, NO UNUSUAL CONDITIONS,, ,C,DARK-STREET LIGHTS,37.34926,-121.839595,,,,,A,NO PEDESTRIANS INVOLVED,10/3/2022 12:39:00 AM,C,,,,I-680 S/B,,,6/14/2023 3:06:42 PM,A,S,950.0,JACKSON ST,F,,D,6/14/2023 3:06:43 PM,6/14/2023 3:06:43 PM,False,True,4,,10/3/2022 12:42:00 AM,37.0,True,20220458,True,
2093878,9340-2022-03761,1,False,9340,10/3/2022 12:38:00 AM,38,681,1368,4313,San Jose,43,True,True,E,HIT OBJECT,,Monday,NotApplicable,False,,,False,True,False,SANTA CLARA SUPERIOR COURT HALL OF JUSTICE,J,OTHER OBJECT,DECEASED BODY,0.0,0.0,CLOUDY,, NO UNUSUAL CONDITIONS,, ,C,DARK-STREET LIGHTS,37.34926,-121.839585,,,,,A,NO PEDESTRIANS INVOLVED,10/3/2022 12:38:00 AM,C,,,,I-680 S/B,,,6/14/2023 3:06:16 PM,A,S,890.0,JACKSON ST,F,,D,6/14/2023 3:06:20 PM,6/14/2023 3:06:20 PM,False,True,4,,10/3/2022 12:41:00 AM,37.0,True,E20220458,True,
2093874,9340-2022-03759,1,False,9340,10/3/2022 12:36:00 AM,36,681,1368,4313,San Jose,43,True,True,E,HIT OBJECT,,Monday,NotApplicable,False,,,False,True,True,SANTA CLARA SUPERIOR COURT HALL OF JUSTICE,J,OTHER OBJECT,DECEASED BODY,0.0,0.0,CLOUDY,, NO UNUSUAL CONDITIONS,, ,C,DARK-STREET LIGHTS,37.34926,-121.839565,,,,,A,NO PEDESTRIANS INVOLVED,10/3/2022 12:36:00 AM,C,,,,I-680 S/B,,,6/14/2023 3:01:10 PM,A,S,870.0,JACKSON ST,F,,D,6/14/2023 3:01:13 PM,6/14/2023 3:01:13 PM,False,True,4,,10/3/2022 12:37:00 AM,37.0,True,E20220458,True,
2093872,9340-2022-03758,1,False,9340,10/3/2022 12:35:00 AM,35,681,1368,4313,San Jose,43,True,True,E,HIT OBJECT,,Monday,NotApplicable,False,,,False,True,False,SANTA CLARA SUPERIOR COURT HALL OF JUSTICE,J,OTHER OBJECT,DECEASED BODY,0.0,0.0,CLOUDY,, NO UNUSUAL CONDITIONS,, ,C,DARK-STREET LIGHTS,37.34926,-121.83955,,,,,E,IN ROAD - INCLUDES SHOULDER,10/3/2022 12:35:00 AM,C,,,,I-680 S/B,,,6/14/2023 3:00:45 PM,A,S,859.0,JACKSON ST,F,,D,6/14/2023 3:00:47 PM,6/14/2023 3:00:47 PM,False,True,4,False,10/3/2022 12:37:00 AM,37.0,True,E20220458,True,
2093870,9340-2022-03756,1,False,9340,10/3/2022 12:34:00 AM,34,681,1368,4313,San Jose,43,True,True,G,VEHICLE/PEDESTRAIN,,Monday,Yes,False,,,False,True,True,SANTA CLARA SUPERIOR COURT HALL OF JUSTICE,B,PEDESTRIAN,,0.0,1.0,CLOUDY,, NO UNUSUAL CONDITIONS,, Fatal,C,DARK-STREET LIGHTS,37.34926,-121.83954,,,,,E,IN ROAD - INCLUDES SHOULDER,10/3/2022 12:34:00 AM,A,VC 21954(a),False,1.0,I-680 S/B S/O JACKSON AVENUE,,,6/14/2023 2:59:41 PM,A,S,820.0,JACKSON AVENUE,F,,D,6/14/2023 2:59:43 PM,6/14/2023 2:59:43 PM,False,True,4,,10/3/2022 12:37:00 AM,37.0,True,E20220458,True,
2086297,9340-2022-05213,1,False,9340,12/24/2022 1:35:00 AM,135,110,1368,4313,San Jose,43,True,True,E,HIT OBJECT,,Saturday,Yes,False,M,,False,True,True,SANTA CLARA SUPERIOR COURT HALL OF JUSTICE,I,FIXED OBJECT,METAL GUARDRAIL,0.0,1.0,CLEAR,, NO UNUSUAL CONDITIONS,, Fatal,C,DARK-STREET LIGHTS,37.333952,-121.845655,,,,,A,NO PEDESTRIANS INVOLVED,12/24/2022 1:35:00 AM,A,VC 22107,False,1.0,US-101 N/B TO I-680/I-280,,,6/5/2023 2:36:48 PM,A,S,975.0,STORY RD,F,,D,6/5/2023 2:38:39 PM,6/5/2023 2:38:39 PM,False,True,4,,12/24/2022 1:44:00 AM,144.0,True,E20230020,True,
2086284,9340-2022-05081,1,False,9340,12/16/2022 5:15:00 AM,515,110,1368,4313,San Jose,43,True,True,G,VEHICLE/PEDESTRAIN,,Friday,Yes,False,M,,False,True,False,SANTA CLARA SUPERIOR COURT HALL OF JUSTICE,B,PEDESTRIAN,,0.0,1.0,CLEAR,, NO UNUSUAL CONDITIONS,, Fatal,C,DARK-STREET LIGHTS,37.355224,-121.867532,,,,,E,IN ROAD - INCLUDES SHOULDER,12/16/2022 5:15:00 AM,A,VC 21954(a),False,1.0,US-101 S/B,,,6/5/2023 2:16:14 PM,A,N,515.0,MCKEE RD,F,,D,6/5/2023 2:16:18 PM,6/5/2023 2:16:18 PM,False,True,4,,12/16/2022 5:26:00 AM,526.0,True,E20220558,True,
2079168,9340-2022-05113,1,False,9340,12/18/2022 2:05:00 AM,205,083,1368,4313,San Jose,43,True,True,E,HIT OBJECT,,Sunday,Yes,False,,,False,True,True,SANTA CLARA SUPERIOR COURT HALL OF JUSTICE,I,FIXED OBJECT,METAL GUARDRAIL,0.0,1.0,CLEAR,, NO UNUSUAL CONDITIONS,, Fatal,C,DARK-STREET LIGHTS,37.255572,-121.849095,,,,,A,NO PEDESTRIANS INVOLVED,12/18/2022 2:05:00 AM,A,VC 23152(g),False,1.0,SR-85 N/B,,,5/26/2023 7:33:51 AM,A,S,2793.0,SANTA TERESA BLVD,F,,D,5/26/2023 7:33:53 AM,5/26/2023 7:33:53 AM,False,True,4,,12/18/2022 2:34:00 AM,234.0,True,E20220560,True,False
2073903,9340-2022-04964,1,False,9340,12/11/2022 4:40:00 AM,440,120,1368,4313,San Jose,43,True,True,G,VEHICLE/PEDESTRAIN,,Sunday,Yes,False,,,False,True,True,SANTA CLARA SUPERIOR COURT HALL OF JUSTICE,B,PEDESTRIAN,,0.0,2.0,RAINING,, NO UNUSUAL CONDITIONS,, Fatal,C,DARK-STREET LIGHTS,37.368653,-121.908844,,,,,D,CROSSING - NOT IN CROSSWALK,12/11/2022 4:40:00 AM,A,VC 21954(A),False,,US-101 S/B,,,5/22/2023 6:14:04 AM,B,S,2700.0,N. FIRST STREET,F,,D,5/22/2023 6:14:06 AM,5/22/2023 6:14:06 AM,False,True,4,,12/11/2022 4:46:00 AM,446.0,True,E20220550,True,