Collision Id,	Report Number,	Report Version,	Is Preliminary,	NCIC Code,Crash Date Time,	Crash Time Description,	Beat,City Id,	City Code,	City Name,County Code,	City Is Active,	City Is Incorporated,	Collision Type Code,Collision Type Description,	Collision Type Other Desc,	Day Of Week,	DispatchNotified,	HasPhotographs,	HitRun,	IsAttachmentsMailed,	IsDeleted,	IsHighwayRelated,	IsTowAway,	JudicialDistrict,	MotorVehicleInvolvedWithCode,	MotorVehicleInvolvedWithDesc,MotorVehicleInvolvedWithOtherDesc,	NumberInjured,	NumberKilled,Weather 1, Weather 2, Road Condition 1, Road Condition 2, Special Condition,LightingCode, LightingDescription,Latitude,Longitude,MilepostDirection,MilepostDistance,MilepostMarker,MilepostUnitOfMeasure,	PedestrianActionCode,PedestrianActionDesc,PreparedDate,	Primary Collision Factor Code,Primary Collision Factor Violation,PrimaryCollisionFactorIsCited,	PrimaryCollisionPartyNumber,	PrimaryRoad,	ReportingDistrict,	ReportingDistrictCode,ReviewedDate,	RoadwaySurfaceCode,SecondaryDirection,	SecondaryDistance,	SecondaryRoad,	SecondaryUnitOfMeasure,	SketchDesc,	TrafficControlDeviceCode,CreatedDate,	ModifiedDate,IsCountyRoad,IsFreeway,CHP555Version,	IsAdditonalObjectStruck,NotificationDate,	NotificationTimeDescription,	HasDigitalMediaFiles,	EvidenceNumber,	IsLocationReferToNarrative,	IsAOIOneSameAsLocation
2059412,9340-2022-04060,1,False,9340,10/21/2022 6:51:00 AM,651,020,1368,4313,San Jose,43,True,True,D,BROADSIDE,,Friday,Yes,False,,,False,False,False,SANTA CLARA SUPERIOR COURT HALL OF JUSTICE,C,OTHER MOTOR VEHICLE,,1.0,1.0,CLEAR,, NO UNUSUAL CONDITIONS,, Fatal,C,DARK-STREET LIGHTS,37.332142,-121.873168,,,,,A,NO PEDESTRIANS INVOLVED,10/21/2022 6:51:00 AM,A,VC 21453(a),False,1.0,REED ST,,,5/2/2023 1:51:46 PM,A,,,10TH ST,,,A,5/2/2023 1:51:51 PM,5/2/2023 1:51:51 PM,True,False,4,,10/21/2022 7:02:00 AM,702.0,True,E20220419,True,
2057822,9340-2022-03426,1,False,9340,9/13/2022 3:05:00 PM,1505,110,1368,4313,San Jose,43,True,True,E,HIT OBJECT,DIRT EMBANKMENT,Tuesday,Yes,False,,,False,True,True,SANTA CLARA SUPERIOR COURT HALL OF JUSTICE,I,FIXED OBJECT,TREES,0.0,1.0,CLEAR,, NO UNUSUAL CONDITIONS,, Fatal,A,DAYLIGHT,37.276562,-121.804835,,,,,A,NO PEDESTRIANS INVOLVED,9/13/2022 3:05:00 PM,A,VC 22107,False,1.0,US-101 N/B,,,5/1/2023 8:13:55 AM,A,S,89.0,COYOTE RD,F,,D,5/1/2023 8:13:58 AM,5/1/2023 8:13:58 AM,False,True,4,True,,,True,E-20220430,,
2045382,9340-2022-03850,1,False,9340,10/8/2022 12:56:00 AM,56,281,1368,4313,San Jose,43,True,True,E,HIT OBJECT,,Saturday,NotApplicable,False,,,False,True,False,SANTA CLARA SUPERIOR COURT HALL OF JUSTICE,J,OTHER OBJECT,DECEASED BODY,0.0,0.0,CLEAR,, OBSTRUCTION ON ROADWAY*,, ,E,DARK-STREET LIGHTS NOT FUNCTIONING*,37.331344,-121.844277,,,,,A,NO PEDESTRIANS INVOLVED,10/8/2022 12:56:00 AM,C,,,,I-280 S/B TO US-101 S/B ,,,4/14/2023 1:24:35 PM,A,S,1722.0,STORY RD,F,,D,4/14/2023 1:24:38 PM,4/14/2023 1:24:38 PM,False,True,4,,10/8/2022 12:58:00 AM,58.0,False,,True,
2045376,9340-2022-03848,1,False,9340,10/8/2022 12:55:00 AM,55,281,1368,4313,San Jose,43,True,True,G,VEHICLE/PEDESTRAIN,,Saturday,Yes,False,,,False,True,True,SANTA CLARA SUPERIOR COURT HALL OF JUSTICE,B,PEDESTRIAN,,0.0,1.0,CLEAR,, NO UNUSUAL CONDITIONS,, Fatal,E,DARK-STREET LIGHTS NOT FUNCTIONING*,37.33148,-121.844434,,,,,E,IN ROAD - INCLUDES SHOULDER,10/8/2022 12:55:00 AM,A,VC 21954(A),False,1.0,I-280 S/B TO US-101 S/B,,,4/14/2023 1:20:07 PM,A,S,1548.0,STORY RD,F,,D,4/14/2023 1:20:10 PM,4/14/2023 1:20:10 PM,False,True,4,,10/8/2022 12:56:00 AM,56.0,True,E20220478,True,
2003843,9340-2022-05330,1,False,9340,12/20/2022 5:47:00 PM,1747,088,1368,4313,San Jose,43,True,True,C,REAR END,,Tuesday,NotApplicable,False,,,False,True,False,SANTA CLARA SUPERIOR COURT HALL OF JUSTICE,C,OTHER MOTOR VEHICLE,,0.0,0.0,CLEAR,, NO UNUSUAL CONDITIONS,, ,A,DAYLIGHT,37.328388,-121.94087,,,,,A,NO PEDESTRIANS INVOLVED,12/20/2022 5:47:00 PM,A,VC 22350,False,1.0,I-880 S/B,,,2/27/2023 9:10:00 AM,A,N,400.0,FOREST AVE,F,,D,2/27/2023 9:10:14 AM,2/27/2023 9:10:14 AM,False,True,4,,12/31/2022 12:00:00 AM,9999.0,False,,,True
2003814,9340-2022-05331,1,False,9340,10/24/2022 4:20:00 PM,1620,087,1368,4313,San Jose,43,True,True,C,REAR END,,Monday,NotApplicable,False,M,,False,True,False,SANTA CLARA SUPERIOR COURT HALL OF JUSTICE,C,OTHER MOTOR VEHICLE,,0.0,0.0,CLEAR,, NO UNUSUAL CONDITIONS,, ,A,DAYLIGHT,37.320462,-121.889941,,,,,A,NO PEDESTRIANS INVOLVED,10/24/2022 4:20:00 PM,A,VC 22350,False,1.0,SR-87 N/B TO I-280,,,2/27/2023 8:56:47 AM,A,S,200.0,I-280,F,,D,2/27/2023 8:57:00 AM,2/27/2023 8:57:00 AM,False,True,4,,10/25/2022 2:05:00 PM,1405.0,False,,,True
2608748,2022-220350584,2,False,4313,2/4/2022 3:26:00 PM,1526,2,1368,4313,San Jose,43,True,True,A,HEAD-ON,,Friday,,,,,False,False,True,,C,OTHER MOTOR VEHICLE,,1.0,0.0,CLEAR,, ,, ,A,DAYLIGHT,,,,,,,A,NO PEDESTRIANS INVOLVED,,A,21650,,1.0,SEACLIFF DR,CHARL,,,A,N,426.0,TULLY RD,F,,D,7/25/2024 7:15:09 PM,1/28/2025 3:45:17 PM,,,2,,,,,,,
2608573,2022-220420574,2,False,4313,2/11/2022 3:51:00 PM,1551,R4,1368,4313,San Jose,43,True,True,D,BROADSIDE,,Friday,,,,,False,True,True,,C,OTHER MOTOR VEHICLE,,1.0,0.0,CLEAR,, NO UNUSUAL CONDITIONS - NO UNUSUAL CONDITIONS,, ,A,DAYLIGHT,,,,,,,A,NO PEDESTRIANS INVOLVED,,A,21804A,,1.0,E TAYLOR ST,CENTR,,,A,,,MABURY RD,,,A,7/25/2024 7:14:59 PM,1/28/2025 3:45:05 PM,,,2,,,,,,,
2608486,2022-220310412,2,False,4313,1/31/2022 12:26:00 PM,1226,L5,1368,4313,San Jose,43,True,True,D,BROADSIDE,,Monday,,,,,False,False,True,,,,,4.0,0.0,CLOUDY,, NO UNUSUAL CONDITIONS - NO UNUSUAL CONDITIONS,, ,A,DAYLIGHT,,,,,,,A,NO PEDESTRIANS INVOLVED,,A,21453,,1.0,MONTEREY RD,WESTE,,,A,,,E CAPITOL EXPWY,,,A,7/25/2024 7:14:55 PM,1/28/2025 3:44:59 PM,,,2,,,,,,,
2608315,2022-220490655,2,False,4313,2/18/2022 3:59:00 PM,1559,Y2,1368,4313,San Jose,43,True,True,C,REAR END,,Friday,,,,,False,True,True,,C,OTHER MOTOR VEHICLE,,1.0,0.0,CLEAR,, NO UNUSUAL CONDITIONS - NO UNUSUAL CONDITIONS,, ,A,DAYLIGHT,37.15347,-121.50671,,,,,,,,D,,,,BLOSSOM HILL RD,,,,A,,,RT 85,,,D,7/25/2024 7:14:46 PM,1/28/2025 3:44:49 PM,,,2,,,,,,,
2607962,2022-220450615,2,False,4313,2/14/2022 3:15:00 PM,1515,S2,1368,4313,San Jose,43,True,True,C,REAR END,,Monday,,,,,False,False,True,,C,OTHER MOTOR VEHICLE,,3.0,0.0,CLEAR,, NO UNUSUAL CONDITIONS - NO UNUSUAL CONDITIONS,, ,A,DAYLIGHT,,,,,,,A,NO PEDESTRIANS INVOLVED,,A,22350,,1.0,S BASCOM AV,DS,,,A,,,SOUTHWEST EXPWY,,,D,7/25/2024 7:14:26 PM,1/28/2025 3:44:24 PM,,,2,,,,,,,
2607961,2022-220430488,2,False,4313,2/12/2022 2:23:00 PM,1423,L4,1368,4313,San Jose,43,True,True,C,REAR END,,Saturday,,,,,False,False,True,,C,OTHER MOTOR VEHICLE,,2.0,0.0,CLEAR,, ,, ,A,DAYLIGHT,37.173995,-121.522329,,,,,,,,A,22107,,1.0,CURTNER AV,DISTR,,,A,,,RT 87,,,A,7/25/2024 7:14:26 PM,1/28/2025 3:44:23 PM,,,2,,,,,,,
2607960,2022-220430274,2,False,4313,2/12/2022 9:59:00 AM,959,N2,1368,4313,San Jose,43,True,True,D,BROADSIDE,,Saturday,,,,,False,False,True,,C,OTHER MOTOR VEHICLE,,1.0,0.0,CLEAR,, NO UNUSUAL CONDITIONS - NO UNUSUAL CONDITIONS,, ,A,DAYLIGHT,,,,,,,A,NO PEDESTRIANS INVOLVED,,A,22103,,1.0,S BLANEY AV,WESTE,,,A,,,DANRIDGE DR,,,A,7/25/2024 7:14:26 PM,1/28/2025 3:44:23 PM,,,2,,,,,,,
2607959,2022-220360528,2,False,4313,2/5/2022 3:30:00 PM,1530,K6,1368,4313,San Jose,43,True,True,B,SIDE SWIPE,,Saturday,,,,,False,False,False,,C,OTHER MOTOR VEHICLE,,1.0,0.0,CLEAR,, NO UNUSUAL CONDITIONS - NO UNUSUAL CONDITIONS,, ,A,DAYLIGHT,,,,,,,A,NO PEDESTRIANS INVOLVED,,A,21802A,,1.0,S 10TH ST,CENTR,,,A,,,MARGARET ST,,,A,7/25/2024 7:14:26 PM,1/28/2025 3:44:23 PM,,,2,,,,,,,
2607958,2022-220520211,2,False,4313,2/21/2022 9:25:00 AM,925,Y2,1368,4313,San Jose,43,True,True,C,REAR END,,Monday,,,,,False,False,True,,C,OTHER MOTOR VEHICLE,,2.0,0.0,CLEAR,, NO UNUSUAL CONDITIONS - NO UNUSUAL CONDITIONS,, ,A,DAYLIGHT,37.15219,-121.502284,,,,,A,NO PEDESTRIANS INVOLVED,,A,22350,,1.0,BLOSSOM HILL RD,YELLO,,,A,,,BLOSSOM AV,,,A,7/25/2024 7:14:26 PM,1/28/2025 3:44:23 PM,,,2,,,,,,,
2607957,2022-220520147,2,False,4313,2/21/2022 7:26:00 AM,726,R4,1368,4313,San Jose,43,True,True,B,SIDE SWIPE,,Monday,,,,,False,False,True,,C,OTHER MOTOR VEHICLE,,2.0,0.0,CLEAR,, NO UNUSUAL CONDITIONS - NO UNUSUAL CONDITIONS,, ,A,DAYLIGHT,37.215286,-121.533032,,,,,A,NO PEDESTRIANS INVOLVED,,A,21804A,,1.0,OAKLAND RD,ROBER,,,A,,,COMMERCIAL ST,,,A,7/25/2024 7:14:26 PM,1/28/2025 3:44:23 PM,,,2,,,,,,,
2607956,2022-220500387,2,False,4313,2/19/2022 12:30:00 PM,1230,L2,1368,4313,San Jose,43,True,True,C,REAR END,,Saturday,,,,,False,False,False,,C,OTHER MOTOR VEHICLE,,2.0,0.0,CLEAR,, NO UNUSUAL CONDITIONS - NO UNUSUAL CONDITIONS,, ,A,DAYLIGHT,,,,,,,A,NO PEDESTRIANS INVOLVED,,A,22350,,1.0,MCLAUGHLINA V,LINC,,,A,,,STORY RD,,,A,7/25/2024 7:14:26 PM,1/28/2025 3:44:23 PM,,,2,,,,,,,
2607955,2022-220500349,2,False,4313,2/19/2022 11:54:00 AM,1154,R4,1368,4313,San Jose,43,True,True,D,BROADSIDE,,Saturday,,,,,False,False,False,,C,OTHER MOTOR VEHICLE,,1.0,0.0,CLEAR,, NO UNUSUAL CONDITIONS - NO UNUSUAL CONDITIONS,, ,A,DAYLIGHT,37.22432,-121.531234,,,,,A,NO PEDESTRIANS INVOLVED,,A,22107,,1.0,COMMERCIAL CT,DR,,,A,,,COMMERCIAL ST,,,D,7/25/2024 7:14:25 PM,1/28/2025 3:44:23 PM,,,2,,,,,,,
2607954,2022-220510757,2,False,4313,2/20/2022 7:49:00 PM,1949,L1,1368,4313,San Jose,43,True,True,D,BROADSIDE,,Sunday,,,,,False,False,True,,C,OTHER MOTOR VEHICLE,,1.0,0.0,CLEAR,, NO UNUSUAL CONDITIONS - NO UNUSUAL CONDITIONS,, ,C,DARK-STREET LIGHTS,,,,,,,A,NO PEDESTRIANS INVOLVED,,A,21453A,,1.0,S 1ST ST,LINCO,,,A,,,E VIRGINIA ST,,,A,7/25/2024 7:14:25 PM,1/28/2025 3:44:23 PM,,,2,,,,,,,
2607953,2022-2203705,2,False,4313,2/6/2022 3:22:00 PM,1522,T5,1368,4313,San Jose,43,True,True,C,REAR END,,Sunday,,,,,False,False,True,,C,OTHER MOTOR VEHICLE,,1.0,0.0,CLEAR,, NO UNUSUAL CONDITIONS - NO UNUSUAL CONDITIONS,, ,A,DAYLIGHT,,,,,,,A,NO PEDESTRIANS INVOLVED,,A,21703,,1.0,HILLSDALE AV,SOUTH,,,A,,,CHERRY AV,,,A,7/25/2024 7:14:25 PM,1/28/2025 3:44:23 PM,,,2,,,,,,,
2607952,2022-220520129,2,False,4313,2/21/2022 6:10:00 AM,610,L1,1368,4313,San Jose,43,True,True,C,REAR END,,Monday,,,,,False,False,True,,C,OTHER MOTOR VEHICLE,,1.0,0.0,CLEAR,, NO UNUSUAL CONDITIONS - NO UNUSUAL CONDITIONS,, ,A,DAYLIGHT,,,,,,,A,NO PEDESTRIANS INVOLVED,,A,22350,,1.0,1ST ST,LINCO,,,A,,,HUMBOLDT ST,,,A,7/25/2024 7:14:25 PM,1/28/2025 3:44:23 PM,,,2,,,,,,,
2607951,2022-220530717,2,False,4313,2/22/2022 5:45:00 PM,1745,S5,1368,4313,San Jose,43,True,True,B,SIDE SWIPE,,Tuesday,,,,,False,False,False,,C,OTHER MOTOR VEHICLE,,1.0,0.0,CLEAR,, NO UNUSUAL CONDITIONS - NO UNUSUAL CONDITIONS,, ,A,DAYLIGHT,37.19808,-121.525611,,,,,A,NO PEDESTRIANS INVOLVED,,A,22107,,1.0,ALMADEN AV,DS,,,A,N,123.0,WILLOW ST,F,,A,7/25/2024 7:14:25 PM,1/28/2025 3:44:23 PM,,,2,,,,,,,
2607950,2022-220530584,2,False,4313,2/22/2022 4:01:00 PM,1601,K1,1368,4313,San Jose,43,True,True,A,HEAD-ON,,Tuesday,,,,,False,False,True,,,,,1.0,0.0,CLEAR,, ,, ,A,DAYLIGHT,,,,,,,A,NO PEDESTRIANS INVOLVED,,A,21804A,,1.0,E SANTA CLARA ST,CENTR,,,A,,,N 7TH ST,,,A,7/25/2024 7:14:25 PM,1/28/2025 3:44:23 PM,,,2,,,,,,,
2607853,2022-220460784,2,False,4313,2/15/2022 5:53:00 PM,1753,V2,1368,4313,San Jose,43,True,True,C,REAR END,,Tuesday,,,,,False,False,True,,C,OTHER MOTOR VEHICLE,,1.0,0.0,CLEAR,, NO UNUSUAL CONDITIONS - NO UNUSUAL CONDITIONS,, ,A,DAYLIGHT,,,,,,,A,NO PEDESTRIANS INVOLVED,,A,22350,,1.0,E HEDDING ST,CENTR,,,A,W,66.0,N 7TH ST,F,,A,7/25/2024 7:14:20 PM,1/28/2025 3:44:17 PM,,,2,,,,,,,
2607846,2022-220420306,2,False,4313,2/11/2022 10:34:00 AM,1034,P2,1368,4313,San Jose,43,True,True,C,REAR END,,Friday,,,,,False,False,False,,C,OTHER MOTOR VEHICLE,,2.0,0.0,CLEAR,, NO UNUSUAL CONDITIONS - NO UNUSUAL CONDITIONS,, ,A,DAYLIGHT,,,,,,,A,NO PEDESTRIANS INVOLVED,,A,21703,,1.0,E CAPITOL EXPWY,FOOTH,,,A,,,TULLY RD,,,A,7/25/2024 7:14:20 PM,1/28/2025 3:44:16 PM,,,2,,,,,,,
2607826,22-032-9702,2,False,4313,1/24/2022 8:00:00 AM,800,,1368,4313,San Jose,43,True,True,G,VEHICLE/PEDESTRAIN,,Monday,,,,,False,False,False,,B,PEDESTRIAN,,2.0,0.0,CLEAR,, NO UNUSUAL CONDITIONS - NO UNUSUAL CONDITIONS,, ,A,DAYLIGHT,,,,,,,B,CROSSING IN CROSS WALK AT INTERSECTION,,B,,,,CURTNER AV,,,,A,,, COTTLE AV,,,,7/25/2024 7:14:19 PM,1/28/2025 3:44:15 PM,,,3,,,,,,,
2607756,2022-220520818,2,False,4313,2/22/2022 7:17:00 AM,717,M4,1368,4313,San Jose,43,True,True,,,,Tuesday,,,F,,False,False,True,,E,PARKED MOTOR VEHICLE,,1.0,0.0,RAINING,, NO UNUSUAL CONDITIONS - NO UNUSUAL CONDITIONS,, ,C,DARK-STREET LIGHTS,,,,,,,A,NO PEDESTRIANS INVOLVED,,A,21651B,,1.0,LAVONNE AV,DM,,,B,,,LAVONNE AV 1929,,,,7/25/2024 7:14:15 PM,1/28/2025 3:44:11 PM,,,2,,,,,,,
2607755,2022-220520404,2,False,4313,2/21/2022 1:28:00 PM,1328,1,1368,4313,San Jose,43,True,True,D,BROADSIDE,,Monday,,,,,False,False,True,,C,OTHER MOTOR VEHICLE,,2.0,0.0,CLEAR,, NO UNUSUAL CONDITIONS - NO UNUSUAL CONDITIONS,, ,A,DAYLIGHT,,,,,,,A,NO PEDESTRIANS INVOLVED,,A,12500A,,1.0,S 2ND ST,LINCO,,,A,,,MARGARET ST,,,A,7/25/2024 7:14:15 PM,1/28/2025 3:44:11 PM,,,2,,,,,,,
2607754,22-053-9710,2,False,4313,2/22/2022 3:21:00 PM,1521,,1368,4313,San Jose,43,True,True,C,REAR END,,Tuesday,,,F,,False,False,False,,C,OTHER MOTOR VEHICLE,,3.0,0.0,CLEAR,, NO UNUSUAL CONDITIONS - NO UNUSUAL CONDITIONS,, ,A,DAYLIGHT,,,,,,,A,NO PEDESTRIANS INVOLVED,,D,,,,E CAPITOL EXPWY,,,,A,,,NARVAEZ AV,,,A,7/25/2024 7:14:15 PM,1/28/2025 3:44:11 PM,,,2,,,,,,,
2607753,2022-220480569,2,False,4313,2/17/2022 2:44:00 PM,1444,P5,1368,4313,San Jose,43,True,True,D,BROADSIDE,,Thursday,,,,,False,False,False,,G,BICYCLE,,1.0,0.0,CLEAR,, NO UNUSUAL CONDITIONS - NO UNUSUAL CONDITIONS,, ,A,DAYLIGHT,,,,,,,A,NO PEDESTRIANS INVOLVED,,A,21650,,1.0,QUIMBY RD,FOOTH,,,A,,,QUIMBY RD 3300,,,A,7/25/2024 7:14:14 PM,1/28/2025 3:44:11 PM,,,2,,,,,,,
2607752,2022-220430195,2,False,4313,2/12/2022 7:46:00 AM,746,M3,1368,4313,San Jose,43,True,True,B,SIDE SWIPE,,Saturday,,,,,False,False,False,,C,OTHER MOTOR VEHICLE,,1.0,0.0,CLEAR,, NO UNUSUAL CONDITIONS - NO UNUSUAL CONDITIONS,, ,A,DAYLIGHT,,,,,,,A,NO PEDESTRIANS INVOLVED,,A,21453B,,1.0,SAN ANTONIO ST,FOOTH,,,A,,,KING RD,,,A,7/25/2024 7:14:14 PM,1/28/2025 3:44:10 PM,,,2,,,,,,,
2607751,2022-220450840,2,False,4313,2/14/2022 7:42:00 PM,1942,R1,1368,4313,San Jose,43,True,True,A,HEAD-ON,,Monday,,,,,False,False,True,,C,OTHER MOTOR VEHICLE,,3.0,0.0,CLEAR,, NO UNUSUAL CONDITIONS - NO UNUSUAL CONDITIONS,, ,C,DARK-STREET LIGHTS,37.235603,-121.55555,,,,,A,NO PEDESTRIANS INVOLVED,,A,21453A,,1.0,MONTAGUE EXPWY,ROBER,,,A,,,ZANKER RD,,,A,7/25/2024 7:14:14 PM,1/28/2025 3:44:10 PM,,,2,,,,,,,
2607750,2022-220460915,2,False,4313,2/15/2022 8:12:00 PM,2012,L1,1368,4313,San Jose,43,True,True,D,BROADSIDE,,Tuesday,,,,,False,False,False,,G,BICYCLE,,1.0,0.0,CLEAR,, NO UNUSUAL CONDITIONS - NO UNUSUAL CONDITIONS,, ,C,DARK-STREET LIGHTS,,,,,,,A,NO PEDESTRIANS INVOLVED,,A,21202B,,1.0,S 10TH ST,LINCO,,,A,,,KEYES ST,,,A,7/25/2024 7:14:14 PM,1/28/2025 3:44:10 PM,,,2,,,,,,,
2607749,2022-220510653,2,False,4313,2/20/2022 5:41:00 PM,1741,K5,1368,4313,San Jose,43,True,True,B,SIDE SWIPE,,Sunday,,,,,False,False,True,,E,PARKED MOTOR VEHICLE,,1.0,0.0,CLEAR,, NO UNUSUAL CONDITIONS - NO UNUSUAL CONDITIONS,, ,A,DAYLIGHT,37.202695,-121.514726,,,,,A,NO PEDESTRIANS INVOLVED,,A,21650,,1.0,S 23RD ST,CENTR,,,A,W,10.0,E WILLIAM ST,F,,A,7/25/2024 7:14:14 PM,1/28/2025 3:44:10 PM,,,2,,,,,,,
2607748,2022-220470208,2,False,4313,2/16/2022 7:44:00 AM,744,L1,1368,4313,San Jose,43,True,True,B,SIDE SWIPE,,Wednesday,,,,,False,False,True,,C,OTHER MOTOR VEHICLE,,1.0,0.0,CLEAR,, NO UNUSUAL CONDITIONS - NO UNUSUAL CONDITIONS,, ,A,DAYLIGHT,,,,,,,A,NO PEDESTRIANS INVOLVED,,A,21453A,,1.0,E VIRGINIA ST,LINCO,,,A,,,S 3RD ST,,,A,7/25/2024 7:14:14 PM,1/28/2025 3:44:10 PM,,,2,,,,,,,
2607747,2022-220480692,2,False,4313,2/17/2022 4:36:00 PM,1636,R1,1368,4313,San Jose,43,True,True,D,BROADSIDE,,Thursday,,,,,False,False,True,,C,OTHER MOTOR VEHICLE,,2.0,0.0,CLEAR,, NO UNUSUAL CONDITIONS - NO UNUSUAL CONDITIONS,, ,A,DAYLIGHT,,,,,,,A,NO PEDESTRIANS INVOLVED,,A,21802A,,1.0,GOLD ST,ROBER,,,A,,,CATHERINE ST,,,A,7/25/2024 7:14:14 PM,1/28/2025 3:44:10 PM,,,2,,,,,,,
2607746,2022-220500089,2,False,4313,2/19/2022 2:31:00 AM,231,P6,1368,4313,San Jose,43,True,True,E,HIT OBJECT,,Saturday,,,,,False,False,True,,I,FIXED OBJECT,,1.0,0.0,CLEAR,, NO UNUSUAL CONDITIONS - NO UNUSUAL CONDITIONS,, ,C,DARK-STREET LIGHTS,37.164279,-121.463318,,,,,A,NO PEDESTRIANS INVOLVED,,A,22107,,1.0,SILVER CREEK VALLEY RD,EASTE,,,A,,,COUNTRY CLUB PKWY,,,A,7/25/2024 7:14:14 PM,1/28/2025 3:44:10 PM,,,2,,,,,,,
2607745,2022-220500315,2,False,4313,2/19/2022 11:11:00 AM,1111,R1,1368,4313,San Jose,43,True,True,F,OVERTURNED,,Saturday,,,,,False,False,True,,J,OTHER OBJECT,,1.0,0.0,CLEAR,, NO UNUSUAL CONDITIONS - NO UNUSUAL CONDITIONS,, ,A,DAYLIGHT,,,,,,,A,NO PEDESTRIANS INVOLVED,,A,22350,,1.0,MCCARTHY BL,ROBER,,,A,,,MCCARTHY BL 4600,,,A,7/25/2024 7:14:14 PM,1/28/2025 3:44:10 PM,,,2,,,,,,,
2607744,2022-220490790,2,False,4313,2/18/2022 6:07:00 PM,1807,V2,1368,4313,San Jose,43,True,True,G,VEHICLE/PEDESTRAIN,,Friday,,,F,,False,False,False,,B,PEDESTRIAN,,1.0,0.0,CLEAR,, NO UNUSUAL CONDITIONS - NO UNUSUAL CONDITIONS,, ,B,DUSK-DAWN,37.214244,-121.525788,,,,,F,NOT IN ROAD,,A,21950,,1.0,N BAYSHORE W,VICTO,,,A,,,N 21ST ST,,,D,7/25/2024 7:14:14 PM,1/28/2025 3:44:10 PM,,,2,,,,,,,
2607743,2022-220490756,2,False,4313,2/18/2022 5:38:00 PM,1738,T1,1368,4313,San Jose,43,True,True,,,,Friday,,,,,False,False,False,,A,NON-COLLISION,,1.0,0.0,CLEAR,, NO UNUSUAL CONDITIONS - NO UNUSUAL CONDITIONS,, ,A,DAYLIGHT,,,,,,,A,NO PEDESTRIANS INVOLVED,,A,22350,,1.0,CAMDEN AV,SOUTH,,,A,,,BASCOM AV,,,A,7/25/2024 7:14:14 PM,1/28/2025 3:44:10 PM,,,2,,,,,,,
2607742,2022-220440899,2,False,4313,2/13/2022 10:50:00 PM,2250,R1,1368,4313,San Jose,43,True,True,B,SIDE SWIPE,,Sunday,,,F,,False,False,True,,C,OTHER MOTOR VEHICLE,,1.0,0.0,CLEAR,, NO UNUSUAL CONDITIONS - NO UNUSUAL CONDITIONS,, ,C,DARK-STREET LIGHTS,37.235312,-121.54467,,,,,A,NO PEDESTRIANS INVOLVED,,A,21453C,,1.0,MONTAGUE EXPWY,SANJO,,,A,,,OTOOLE AV,,,A,7/25/2024 7:14:14 PM,1/28/2025 3:44:10 PM,,,2,,,,,,,
2607357,2022-220540001,2,False,4313,2/23/2022 12:01:00 AM,1,X3,1368,4313,San Jose,43,True,True,B,SIDE SWIPE,,Wednesday,,,M,,False,False,True,,C,OTHER MOTOR VEHICLE,,0.0,0.0,CLEAR,, NO UNUSUAL CONDITIONS - NO UNUSUAL CONDITIONS,, ,C,DARK-STREET LIGHTS,37.172364,-121.4946,,,,,A,NO PEDESTRIANS INVOLVED,,A,22350,,1.0,SENTER RD,DX,,,A,,,MONTEREY HWY,,,D,7/25/2024 7:13:54 PM,1/28/2025 3:43:43 PM,,,2,,,,,,,
2607305,2022-220430543,2,False,4313,2/12/2022 3:27:00 PM,1527,C2,1368,4313,San Jose,43,True,True,C,REAR END,,Saturday,,,,,False,False,True,,C,OTHER MOTOR VEHICLE,,2.0,0.0,CLEAR,, NO UNUSUAL CONDITIONS - NO UNUSUAL CONDITIONS,, ,A,DAYLIGHT,,,,,,,A,NO PEDESTRIANS INVOLVED,,A,22350,,1.0,TULLY RD,DC,,,A,,,SEACLIFF WY,,,D,7/25/2024 7:13:51 PM,1/28/2025 3:43:38 PM,,,2,,,,,,,
2607304,2022-220470651,2,False,4313,2/16/2022 3:15:00 PM,1515,T1,1368,4313,San Jose,43,True,True,,,,Wednesday,,,,,False,False,True,,C,OTHER MOTOR VEHICLE,,2.0,0.0,CLEAR,, NO UNUSUAL CONDITIONS - NO UNUSUAL CONDITIONS,, ,A,DAYLIGHT,,,,,,,A,NO PEDESTRIANS INVOLVED,,A,21453,,1.0,CAMDEN AV,SOUTH,,,A,,,BASCOM AV,,,A,7/25/2024 7:13:51 PM,1/28/2025 3:43:38 PM,,,2,,,,,,,
2607303,2022-220480330,2,False,4313,2/17/2022 10:33:00 AM,1033,4,1368,4313,San Jose,43,True,True,D,BROADSIDE,,Thursday,,,,,False,False,False,,C,OTHER MOTOR VEHICLE,,1.0,0.0,CLEAR,, NO UNUSUAL CONDITIONS - NO UNUSUAL CONDITIONS,, ,A,DAYLIGHT,,,,,,,A,NO PEDESTRIANS INVOLVED,,A,21453A,,,WILLIAMS RD,NORA,,,A,,,BOYNTON AV,,,A,7/25/2024 7:13:51 PM,1/28/2025 3:43:38 PM,,,2,,,,,,,
2607302,2022-220460393,2,False,4313,2/15/2022 11:22:00 AM,1122,R2,1368,4313,San Jose,43,True,True,A,HEAD-ON,,Tuesday,,,,,False,False,False,,B,PEDESTRIAN,,1.0,0.0,CLEAR,, NO UNUSUAL CONDITIONS - NO UNUSUAL CONDITIONS,, ,A,DAYLIGHT,,,,,,,F,NOT IN ROAD,,A,21952,,1.0,OAKLAND RD,CENTR,,,A,,,OAKLAND RD 1702,,,,7/25/2024 7:13:51 PM,1/28/2025 3:43:38 PM,,,2,,,,,,,
2607301,2022-220470536,2,False,4313,2/16/2022 1:12:00 PM,1312,L1,1368,4313,San Jose,43,True,True,H,OTHER,,Wednesday,,,,,False,False,False,,G,BICYCLE,,1.0,0.0,CLEAR,, NO UNUSUAL CONDITIONS - NO UNUSUAL CONDITIONS,, ,A,DAYLIGHT,,,,,,,A,NO PEDESTRIANS INVOLVED,,A,21460A,,1.0,S 7TH ST,LINCO,,,A,,,PHELAN AV,,,A,7/25/2024 7:13:51 PM,1/28/2025 3:43:38 PM,,,2,,,,,,,