Collision Id,	Report Number,	Report Version,	Is Preliminary,	NCIC Code,Crash Date Time,	Crash Time Description,	Beat,City Id,	City Code,	City Name,County Code,	City Is Active,	City Is Incorporated,	Collision Type Code,Collision Type Description,	Collision Type Other Desc,	Day Of Week,	DispatchNotified,	HasPhotographs,	HitRun,	IsAttachmentsMailed,	IsDeleted,	IsHighwayRelated,	IsTowAway,	JudicialDistrict,	MotorVehicleInvolvedWithCode,	MotorVehicleInvolvedWithDesc,MotorVehicleInvolvedWithOtherDesc,	NumberInjured,	NumberKilled,Weather 1, Weather 2, Road Condition 1, Road Condition 2, Special Condition,LightingCode, LightingDescription,Latitude,Longitude,MilepostDirection,MilepostDistance,MilepostMarker,MilepostUnitOfMeasure,	PedestrianActionCode,PedestrianActionDesc,PreparedDate,	Primary Collision Factor Code,Primary Collision Factor Violation,PrimaryCollisionFactorIsCited,	PrimaryCollisionPartyNumber,	PrimaryRoad,	ReportingDistrict,	ReportingDistrictCode,ReviewedDate,	RoadwaySurfaceCode,SecondaryDirection,	SecondaryDistance,	SecondaryRoad,	SecondaryUnitOfMeasure,	SketchDesc,	TrafficControlDeviceCode,CreatedDate,	ModifiedDate,IsCountyRoad,IsFreeway,CHP555Version,	IsAdditonalObjectStruck,NotificationDate,	NotificationTimeDescription,	HasDigitalMediaFiles,	EvidenceNumber,	IsLocationReferToNarrative,	IsAOIOneSameAsLocation
2605100,2022-220490443,2,False,4313,2/18/2022 12:41:00 PM,1241,E2,1368,4313,San Jose,43,True,True,C,REAR END,,Friday,,,F,,False,False,False,,C,OTHER MOTOR VEHICLE,,1.0,0.0,CLEAR,, NO UNUSUAL CONDITIONS - NO UNUSUAL CONDITIONS,, ,A,DAYLIGHT,37.202593,-121.533794,,,,,A,NO PEDESTRIANS INVOLVED,,A,22106,,1.0,N 1ST ST,EDWAR,,,A,,,W JULIAN ST,,,A,7/25/2024 7:11:56 PM,1/28/2025 3:41:15 PM,,,2,,,,,,,
2605099,2022-220480192,2,False,4313,2/17/2022 8:06:00 AM,806,V2,1368,4313,San Jose,43,True,True,G,VEHICLE/PEDESTRAIN,,Thursday,,,F,,False,False,False,,B,PEDESTRIAN,,1.0,0.0,CLEAR,, NO UNUSUAL CONDITIONS - NO UNUSUAL CONDITIONS,, ,A,DAYLIGHT,37.205216,-121.532643,,,,,B,CROSSING IN CROSS WALK AT INTERSECTION,,A,21950A,,1.0,N 7TH ST,CENTR,,,A,,,E EMPIRE ST,,,A,7/25/2024 7:11:56 PM,1/28/2025 3:41:16 PM,,,2,,,,,,,
2605094,2022-220580121,2,False,4313,2/27/2022 2:09:00 AM,209,T3,1368,4313,San Jose,43,True,True,E,HIT OBJECT,,Sunday,,,,,False,False,True,,I,FIXED OBJECT,,2.0,0.0,CLEAR,, NO UNUSUAL CONDITIONS - NO UNUSUAL CONDITIONS,, ,C,DARK-STREET LIGHTS,,,,,,,A,NO PEDESTRIANS INVOLVED,,A,22350,,1.0,ALMADEN EXPWY,DS,,,A,,,IRONWOOD DR,,,D,7/25/2024 7:11:55 PM,1/28/2025 3:41:15 PM,,,2,,,,,,,
2605093,2022-220591273,2,False,4313,2/28/2022 5:30:00 PM,1730,DV,1368,4313,San Jose,43,True,True,D,BROADSIDE,,Monday,,,,,False,False,False,,C,OTHER MOTOR VEHICLE,,1.0,0.0,CLEAR,, NO UNUSUAL CONDITIONS - NO UNUSUAL CONDITIONS,, ,A,DAYLIGHT,,,,,,,A,NO PEDESTRIANS INVOLVED,,A,21604A,,1.0,N 14TH ST,SJPD,,,A,S,216.0,E HEDDING ST,F,,D,7/25/2024 7:11:55 PM,1/28/2025 3:41:15 PM,,,2,,,,,,,
2605092,2022-220591261,2,False,4313,2/28/2022 5:36:00 PM,1736,3,1368,4313,San Jose,43,True,True,A,HEAD-ON,,Monday,,,,,False,False,True,,C,OTHER MOTOR VEHICLE,,1.0,0.0,CLEAR,, NO UNUSUAL CONDITIONS - NO UNUSUAL CONDITIONS,, ,A,DAYLIGHT,,,,,,,A,NO PEDESTRIANS INVOLVED,,A,,,1.0,CURTNER AV,TOM,,,A,,,HICKS AV,,,D,7/25/2024 7:11:55 PM,1/28/2025 3:41:15 PM,,,2,,,,,,,
2605091,2022-220580799,2,False,4313,2/27/2022 8:06:00 PM,2006,Y5,1368,4313,San Jose,43,True,True,D,BROADSIDE,,Sunday,,,,,False,False,True,,G,BICYCLE,,1.0,0.0,CLEAR,, NO UNUSUAL CONDITIONS - NO UNUSUAL CONDITIONS,, ,C,DARK-STREET LIGHTS,,,,,,,A,NO PEDESTRIANS INVOLVED,,A,21453A,,1.0,SANTA TERESA BL,DISTR,,,A,,,AVENIDA ESPANA,,,A,7/25/2024 7:11:55 PM,1/28/2025 3:41:15 PM,,,2,,,,,,,
2605090,2022-220591169,2,False,4313,2/28/2022 3:30:00 PM,1530,W1,1368,4313,San Jose,43,True,True,B,SIDE SWIPE,,Monday,,,F,,False,True,True,,C,OTHER MOTOR VEHICLE,,1.0,0.0,CLEAR,, NO UNUSUAL CONDITIONS - NO UNUSUAL CONDITIONS,, ,A,DAYLIGHT,,,,,,,A,NO PEDESTRIANS INVOLVED,,A,22350,,1.0,N CAPITOL AV,FOOTH,,,A,,,RT 680,,,D,7/25/2024 7:11:55 PM,1/28/2025 3:41:15 PM,,,2,,,,,,,
2605089,2022-220550575,2,False,4313,2/25/2022 3:53:00 PM,1553,K1,1368,4313,San Jose,43,True,True,C,REAR END,,Friday,,,,,False,False,False,,C,OTHER MOTOR VEHICLE,,1.0,0.0,CLEAR,, NO UNUSUAL CONDITIONS - NO UNUSUAL CONDITIONS,, ,A,DAYLIGHT,,,,,,,A,NO PEDESTRIANS INVOLVED,,A,21801A,,1.0,N 5TH ST,KING,,,A,,,E ST JOHN ST,,,A,7/25/2024 7:11:55 PM,1/28/2025 3:41:14 PM,,,2,,,,,,,
2605088,2022-220570904,2,False,4313,2/26/2022 10:33:00 PM,2233,F4,1368,4313,San Jose,43,True,True,B,SIDE SWIPE,,Saturday,,,,,False,False,False,,C,OTHER MOTOR VEHICLE,,2.0,0.0,CLEAR,, NO UNUSUAL CONDITIONS - NO UNUSUAL CONDITIONS,, ,C,DARK-STREET LIGHTS,,,,,,,A,NO PEDESTRIANS INVOLVED,,A,22350,,1.0,NAGLEE AV,DF,,,A,,,THE ALAMEDA,,,A,7/25/2024 7:11:55 PM,1/28/2025 3:41:14 PM,,,2,,,,,,,
2605087,2022-220500254,2,False,4313,2/19/2022 9:40:00 AM,940,2,1368,4313,San Jose,43,True,True,D,BROADSIDE,,Saturday,,,,,False,False,True,,C,OTHER MOTOR VEHICLE,,2.0,0.0,CLEAR,, NO UNUSUAL CONDITIONS - NO UNUSUAL CONDITIONS,, ,A,DAYLIGHT,37.164117,-121.493731,,,,,A,NO PEDESTRIANS INVOLVED,,A,22107,,,SENTER RD,XRAY,,,A,,,SAN RAMON WY,,,D,7/25/2024 7:11:55 PM,1/28/2025 3:41:14 PM,,,2,,,,,,,
2605086,2022-220500438,2,False,4313,2/19/2022 2:00:00 PM,1400,3,1368,4313,San Jose,43,True,True,D,BROADSIDE,,Saturday,,,,,False,False,True,,C,OTHER MOTOR VEHICLE,,1.0,0.0,CLEAR,, NO UNUSUAL CONDITIONS - NO UNUSUAL CONDITIONS,, ,A,DAYLIGHT,,,,,,,A,NO PEDESTRIANS INVOLVED,,D,,,,SENTER RD,LINCO,,,A,,,TULLY RD,,,A,7/25/2024 7:11:55 PM,1/28/2025 3:41:14 PM,,,2,,,,,,,
2605039,2022-220550890,2,False,4313,2/24/2022 8:46:00 PM,2046,R3,1368,4313,San Jose,43,True,True,H,OTHER,,Thursday,,,,,False,False,True,,A,NON-COLLISION,,1.0,0.0,CLEAR,, NO UNUSUAL CONDITIONS - NO UNUSUAL CONDITIONS,, ,C,DARK-STREET LIGHTS,37.221583,-121.545999,,,,,A,NO PEDESTRIANS INVOLVED,,A,21651A,,1.0,MATRIX BL,ROBER,,,A,,,N 1ST ST,,,D,7/25/2024 7:11:53 PM,1/28/2025 3:41:10 PM,,,2,,,,,,,
2605021,2022-220480191,2,False,4313,2/17/2022 8:03:00 AM,803,P5,1368,4313,San Jose,43,True,True,,,,Thursday,,,,,False,False,False,,,,,1.0,0.0,CLEAR,, ,, ,,,37.184646,-121.461418,,,,,,,,A,,,,CORTONA DR,FOOTH,,,,,,LOUVRE AV,,,,7/25/2024 7:11:52 PM,1/28/2025 3:41:08 PM,,,2,,,,,,,
2603093,2022-223470140,2,False,4313,12/13/2022 6:15:00 AM,615,S6,1368,4313,San Jose,43,True,True,D,BROADSIDE,,Tuesday,,,,,False,False,True,,C,OTHER MOTOR VEHICLE,,0.0,1.0,CLEAR,, NO UNUSUAL CONDITIONS - NO UNUSUAL CONDITIONS,, ,C,DARK-STREET LIGHTS,37.185158,-121.523707,,,,,A,NO PEDESTRIANS INVOLVED,,A,21453A,,1.0,W ALMA AV,SAM,,,A,,,POMONA AV,,,A,7/25/2024 7:10:06 PM,1/29/2025 9:32:47 AM,,,2,,,,,,,
2603092,2022-223410768,2,False,4313,12/7/2022 7:32:00 PM,1932,L4,1368,4313,San Jose,43,True,True,G,VEHICLE/PEDESTRAIN,,Wednesday,,,,,False,False,True,,B,PEDESTRIAN,,0.0,1.0,CLEAR,, NO UNUSUAL CONDITIONS - NO UNUSUAL CONDITIONS,, ,E,DARK-STREET LIGHTS NOT FUNCTIONING*,,,,,,,D,CROSSING - NOT IN CROSSWALK,,A,21954A,,1.0,LITTLE ORCHARD ST,WESTE,,,A,,,PERRYMONT AV,,,D,7/25/2024 7:10:06 PM,1/29/2025 9:32:47 AM,,,2,,,,,,,
2603091,2022-223440938,2,False,4313,12/10/2022 11:46:00 PM,2346,1,1368,4313,San Jose,43,True,True,A,HEAD-ON,,Saturday,,,,,False,False,True,,I,FIXED OBJECT,,3.0,1.0,RAINING,, NO UNUSUAL CONDITIONS - NO UNUSUAL CONDITIONS,, ,C,DARK-STREET LIGHTS,,,,,,,A,NO PEDESTRIANS INVOLVED,,A,23153,,1.0,STORY RD,LINCO,,,B,,,SENTER RD,,,A,7/25/2024 7:10:06 PM,1/29/2025 9:32:47 AM,,,2,,,,,,,
2603090,2022-222860842,2,False,4313,10/13/2022 7:26:00 PM,1926,R4,1368,4313,San Jose,43,True,True,G,VEHICLE/PEDESTRAIN,,Thursday,,,,,False,False,True,,B,PEDESTRIAN,,0.0,1.0,CLEAR,, NO UNUSUAL CONDITIONS - NO UNUSUAL CONDITIONS,, ,C,DARK-STREET LIGHTS,,,,,,,D,CROSSING - NOT IN CROSSWALK,,A,21955A,,2.0,LUNDY AV,ROBER,,,A,,,SAJAK AV,,,D,7/25/2024 7:10:06 PM,1/29/2025 9:32:47 AM,,,2,,,,,,,
2603089,2022-222360441,2,False,4313,8/24/2022 12:10:00 PM,1210,1,1368,4313,San Jose,43,True,True,D,BROADSIDE,,Wednesday,,,,,False,False,True,,C,OTHER MOTOR VEHICLE,,1.0,1.0,CLEAR,, NO UNUSUAL CONDITIONS - NO UNUSUAL CONDITIONS,, ,A,DAYLIGHT,,,,,,,A,NO PEDESTRIANS INVOLVED,,A,22350,,1.0,MOORPARK AV,FRANK,,,A,,,S MONROE ST,,,A,7/25/2024 7:10:06 PM,1/29/2025 9:32:46 AM,,,2,,,,,,,
2603088,2022-222090185,2,False,4313,7/28/2022 8:00:00 AM,800,T2,1368,4313,San Jose,43,True,True,D,BROADSIDE,,Thursday,,,,,False,False,False,,C,OTHER MOTOR VEHICLE,,1.0,1.0,CLEAR,, NO UNUSUAL CONDITIONS - NO UNUSUAL CONDITIONS,, ,A,DAYLIGHT,37.165578,-121.542939,,,,,,,,A,23152,,1.0,CURTNER AV,TOM,,,A,,,BRIARWOOD DR,,,A,7/25/2024 7:10:06 PM,1/29/2025 9:32:47 AM,,,2,,,,,,,
2603087,2022-222590211,2,False,4313,9/16/2022 8:03:00 AM,803,5,1368,4313,San Jose,43,True,True,G,VEHICLE/PEDESTRAIN,,Friday,,,,,False,False,True,,B,PEDESTRIAN,,1.0,1.0,CLEAR,, NO UNUSUAL CONDITIONS - NO UNUSUAL CONDITIONS,, ,A,DAYLIGHT,,,,,,,B,CROSSING IN CROSS WALK AT INTERSECTION,,A,21950,,1.0,CASTLEMONT AV,NORA,,,A,,,DRIFTWOOD DR,,,D,7/25/2024 7:10:06 PM,1/29/2025 9:32:46 AM,,,2,,,,,,,
2603086,2022-221200683,2,False,4313,4/30/2022 6:36:00 PM,1836,W1,1368,4313,San Jose,43,True,True,G,VEHICLE/PEDESTRAIN,,Saturday,,,,,False,True,True,,B,PEDESTRIAN,,0.0,1.0,CLEAR,, NO UNUSUAL CONDITIONS - NO UNUSUAL CONDITIONS,, ,A,DAYLIGHT,37.235501,-121.522878,,,,,D,CROSSING - NOT IN CROSSWALK,,A,21966A,,1.0,N CAPITOL AV,WILLI,,,A,,,RT 680,,,D,7/25/2024 7:10:06 PM,1/29/2025 9:32:46 AM,,,2,,,,,,,
2602987,2022-223650645,2,False,4313,12/31/2022 7:30:00 PM,1930,F2,1368,4313,San Jose,43,True,True,G,VEHICLE/PEDESTRAIN,,Saturday,,,,,False,False,True,,B,PEDESTRIAN,,0.0,1.0,RAINING,, NO UNUSUAL CONDITIONS - NO UNUSUAL CONDITIONS,, ,C,DARK-STREET LIGHTS,37.193704,-121.564642,,,,,D,CROSSING - NOT IN CROSSWALK,,A,21950B,,1.0,FOREST AV,FRANK,,,B,W,355.0,REDWOOD AV,F,,,7/25/2024 7:10:00 PM,1/29/2025 9:32:45 AM,,,2,,,,,,,
2602986,2022-222500581,2,False,4313,9/7/2022 1:58:00 PM,1358,Y3,1368,4313,San Jose,43,True,True,D,BROADSIDE,,Wednesday,,,,,False,False,True,,C,OTHER MOTOR VEHICLE,,1.0,1.0,CLEAR,, NO UNUSUAL CONDITIONS - NO UNUSUAL CONDITIONS,, ,A,DAYLIGHT,,,,,,,A,NO PEDESTRIANS INVOLVED,,A,23152F,,1.0,LEAN AV,SOUTH,,,A,,,SANTA TERESA BL,,,A,7/25/2024 7:10:00 PM,1/29/2025 9:32:44 AM,,,2,,,,,,,
2602985,2022-220410964,2,False,4313,2/10/2022 8:26:00 PM,2026,T5,1368,4313,San Jose,43,True,True,E,HIT OBJECT,,Thursday,,,,,False,False,True,,G,BICYCLE,,0.0,1.0,CLEAR,, NO UNUSUAL CONDITIONS - NO UNUSUAL CONDITIONS,, ,C,DARK-STREET LIGHTS,,,,,,,A,NO PEDESTRIANS INVOLVED,,A,21200,,1.0,FOXWORTHY AV,TOM,,,A,,,ALMADEN EXPWY,,,A,7/25/2024 7:10:00 PM,1/29/2025 9:32:44 AM,,,2,,,,,,,
2602984,2022-220140172,2,False,4313,1/14/2022 8:28:00 AM,828,2,1368,4313,San Jose,43,True,True,G,VEHICLE/PEDESTRAIN,,Friday,,,,,False,False,False,,B,PEDESTRIAN,,0.0,1.0,CLEAR,, NO UNUSUAL CONDITIONS - NO UNUSUAL CONDITIONS,, ,A,DAYLIGHT,37.143155,-112.150677,,,,,B,CROSSING IN CROSS WALK AT INTERSECTION,,A,21950,,1.0,COMANCHE DR,YELLO,,,A,,,CALERO AV,,,D,7/25/2024 7:10:00 PM,1/29/2025 9:32:44 AM,,,2,,,,,,,
2602983,22-282-0045,2,False,4313,10/9/2022 12:40:00 AM,40,L2,1368,4313,San Jose,43,True,True,G,VEHICLE/PEDESTRAIN,,Sunday,,,F,,False,False,False,,G,BICYCLE,,0.0,1.0,CLEAR,, NO UNUSUAL CONDITIONS - NO UNUSUAL CONDITIONS,, ,C,DARK-STREET LIGHTS,,,,,,,A,NO PEDESTRIANS INVOLVED,,A,21201D,,1.0,SENTER RD,LINCO,,,A,S,1030.0,STORY RD,F,,D,7/25/2024 7:10:00 PM,1/29/2025 9:32:44 AM,,,2,,,,,,,
2602982,2022-223140631,2,False,4313,11/10/2022 4:11:00 PM,1611,Y3,1368,4313,San Jose,43,True,True,A,HEAD-ON,,Thursday,,,,,False,False,True,,C,OTHER MOTOR VEHICLE,,1.0,1.0,CLEAR,, NO UNUSUAL CONDITIONS - NO UNUSUAL CONDITIONS,, ,A,DAYLIGHT,37.145432,-121.481448,,,,,A,NO PEDESTRIANS INVOLVED,,A,22350,,1.0,COTTLE RD,SOUTH,,,A,,,CORONADO AV,,,,7/25/2024 7:10:00 PM,1/29/2025 9:32:44 AM,,,2,,,,,,,
2602981,2022-221210792,2,False,4313,5/1/2022 9:12:00 PM,2112,L6,1368,4313,San Jose,43,True,True,G,VEHICLE/PEDESTRAIN,,Sunday,,,,,False,False,True,,G,BICYCLE,,0.0,1.0,CLEAR,, NO UNUSUAL CONDITIONS - NO UNUSUAL CONDITIONS,, ,C,DARK-STREET LIGHTS,,,,,,,D,CROSSING - NOT IN CROSSWALK,,A,22351,,1.0,E CAPITOL EXPWY,LINCO,,,A,,,TUERS RD,,,D,7/25/2024 7:10:00 PM,1/29/2025 9:32:44 AM,,,2,,,,,,,
2602980,2022-220120159,2,False,4313,1/12/2022 8:07:00 AM,807,P2,1368,4313,San Jose,43,True,True,D,BROADSIDE,,Wednesday,,,,,False,False,True,,C,OTHER MOTOR VEHICLE,,2.0,1.0,CLEAR,, NO UNUSUAL CONDITIONS - NO UNUSUAL CONDITIONS,, ,A,DAYLIGHT,,,,,,,A,NO PEDESTRIANS INVOLVED,,A,22350,,1.0,SOUTH WHITE RD,FOOTH,,,A,,,ALMOND DR,,,D,7/25/2024 7:10:00 PM,1/29/2025 9:32:44 AM,,,2,,,,,,,
2602979,2022-220850077,2,False,4313,3/26/2022 1:53:00 AM,153,L3,1368,4313,San Jose,43,True,True,,,,Saturday,,,F,,False,False,True,,C,OTHER MOTOR VEHICLE,,0.0,1.0,CLEAR,, NO UNUSUAL CONDITIONS - NO UNUSUAL CONDITIONS,, ,C,DARK-STREET LIGHTS,,,,,,,A,NO PEDESTRIANS INVOLVED,,D,20001,,1.0,LUCRETIA AV,LINCO,,,A,,,TAJI DR,,,D,7/25/2024 7:10:00 PM,1/29/2025 9:32:44 AM,,,2,,,,,,,
2602978,2022-222460811,2,False,4313,9/3/2022 8:44:00 PM,2044,Y2,1368,4313,San Jose,43,True,True,G,VEHICLE/PEDESTRAIN,,Saturday,,,F,,False,False,True,,B,PEDESTRIAN,,0.0,1.0,CLEAR,, NO UNUSUAL CONDITIONS - NO UNUSUAL CONDITIONS,, ,C,DARK-STREET LIGHTS,37.14256,-121.50763,,,,,E,IN ROAD - INCLUDES SHOULDER,,A,21954A,,1.0,KIOWA CIR,SAN J,,,A,,,SANTA TERESA BL,,,D,7/25/2024 7:10:00 PM,1/29/2025 9:32:44 AM,,,2,,,,,,,
2602977,2022-222460132,2,False,4313,9/3/2022 3:34:00 AM,334,X3,1368,4313,San Jose,43,True,True,G,VEHICLE/PEDESTRAIN,,Saturday,,,,,False,False,True,,B,PEDESTRIAN,,0.0,1.0,CLEAR,, NO UNUSUAL CONDITIONS - NO UNUSUAL CONDITIONS,, ,C,DARK-STREET LIGHTS,37.17381,-121.491233,,,,,E,IN ROAD - INCLUDES SHOULDER,,A,23153B,,1.0,HELLYER AV,X RAY,,,A,,,RIDGEBROOK WY,,,D,7/25/2024 7:10:00 PM,1/29/2025 9:32:44 AM,,,2,,,,,,,
2602976,2022-221740447,2,False,4313,6/23/2022 1:43:00 PM,1343,5,1368,4313,San Jose,43,True,True,G,VEHICLE/PEDESTRAIN,,Thursday,,,,,False,False,False,,B,PEDESTRIAN,,0.0,1.0,CLEAR,, NO UNUSUAL CONDITIONS - NO UNUSUAL CONDITIONS,, ,A,DAYLIGHT,37.165403,-121.502058,,,,,B,CROSSING IN CROSS WALK AT INTERSECTION,,A,21456C,,1.0,MONTEREY RD,LINCO,,,A,S,4.0,CAPITOL EXPWY,F,,A,7/25/2024 7:09:59 PM,1/29/2025 9:32:44 AM,,,2,,,,,,,
2602975,2022-220610677,2,False,4313,3/2/2022 4:45:00 PM,1645,2,1368,4313,San Jose,43,True,True,G,VEHICLE/PEDESTRAIN,,Wednesday,,,F,,False,False,False,,B,PEDESTRIAN,,0.0,1.0,CLEAR,, NO UNUSUAL CONDITIONS - NO UNUSUAL CONDITIONS,, ,A,DAYLIGHT,,,,,,,E,IN ROAD - INCLUDES SHOULDER,,A,22107,,1.0,S WHITE RD,PAUL,,,A,,,SYLVAN RD,,,D,7/25/2024 7:09:59 PM,1/29/2025 9:32:44 AM,,,2,,,,,,,
2602974,2022-220360791,2,False,4313,2/5/2022 8:20:00 PM,2020,W2,1368,4313,San Jose,43,True,True,D,BROADSIDE,,Saturday,,,,,False,False,True,,C,OTHER MOTOR VEHICLE,,2.0,1.0,CLEAR,, NO UNUSUAL CONDITIONS - NO UNUSUAL CONDITIONS,, ,C,DARK-STREET LIGHTS,37.234762,-121.504362,,,,,A,NO PEDESTRIANS INVOLVED,,A,23153G,,1.0,BERRYESSA RD,WILLI,,,A,,,PIEDMONT RD,,,D,7/25/2024 7:09:59 PM,1/29/2025 9:32:44 AM,,,2,,,,,,,
2602973,2022-220330178,2,False,4313,2/2/2022 7:43:00 AM,743,X5,1368,4313,San Jose,43,True,True,G,VEHICLE/PEDESTRAIN,,Wednesday,,,,,False,False,False,,B,PEDESTRIAN,,0.0,1.0,CLEAR,, NO UNUSUAL CONDITIONS - NO UNUSUAL CONDITIONS,, ,A,DAYLIGHT,37.16247,-121.475857,,,,,E,IN ROAD - INCLUDES SHOULDER,,A,21954A,,1.0,FONTANELLE CT,X RAY,,,A,E,0.1,EPPLING LN,M,,D,7/25/2024 7:09:59 PM,1/29/2025 9:32:44 AM,,,2,,,,,,,
2602972,2022-220220688,2,False,4313,1/22/2022 7:33:00 PM,1933,M2,1368,4313,San Jose,43,True,True,A,HEAD-ON,,Saturday,,,,,False,False,True,,B,PEDESTRIAN,,0.0,1.0,CLEAR,, NO UNUSUAL CONDITIONS - NO UNUSUAL CONDITIONS,, ,C,DARK-STREET LIGHTS,37.214396,-121.505145,,,,,D,CROSSING - NOT IN CROSSWALK,,A,21954A,,1.0,N JACKSON AV,MARY,,,A,,,MATHER DR,,,A,7/25/2024 7:09:59 PM,1/29/2025 9:32:44 AM,,,2,,,,,,,
2602971,2022-220180880,2,False,4313,1/18/2022 9:24:00 PM,2124,5,1368,4313,San Jose,43,True,True,G,VEHICLE/PEDESTRAIN,,Tuesday,,,,,False,False,True,,B,PEDESTRIAN,,2.0,2.0,CLEAR,, NO UNUSUAL CONDITIONS - NO UNUSUAL CONDITIONS,, ,C,DARK-STREET LIGHTS,,,,,,,D,CROSSING - NOT IN CROSSWALK,,A,21954A,,,ALMADEN EXPWY,TOM,,,A,,,FOXWORTHY AV,,,A,7/25/2024 7:09:59 PM,1/29/2025 9:32:44 AM,,,2,,,,,,,
2602970,2022-220020721,2,False,4313,1/2/2022 8:04:00 PM,2004,3,1368,4313,San Jose,43,True,True,G,VEHICLE/PEDESTRAIN,,Sunday,,,F,,False,False,True,,B,PEDESTRIAN,,0.0,1.0,CLEAR,, NO UNUSUAL CONDITIONS - NO UNUSUAL CONDITIONS,, ,C,DARK-STREET LIGHTS,,,,,,,E,IN ROAD - INCLUDES SHOULDER,,A,21954A,,1.0,S WHITE RD,WILLI,,,A,,,E HILLS DR,,,D,7/25/2024 7:09:59 PM,1/29/2025 9:32:44 AM,,,2,,,,,,,
2602969,2022-230800181,2,False,4313,3/21/2022 7:47:00 AM,747,C4,1368,4313,San Jose,43,True,True,H,OTHER,,Monday,,,,,False,False,True,,I,FIXED OBJECT,,0.0,1.0,CLEAR,, NO UNUSUAL CONDITIONS - NO UNUSUAL CONDITIONS,, ,A,DAYLIGHT,37.21295,-121.493738,,,,,A,NO PEDESTRIANS INVOLVED,,A,22350,,,STORY RD,DC,,,A,,,CAPITOL EXPWY,,,A,7/25/2024 7:09:59 PM,1/29/2025 9:32:44 AM,,,2,,,,,,,
2602967,2022-221790376,2,False,4313,6/28/2022 11:45:00 AM,1145,Y4,1368,4313,San Jose,43,True,True,A,HEAD-ON,,Tuesday,,,,,False,False,True,,I,FIXED OBJECT,,0.0,1.0,CLEAR,, NO UNUSUAL CONDITIONS - NO UNUSUAL CONDITIONS,, ,A,DAYLIGHT,,,,,,,A,NO PEDESTRIANS INVOLVED,,A,22107,,1.0,SANTA TERESA BL,SOUTH,,,A,,,SAN IGNACIO AV,,,,7/25/2024 7:09:59 PM,1/29/2025 9:32:44 AM,,,2,,,,,,,
2600677,2022-220070528,2,False,4313,1/7/2022 4:25:00 PM,1625,E1,1368,4313,San Jose,43,True,True,B,SIDE SWIPE,,Friday,,,,,False,False,True,,C,OTHER MOTOR VEHICLE,,1.0,0.0,CLEAR,, NO UNUSUAL CONDITIONS - NO UNUSUAL CONDITIONS,, ,B,DUSK-DAWN,,,,,,,A,NO PEDESTRIANS INVOLVED,,A,22107,,1.0,S MONTGOMERY ST,EDWAR,,,A,,,W SANTA CLARA ST,,,D,7/24/2024 4:49:47 PM,1/28/2025 3:38:34 PM,,,2,,,,,,,
2600676,2022-220060402,2,False,4313,1/6/2022 11:37:00 AM,1137,P4,1368,4313,San Jose,43,True,True,C,REAR END,,Thursday,,,,,False,False,True,,C,OTHER MOTOR VEHICLE,,1.0,0.0,CLEAR,CLOUDY, ,, ,A,DAYLIGHT,,,,,,,A,NO PEDESTRIANS INVOLVED,,A,21703,,1.0,EAST CAPITOL EXPWY,FOOTH,,,A,,,QUIMBY RD,,,D,7/24/2024 4:49:47 PM,1/28/2025 3:38:33 PM,,,2,,,,,,,
2600675,2022-220070720,2,False,4313,1/7/2022 7:41:00 PM,1941,4,1368,4313,San Jose,43,True,True,D,BROADSIDE,,Friday,,,,,False,False,True,,C,OTHER MOTOR VEHICLE,,2.0,0.0,CLEAR,, NO UNUSUAL CONDITIONS - NO UNUSUAL CONDITIONS,, ,C,DARK-STREET LIGHTS,,,,,,,A,NO PEDESTRIANS INVOLVED,,A,21453,,1.0,MERIDIAN AV,ADAM,,,A,,,BLOSSSOM HILL RD,,,A,7/24/2024 4:49:47 PM,1/28/2025 3:38:33 PM,,,2,,,,,,,
2600673,2022-220140803,2,False,4313,1/14/2022 10:36:00 PM,2236,T3,1368,4313,San Jose,43,True,True,G,VEHICLE/PEDESTRAIN,,Friday,,,,,False,False,False,,B,PEDESTRIAN,,1.0,0.0,CLEAR,, NO UNUSUAL CONDITIONS - NO UNUSUAL CONDITIONS,, ,C,DARK-STREET LIGHTS,,,,,,,E,IN ROAD - INCLUDES SHOULDER,,A,21954A,,1.0,ALMADEN EXPWY,SOUTH,,,A,N,130.0,CANOAS GARDEN AV,F,,D,7/24/2024 4:49:46 PM,1/28/2025 3:38:33 PM,,,2,,,,,,,
2600603,2022-220070610,2,False,4313,1/7/2022 5:46:00 PM,1746,4,1368,4313,San Jose,43,True,True,C,REAR END,,Friday,,,,,False,False,True,,C,OTHER MOTOR VEHICLE,,1.0,0.0,CLEAR,, NO UNUSUAL CONDITIONS - NO UNUSUAL CONDITIONS,, ,C,DARK-STREET LIGHTS,37.181934,-121.51528,,,,,A,NO PEDESTRIANS INVOLVED,,A,21703,,1.0,TULLY RD,LINCO,,,A,,,S 10TH ST,,,A,7/24/2024 4:49:41 PM,1/28/2025 3:38:29 PM,,,2,,,,,,,
2600551,2022-220090805,2,False,4313,1/9/2022 10:51:00 PM,2251,T5,1368,4313,San Jose,43,True,True,C,REAR END,,Sunday,,,,,False,False,True,,E,PARKED MOTOR VEHICLE,,1.0,0.0,CLEAR,, NO UNUSUAL CONDITIONS - NO UNUSUAL CONDITIONS,, ,C,DARK-STREET LIGHTS,,,,,,,A,NO PEDESTRIANS INVOLVED,,A,23152,,1.0,WILCOX WY,DT,,,A,,,DUKE WY,,,D,7/24/2024 4:49:37 PM,1/28/2025 3:38:26 PM,,,2,,,,,,,
2600549,2022-220120076,2,False,4313,1/12/2022 3:25:00 AM,325,P4,1368,4313,San Jose,43,True,True,D,BROADSIDE,,Wednesday,,,F,,False,False,False,,G,BICYCLE,,1.0,0.0,CLEAR,, NO UNUSUAL CONDITIONS - NO UNUSUAL CONDITIONS,, ,C,DARK-STREET LIGHTS,,,,,,,A,NO PEDESTRIANS INVOLVED,,A,22350,,1.0,NIEMAN BL,FOOTH,,,A,,,ABORN RD,,,A,7/24/2024 4:49:36 PM,1/28/2025 3:38:26 PM,,,2,,,,,,,
2600548,2022-220110840,2,False,4313,1/11/2022 8:05:00 PM,2005,L1,1368,4313,San Jose,43,True,True,A,HEAD-ON,,Tuesday,,,F,,False,False,True,,C,OTHER MOTOR VEHICLE,,1.0,0.0,CLEAR,, NO UNUSUAL CONDITIONS - NO UNUSUAL CONDITIONS,, ,C,DARK-STREET LIGHTS,,,,,,,A,NO PEDESTRIANS INVOLVED,,A,20001,,1.0,S 11TH ST,LINCO,,,A,,,BESTOR ST,,,D,7/24/2024 4:49:36 PM,1/28/2025 3:38:26 PM,,,2,,,,,,,