Collision Id,	Report Number,	Report Version,	Is Preliminary,	NCIC Code,Crash Date Time,	Crash Time Description,	Beat,City Id,	City Code,	City Name,County Code,	City Is Active,	City Is Incorporated,	Collision Type Code,Collision Type Description,	Collision Type Other Desc,	Day Of Week,	DispatchNotified,	HasPhotographs,	HitRun,	IsAttachmentsMailed,	IsDeleted,	IsHighwayRelated,	IsTowAway,	JudicialDistrict,	MotorVehicleInvolvedWithCode,	MotorVehicleInvolvedWithDesc,MotorVehicleInvolvedWithOtherDesc,	NumberInjured,	NumberKilled,Weather 1, Weather 2, Road Condition 1, Road Condition 2, Special Condition,LightingCode, LightingDescription,Latitude,Longitude,MilepostDirection,MilepostDistance,MilepostMarker,MilepostUnitOfMeasure,	PedestrianActionCode,PedestrianActionDesc,PreparedDate,	Primary Collision Factor Code,Primary Collision Factor Violation,PrimaryCollisionFactorIsCited,	PrimaryCollisionPartyNumber,	PrimaryRoad,	ReportingDistrict,	ReportingDistrictCode,ReviewedDate,	RoadwaySurfaceCode,SecondaryDirection,	SecondaryDistance,	SecondaryRoad,	SecondaryUnitOfMeasure,	SketchDesc,	TrafficControlDeviceCode,CreatedDate,	ModifiedDate,IsCountyRoad,IsFreeway,CHP555Version,	IsAdditonalObjectStruck,NotificationDate,	NotificationTimeDescription,	HasDigitalMediaFiles,	EvidenceNumber,	IsLocationReferToNarrative,	IsAOIOneSameAsLocation
2664541,2022-222080318,2,False,4313,7/27/2022 10:22:00 AM,1022,1,1368,4313,San Jose,43,True,True,C,REAR END,,Wednesday,,,,,False,False,True,,C,OTHER MOTOR VEHICLE,,2.0,0.0,CLEAR,, NO UNUSUAL CONDITIONS - NO UNUSUAL CONDITIONS,, ,A,DAYLIGHT,,,,,,,A,NO PEDESTRIANS INVOLVED,,A,21703,,1.0,SKYWAY DR,XRAY,,,A,,,PINON PL,,,A,7/25/2024 9:29:10 PM,1/29/2025 8:35:23 AM,,,2,,,,,,,
2664540,2022-222110400,2,False,4313,7/30/2022 11:22:00 AM,1122,R1,1368,4313,San Jose,43,True,True,,,,Saturday,,,,,False,False,True,,C,OTHER MOTOR VEHICLE,,1.0,0.0,CLEAR,, NO UNUSUAL CONDITIONS - NO UNUSUAL CONDITIONS,, ,A,DAYLIGHT,,,,,,,A,NO PEDESTRIANS INVOLVED,,A,21453,,,ZANKER RD,ROBER,,,A,,,CHARCOT AV,,,A,7/25/2024 9:29:10 PM,1/29/2025 8:35:23 AM,,,2,,,,,,,
2664469,2022-221010548,2,False,4313,4/11/2022 3:56:00 PM,1556,5,1368,4313,San Jose,43,True,True,D,BROADSIDE,,Monday,,,,,False,False,False,,C,OTHER MOTOR VEHICLE,,2.0,0.0,CLEAR,, NO UNUSUAL CONDITIONS - NO UNUSUAL CONDITIONS,, ,A,DAYLIGHT,37.19218,-121.552581,,,,,A,NO PEDESTRIANS INVOLVED,,A,21453,,1.0,PARKMOOR AV,F,,,A,,,LEIGH AV,,,A,7/25/2024 9:28:59 PM,1/29/2025 8:35:21 AM,,,2,,,,,,,
2664226,2022-221630514,2,False,4313,6/12/2022 2:10:00 PM,1410,W4,1368,4313,San Jose,43,True,True,D,BROADSIDE,,Sunday,,,,,False,False,True,,D,MOTOR VEHICLE ON OTHER ROADWAY,,2.0,0.0,CLOUDY,, NO UNUSUAL CONDITIONS - NO UNUSUAL CONDITIONS,, ,A,DAYLIGHT,,,,,,,A,NO PEDESTRIANS INVOLVED,,A,21801A,,1.0,MCKEE RD,FOOTH,,,A,,,FRANCIS DR,,,A,7/25/2024 9:28:26 PM,1/29/2025 8:35:14 AM,,,2,,,,,,,
2664225,2022-221600436,2,False,4313,6/9/2022 1:32:00 PM,1332,2,1368,4313,San Jose,43,True,True,G,VEHICLE/PEDESTRAIN,,Thursday,,,,,False,False,False,,B,PEDESTRIAN,,1.0,0.0,CLEAR,, NO UNUSUAL CONDITIONS - NO UNUSUAL CONDITIONS,, ,A,DAYLIGHT,37.202077,-121.534135,,,,,D,CROSSING - NOT IN CROSSWALK,,A,21956A,,,N MARKET ST,EDWAR,,,A,,,DEVINE ST,,,D,7/25/2024 9:28:26 PM,1/29/2025 8:35:14 AM,,,2,,,,,,,
2664224,2022-221600571,2,False,4313,6/9/2022 3:47:00 PM,1547,C1,1368,4313,San Jose,43,True,True,C,REAR END,,Thursday,,,,,False,False,False,,C,OTHER MOTOR VEHICLE,,1.0,0.0,CLEAR,, NO UNUSUAL CONDITIONS - NO UNUSUAL CONDITIONS,, ,A,DAYLIGHT,,,,,,,A,NO PEDESTRIANS INVOLVED,,A,22350,,1.0,KING RD,CHARL,,,A,,,LIDO WY,,,D,7/25/2024 9:28:25 PM,1/29/2025 8:35:14 AM,,,2,,,,,,,
2664223,2022-221600214,2,False,4313,6/9/2022 9:08:00 AM,908,4,1368,4313,San Jose,43,True,True,C,REAR END,,Thursday,,,,,False,False,True,,C,OTHER MOTOR VEHICLE,,1.0,0.0,CLEAR,, NO UNUSUAL CONDITIONS - NO UNUSUAL CONDITIONS,, ,A,DAYLIGHT,37.205997,-121.522624,,,,,A,NO PEDESTRIANS INVOLVED,,A,22350,,1.0,E JULIAN ST,VICTO,,,A,N,10.0,21ST ST,F,,,7/25/2024 9:28:25 PM,1/29/2025 8:35:14 AM,,,2,,,,,,,
2664222,2022-221590522,2,False,4313,6/8/2022 1:55:00 PM,1355,P4,1368,4313,San Jose,43,True,True,C,REAR END,,Wednesday,,,,,False,False,True,,C,OTHER MOTOR VEHICLE,,1.0,0.0,CLEAR,, NO UNUSUAL CONDITIONS - NO UNUSUAL CONDITIONS,, ,A,DAYLIGHT,37.184465,-121.48704,,,,,A,NO PEDESTRIANS INVOLVED,,A,22107,,1.0,ABORN RD,SOUTH,,,A,,,NIEMAN BL,,,A,7/25/2024 9:28:25 PM,1/29/2025 8:35:14 AM,,,2,,,,,,,
2664221,2022-221600210,2,False,4313,6/9/2022 9:04:00 AM,904,R4,1368,4313,San Jose,43,True,True,A,HEAD-ON,,Thursday,,,,,False,True,True,,C,OTHER MOTOR VEHICLE,,1.0,0.0,CLEAR,, NO UNUSUAL CONDITIONS - NO UNUSUAL CONDITIONS,, ,A,DAYLIGHT,37.22793,-121.535394,,,,,A,NO PEDESTRIANS INVOLVED,,A,21800A,,1.0,E GISH RD,ROBER,,,A,,,INDUSTRIAL AV,,,D,7/25/2024 9:28:25 PM,1/29/2025 8:35:14 AM,,,2,,,,,,,
2664220,2022-221800724,2,False,4313,6/29/2022 5:58:00 PM,1758,X5,1368,4313,San Jose,43,True,True,C,REAR END,,Wednesday,,,,,False,False,False,,C,OTHER MOTOR VEHICLE,,1.0,0.0,CLEAR,, NO UNUSUAL CONDITIONS - NO UNUSUAL CONDITIONS,, ,A,DAYLIGHT,,,,,,,A,NO PEDESTRIANS INVOLVED,,A,21703,,1.0,EDENVIEW DR,SOUTH,,,A,,,MONTEREY RD,,,A,7/25/2024 9:28:25 PM,1/29/2025 8:35:14 AM,,,2,,,,,,,
2664219,2022-221650727,2,False,4313,6/14/2022 5:27:00 PM,1727,C5,1368,4313,San Jose,43,True,True,D,BROADSIDE,,Tuesday,,,,,False,False,True,,C,OTHER MOTOR VEHICLE,,2.0,0.0,CLEAR,, NO UNUSUAL CONDITIONS - NO UNUSUAL CONDITIONS,, ,A,DAYLIGHT,37.212673,-121.49221,,,,,,,,A,21802A,,1.0,STORY RD,FOOTH,,,A,,,GRIFFITH ST,,,,7/25/2024 9:28:25 PM,1/29/2025 8:35:14 AM,,,2,,,,,,,
2664218,2022-221580975,2,False,4313,6/7/2022 7:24:00 PM,1924,W4,1368,4313,San Jose,43,True,True,D,BROADSIDE,,Tuesday,,,,,False,False,False,,B,PEDESTRIAN,,1.0,0.0,,, NO UNUSUAL CONDITIONS - NO UNUSUAL CONDITIONS,, ,A,DAYLIGHT,37.225418,-121.502651,,,,,,,,A,21802A,,1.0,N WHITE RD,FOOTH,,,A,,,NASHVILLE DR,,,,7/25/2024 9:28:25 PM,1/29/2025 8:35:14 AM,,,2,,,,,,,
2664217,2022-221790496,2,False,4313,6/28/2022 1:44:00 PM,1344,2,1368,4313,San Jose,43,True,True,A,HEAD-ON,,Tuesday,,,,,False,True,True,,C,OTHER MOTOR VEHICLE,,1.0,0.0,CLEAR,, NO UNUSUAL CONDITIONS - NO UNUSUAL CONDITIONS,, ,A,DAYLIGHT,,,,,,,A,NO PEDESTRIANS INVOLVED,,D,,,,RT 87,EDWAR,,,A,,,JULIAN AV,,,A,7/25/2024 9:28:25 PM,1/29/2025 8:35:14 AM,,,2,,,,,,,
2664037,2022-221910617,2,False,4313,7/10/2022 3:28:00 PM,1528,N3,1368,4313,San Jose,43,True,True,C,REAR END,,Sunday,,,,,False,False,True,,C,OTHER MOTOR VEHICLE,,1.0,0.0,CLEAR,, NO UNUSUAL CONDITIONS - NO UNUSUAL CONDITIONS,, ,A,DAYLIGHT,,,,,,,A,NO PEDESTRIANS INVOLVED,,A,22350,,1.0,SARATOGA AV,NORA,,,A,,,OLGA DR,,,D,7/25/2024 9:28:01 PM,1/29/2025 8:35:09 AM,,,2,,,,,,,
2664036,2022-221890752,2,False,4313,7/8/2022 6:50:00 PM,1850,L2,1368,4313,San Jose,43,True,True,,,,Friday,,,,,False,False,True,,C,OTHER MOTOR VEHICLE,,1.0,0.0,CLEAR,, NO UNUSUAL CONDITIONS - NO UNUSUAL CONDITIONS,, ,A,DAYLIGHT,,,,,,,A,NO PEDESTRIANS INVOLVED,,A,22107,,1.0,STORY RD,LINCO,,,A,,,CLEMENCE AV,,,A,7/25/2024 9:28:00 PM,1/29/2025 8:35:09 AM,,,2,,,,,,,
2664035,2022-221980002,2,False,4313,7/17/2022 12:01:00 AM,1,R3,1368,4313,San Jose,43,True,True,D,BROADSIDE,,Sunday,,,,,False,True,True,,C,OTHER MOTOR VEHICLE,,5.0,0.0,CLEAR,, NO UNUSUAL CONDITIONS - NO UNUSUAL CONDITIONS,, ,C,DARK-STREET LIGHTS,,,,,,,A,NO PEDESTRIANS INVOLVED,,A,22450,,1.0,BROKAW RD,ROBER,,,A,,,RT 880,,,A,7/25/2024 9:28:00 PM,1/29/2025 8:35:09 AM,,,2,,,,,,,
2664034,2022-221930484,2,False,4313,7/12/2022 2:01:00 PM,1401,4,1368,4313,San Jose,43,True,True,D,BROADSIDE,,Tuesday,,,,,False,False,False,,C,OTHER MOTOR VEHICLE,,1.0,0.0,CLEAR,, NO UNUSUAL CONDITIONS - NO UNUSUAL CONDITIONS,, ,A,DAYLIGHT,,,,,,,A,NO PEDESTRIANS INVOLVED,,A,21802A,,1.0,FLANIGAN DR,PAUL,,,A,,,ALVIN AV,,,D,7/25/2024 9:28:00 PM,1/29/2025 8:35:09 AM,,,2,,,,,,,
2664033,2022-222000887,2,False,4313,7/19/2022 12:39:00 AM,39,S5,1368,4313,San Jose,43,True,True,A,HEAD-ON,,Tuesday,,,F,,False,False,False,,G,BICYCLE,,1.0,0.0,CLEAR,, NO UNUSUAL CONDITIONS - NO UNUSUAL CONDITIONS,, ,C,DARK-STREET LIGHTS,37.193018,-121.524617,,,,,A,NO PEDESTRIANS INVOLVED,,A,22107,,1.0,E VIRGINIA ST,WESTE,,,A,,,S 3RD ST,,,A,7/25/2024 9:28:00 PM,1/29/2025 8:35:09 AM,,,2,,,,,,,
2664032,2022-221980983,2,False,4313,7/17/2022 11:16:00 PM,2316,S3,1368,4313,San Jose,43,True,True,A,HEAD-ON,,Sunday,,,,,False,False,False,,B,PEDESTRIAN,,1.0,0.0,CLEAR,, NO UNUSUAL CONDITIONS - NO UNUSUAL CONDITIONS,, ,C,DARK-STREET LIGHTS,,,,,,,D,CROSSING - NOT IN CROSSWALK,,A,21954A,,1.0,LINCOLN AV,WESTE,,,A,,,LONUS ST,,,D,7/25/2024 9:28:00 PM,1/29/2025 8:35:09 AM,,,2,,,,,,,
2664031,2022-221970871,2,False,4313,7/16/2022 8:47:00 PM,2047,F3,1368,4313,San Jose,43,True,True,D,BROADSIDE,,Saturday,,,F,,False,False,True,,C,OTHER MOTOR VEHICLE,,1.0,0.0,CLEAR,, NO UNUSUAL CONDITIONS - NO UNUSUAL CONDITIONS,, ,C,DARK-STREET LIGHTS,,,,,,,A,NO PEDESTRIANS INVOLVED,,A,21453C,,1.0,STEVENS CREEK BL,FRANK,,,A,,,N BASCOM AV,,,A,7/25/2024 9:28:00 PM,1/29/2025 8:35:09 AM,,,2,,,,,,,
2664030,2022-221970097,2,False,4313,7/16/2022 12:20:00 AM,20,V4,1368,4313,San Jose,43,True,True,H,OTHER,,Saturday,,,,,False,False,False,,G,BICYCLE,,1.0,0.0,CLEAR,, NO UNUSUAL CONDITIONS - NO UNUSUAL CONDITIONS,, ,C,DARK-STREET LIGHTS,,,,,,,E,IN ROAD - INCLUDES SHOULDER,,D,,,,N 21ST ST,CENTR,,,A,,,E JULIAN ST,,,,7/25/2024 9:27:59 PM,1/29/2025 8:35:09 AM,,,2,,,,,,,
2664029,2022-221960998,2,False,4313,7/15/2022 10:39:00 PM,2239,E4,1368,4313,San Jose,43,True,True,A,HEAD-ON,,Friday,,,F,,False,False,False,,B,PEDESTRIAN,,1.0,0.0,CLEAR,, NO UNUSUAL CONDITIONS - NO UNUSUAL CONDITIONS,, ,C,DARK-STREET LIGHTS,,,,,,,B,CROSSING IN CROSS WALK AT INTERSECTION,,A,21950A,,1.0,ALMADEN BL,EDWAR,,,A,,,WOZ WY,,,A,7/25/2024 9:27:59 PM,1/29/2025 8:35:09 AM,,,2,,,,,,,
2663690,2022-222000846,2,False,4313,7/19/2022 9:15:00 PM,2115,N3,1368,4313,San Jose,43,True,True,G,VEHICLE/PEDESTRAIN,,Tuesday,,,F,,False,False,False,,B,PEDESTRIAN,,1.0,0.0,CLEAR,, NO UNUSUAL CONDITIONS - NO UNUSUAL CONDITIONS,, ,C,DARK-STREET LIGHTS,,,,,,,F,NOT IN ROAD,,A,22107,,1.0,TERESITA DR,WESTE,,,A,,,DOYLE RD,,,A,7/25/2024 8:57:15 PM,1/29/2025 8:35:00 AM,,,2,,,,,,,
2663689,2022-222040111,2,False,4313,7/23/2022 2:28:00 AM,228,Y3,1368,4313,San Jose,43,True,True,A,HEAD-ON,,Saturday,,,,,False,False,True,,C,OTHER MOTOR VEHICLE,,3.0,0.0,CLEAR,, NO UNUSUAL CONDITIONS - NO UNUSUAL CONDITIONS,, ,C,DARK-STREET LIGHTS,37.141312,-121.481399,,,,,A,NO PEDESTRIANS INVOLVED,,A,23153A,,1.0,COTTLE RD,YELLO,,,A,,,SANTA TERESA BL,,,A,7/25/2024 8:57:15 PM,1/29/2025 8:35:00 AM,,,2,,,,,,,
2663688,2022-221960355,2,False,4313,7/15/2022 11:13:00 AM,1113,K4,1368,4313,San Jose,43,True,True,D,BROADSIDE,,Friday,,,,,False,False,False,,C,OTHER MOTOR VEHICLE,,2.0,0.0,CLEAR,, NO UNUSUAL CONDITIONS - NO UNUSUAL CONDITIONS,, ,A,DAYLIGHT,,,,,,,A,NO PEDESTRIANS INVOLVED,,A,22450A,,1.0,N 27TH ST,CENTR,,,A,,,E ST JAMES ST,,,D,7/25/2024 8:57:15 PM,1/29/2025 8:35:00 AM,,,2,,,,,,,
2663687,2022-221600122,2,False,4313,6/9/2022 8:19:00 AM,819,1,1368,4313,San Jose,43,True,True,D,BROADSIDE,,Thursday,,,,,False,False,True,,C,OTHER MOTOR VEHICLE,,1.0,0.0,CLEAR,, ,, ,A,DAYLIGHT,,,,,,,A,NO PEDESTRIANS INVOLVED,,A,21453A,,1.0,STORY RD,CHARL,,,A,,,GALAHAD AV,,,A,7/25/2024 8:57:14 PM,1/29/2025 8:35:00 AM,,,2,,,,,,,
2663686,2022-221590971,2,False,4313,6/8/2022 9:33:00 PM,2133,A3,1368,4313,San Jose,43,True,True,D,BROADSIDE,,Wednesday,,,,,False,False,False,,C,OTHER MOTOR VEHICLE,,1.0,0.0,CLEAR,, NO UNUSUAL CONDITIONS - NO UNUSUAL CONDITIONS,, ,C,DARK-STREET LIGHTS,37.153081,-121.524132,,,,,A,NO PEDESTRIANS INVOLVED,,A,21804,,1.0,CHERRY AV,ADAM,,,A,,,SPEAK LN,,,D,7/25/2024 8:57:14 PM,1/29/2025 8:35:00 AM,,,2,,,,,,,
2663685,2022-221590531,2,False,4313,6/8/2022 2:01:00 PM,1401,W1,1368,4313,San Jose,43,True,True,C,REAR END,,Wednesday,,,,,False,False,False,,C,OTHER MOTOR VEHICLE,,2.0,0.0,CLEAR,, NO UNUSUAL CONDITIONS - NO UNUSUAL CONDITIONS,, ,A,DAYLIGHT,37.23395,-121.526303,,,,,A,NO PEDESTRIANS INVOLVED,,A,21703,,1.0,HOSTETTER RD,FOOTH,,,A,,,RT 680,,,A,7/25/2024 8:57:14 PM,1/29/2025 8:35:00 AM,,,2,,,,,,,
2663684,2022-221890797,2,False,4313,7/8/2022 7:41:00 PM,1941,4,1368,4313,San Jose,43,True,True,D,BROADSIDE,,Friday,,,F,,False,False,False,,C,OTHER MOTOR VEHICLE,,2.0,0.0,CLEAR,, NO UNUSUAL CONDITIONS - NO UNUSUAL CONDITIONS,, ,B,DUSK-DAWN,,,,,,,A,NO PEDESTRIANS INVOLVED,,A,21453,,1.0,E CAPITOL EXPWY,CHARL,,,A,,,OCALA AV,,,A,7/25/2024 8:57:14 PM,1/29/2025 8:35:00 AM,,,2,,,,,,,
2663570,2022-221770874,2,False,4313,6/26/2022 9:16:00 PM,2116,K4,1368,4313,San Jose,43,True,True,B,SIDE SWIPE,,Sunday,,,F,,False,True,True,,C,OTHER MOTOR VEHICLE,,1.0,0.0,CLEAR,, NO UNUSUAL CONDITIONS - NO UNUSUAL CONDITIONS,, ,C,DARK-STREET LIGHTS,,,,,,,A,NO PEDESTRIANS INVOLVED,,A,21453,,,SANTA CLARA ST,CENTR,,,A,,,RT 101,,,A,7/25/2024 8:56:58 PM,1/29/2025 8:34:57 AM,,,2,,,,,,,
2663569,2022-221700282,2,False,4313,6/19/2022 7:45:00 AM,745,F3,1368,4313,San Jose,43,True,True,G,VEHICLE/PEDESTRAIN,,Sunday,,,,,False,False,False,,B,PEDESTRIAN,,1.0,0.0,CLEAR,, NO UNUSUAL CONDITIONS - NO UNUSUAL CONDITIONS,, ,A,DAYLIGHT,,,,,,,D,CROSSING - NOT IN CROSSWALK,,A,21956A,,1.0,THE ALAMEDA,FRANK,,,A,,,ASBURY ST,,,D,7/25/2024 8:56:58 PM,1/29/2025 8:34:57 AM,,,2,,,,,,,
2663568,2022-221660673,2,False,4313,6/15/2022 6:14:00 PM,1814,Y2,1368,4313,San Jose,43,True,True,D,BROADSIDE,,Wednesday,,,,,False,False,True,,C,OTHER MOTOR VEHICLE,,1.0,0.0,CLEAR,, NO UNUSUAL CONDITIONS - NO UNUSUAL CONDITIONS,, ,A,DAYLIGHT,,,,,,,A,NO PEDESTRIANS INVOLVED,,A,21804,,1.0,SANTA TERESA BL,DY,,,A,W,175.0,SNELL AV,F,,A,7/25/2024 8:56:58 PM,1/29/2025 8:34:57 AM,,,2,,,,,,,
2663567,2022-221700977,2,False,4313,6/19/2022 10:30:00 PM,2230,S2,1368,4313,San Jose,43,True,True,A,HEAD-ON,,Sunday,,,,,False,False,True,,,,,1.0,0.0,CLEAR,, NO UNUSUAL CONDITIONS - NO UNUSUAL CONDITIONS,, ,C,DARK-STREET LIGHTS,,,,,,,A,NO PEDESTRIANS INVOLVED,,A,22350,,1.0,LEIGH AV,SAM,,,A,,,HAMILTON,,,A,7/25/2024 8:56:58 PM,1/29/2025 8:34:57 AM,,,2,,,,,,,
2663566,2022-221710309,2,False,4313,6/20/2022 10:07:00 AM,1007,P5,1368,4313,San Jose,43,True,True,A,HEAD-ON,,Monday,,,,,False,False,True,,,,,1.0,0.0,CLEAR,, NO UNUSUAL CONDITIONS - NO UNUSUAL CONDITIONS,, ,A,DAYLIGHT,,,,,,,A,NO PEDESTRIANS INVOLVED,,A,22350,,1.0,ABORN RD,PAUL,,,A,,,RUBY AV,,,D,7/25/2024 8:56:58 PM,1/29/2025 8:34:57 AM,,,2,,,,,,,
2663565,2022-221690219,2,False,4313,6/18/2022 6:34:00 AM,634,PAUL6,1368,4313,San Jose,43,True,True,A,HEAD-ON,,Saturday,,,,,False,False,True,,,,,1.0,0.0,CLEAR,, NO UNUSUAL CONDITIONS - NO UNUSUAL CONDITIONS,, ,A,DAYLIGHT,,,,,,,A,NO PEDESTRIANS INVOLVED,,D,,,1.0,HASSLER PKWY,PAUL,,,A,,,SILVER RANCH LN,,,D,7/25/2024 8:56:58 PM,1/29/2025 8:34:57 AM,,,2,,,,,,,
2663564,2022-2217900,2,False,4313,6/28/2022 1:23:00 AM,123,C2,1368,4313,San Jose,43,True,True,C,REAR END,,Tuesday,,,F,,False,False,True,,C,OTHER MOTOR VEHICLE,,1.0,0.0,CLEAR,, NO UNUSUAL CONDITIONS - NO UNUSUAL CONDITIONS,, ,C,DARK-STREET LIGHTS,,,,,,,A,NO PEDESTRIANS INVOLVED,,A,22350,,1.0,TULLY RD,FOOTH,,,A,,,LANAI AV,,,A,7/25/2024 8:56:57 PM,1/29/2025 8:34:57 AM,,,2,,,,,,,
2663563,2022-221540400,2,False,4313,6/3/2022 2:34:00 PM,1434,F2,1368,4313,San Jose,43,True,True,D,BROADSIDE,,Friday,,,,,False,False,True,,C,OTHER MOTOR VEHICLE,,1.0,0.0,CLEAR,, NO UNUSUAL CONDITIONS - NO UNUSUAL CONDITIONS,, ,A,DAYLIGHT,37.211687,-121.554301,,,,,A,NO PEDESTRIANS INVOLVED,,A,21800A,,1.0,AVIATION AV,FRANK,,,A,,,COLEMAN AV,,,D,7/25/2024 8:56:57 PM,1/29/2025 8:34:57 AM,,,2,,,,,,,
2663562,2022-221771025,2,False,4313,6/26/2022 11:38:00 PM,2338,Y2,1368,4313,San Jose,43,True,True,G,VEHICLE/PEDESTRAIN,,Sunday,,,F,,False,False,False,,B,PEDESTRIAN,,1.0,0.0,CLEAR,, NO UNUSUAL CONDITIONS - NO UNUSUAL CONDITIONS,, ,C,DARK-STREET LIGHTS,,,,,,,B,CROSSING IN CROSS WALK AT INTERSECTION,,A,22350,,1.0,SANTA TERESA BL,SOUTH,,,A,,,SNELL AV,,,A,7/25/2024 8:56:57 PM,1/29/2025 8:34:57 AM,,,2,,,,,,,
2663561,2022-221480727,2,False,4313,5/28/2022 5:45:00 PM,1745,F1,1368,4313,San Jose,43,True,True,B,SIDE SWIPE,,Saturday,,,,,False,False,False,,C,OTHER MOTOR VEHICLE,,1.0,0.0,CLEAR,, NO UNUSUAL CONDITIONS - NO UNUSUAL CONDITIONS,, ,A,DAYLIGHT,,,,,,,A,NO PEDESTRIANS INVOLVED,,A,22107,,1.0,S WINCHESTER BL,WESTE,,,A,,,MOORPARK AV,,,A,7/25/2024 8:56:57 PM,1/29/2025 8:34:57 AM,,,2,,,,,,,
2663560,2022-221430794,2,False,4313,5/23/2022 6:24:00 PM,1824,Y5,1368,4313,San Jose,43,True,True,E,HIT OBJECT,,Monday,,,,,False,True,False,,I,FIXED OBJECT,,1.0,0.0,CLEAR,, NO UNUSUAL CONDITIONS - NO UNUSUAL CONDITIONS,, ,A,DAYLIGHT,37.142832,-121.462142,,,,,A,NO PEDESTRIANS INVOLVED,,A,22350,,,BERNAL RD,YELLO,,,A,,,RT 101,,,A,7/25/2024 8:56:57 PM,1/29/2025 8:34:57 AM,,,2,,,,,,,
2663559,2022-221500704,2,False,4313,5/30/2022 5:20:00 PM,1720,Y3,1368,4313,San Jose,43,True,True,D,BROADSIDE,,Monday,,,,,False,False,True,,C,OTHER MOTOR VEHICLE,,2.0,0.0,CLEAR,, ,, ,A,DAYLIGHT,37.141307,-121.49084,,,,,A,NO PEDESTRIANS INVOLVED,,A,21453A,,1.0,SANTA TERESA BL,YELLO,,,A,,,LEAN AV,,,A,7/25/2024 8:56:57 PM,1/29/2025 8:34:57 AM,,,2,,,,,,,
2663558,2022-221490875,2,False,4313,5/29/2022 8:39:00 PM,2039,E1,1368,4313,San Jose,43,True,True,F,OVERTURNED,,Sunday,,,,,False,False,True,,C,OTHER MOTOR VEHICLE,,4.0,0.0,CLEAR,, NO UNUSUAL CONDITIONS - NO UNUSUAL CONDITIONS,, ,C,DARK-STREET LIGHTS,37.195525,-121.54083,,,,,A,NO PEDESTRIANS INVOLVED,,A,21453,,,W SANTA CLARA ST,CENTR,,,A,,,BARACK OBAMA BL,,,A,7/25/2024 8:56:56 PM,1/29/2025 8:34:57 AM,,,2,,,,,,,
2663557,2022-221460762,2,False,4313,5/26/2022 4:42:00 PM,1642,4,1368,4313,San Jose,43,True,True,D,BROADSIDE,,Thursday,,,,,False,False,True,,C,OTHER MOTOR VEHICLE,,1.0,0.0,CLEAR,, NO UNUSUAL CONDITIONS - NO UNUSUAL CONDITIONS,, ,A,DAYLIGHT,37.134725,-121.462729,,,,,A,NO PEDESTRIANS INVOLVED,,A,21453C,,1.0,BERNAL RD,YELLO,,,A,,,VIA DEL ORO,,,A,7/25/2024 8:56:56 PM,1/29/2025 8:34:57 AM,,,2,,,,,,,
2663556,2022-221430350,2,False,4313,5/23/2022 10:04:00 AM,1004,T3,1368,4313,San Jose,43,True,True,B,SIDE SWIPE,,Monday,,,,,False,False,True,,C,OTHER MOTOR VEHICLE,,1.0,0.0,CLEAR,, ,, ,A,DAYLIGHT,,,,,,,A,NO PEDESTRIANS INVOLVED,,A,22101D,,1.0,ALMADEN RD,DT,,,A,,,WILLOW GLEN WY,,,A,7/25/2024 8:56:56 PM,1/29/2025 8:34:57 AM,,,2,,,,,,,
2663555,2022-221430207,2,False,4313,5/23/2022 7:41:00 AM,741,1,1368,4313,San Jose,43,True,True,C,REAR END,,Monday,,,,,False,False,False,,,,,1.0,0.0,CLEAR,, NO UNUSUAL CONDITIONS - NO UNUSUAL CONDITIONS,, ,A,DAYLIGHT,37.16369,-121.503099,,,,,A,NO PEDESTRIANS INVOLVED,,A,22107,,1.0,SNELL AV,XRAY,,,A,,,W CAPITOL EX,,,A,7/25/2024 8:56:56 PM,1/29/2025 8:34:57 AM,,,2,,,,,,,
2663554,2022-221460781,2,False,4313,5/26/2022 4:58:00 PM,1658,W2,1368,4313,San Jose,43,True,True,D,BROADSIDE,,Thursday,,,,,False,False,True,,C,OTHER MOTOR VEHICLE,,1.0,0.0,CLOUDY,, NO UNUSUAL CONDITIONS - NO UNUSUAL CONDITIONS,, ,A,DAYLIGHT,37.231157,-121.513817,,,,,A,NO PEDESTRIANS INVOLVED,,A,22107,,1.0,BERRYESSA RD,DISTR,,,A,,,N CAPITOL AV,,,A,7/25/2024 8:56:56 PM,1/29/2025 8:34:56 AM,,,2,,,,,,,
2663553,2022-221490536,2,False,4313,5/29/2022 2:30:00 AM,230,W4,1368,4313,San Jose,43,True,True,G,VEHICLE/PEDESTRAIN,,Sunday,,,,,False,False,False,,,,,1.0,0.0,CLEAR,, NO UNUSUAL CONDITIONS - NO UNUSUAL CONDITIONS,, ,C,DARK-STREET LIGHTS,,,,,,,B,CROSSING IN CROSS WALK AT INTERSECTION,,A,21950,,1.0,N CAPITOL AV,DW,,,A,,,GIMELLI WY,,,A,7/25/2024 8:56:56 PM,1/29/2025 8:34:56 AM,,,2,,,,,,,
2663552,2022-221500032,2,False,4313,5/30/2022 12:21:00 AM,21,V3K1,1368,4313,San Jose,43,True,True,B,SIDE SWIPE,,Monday,,,,,False,False,False,,,,,1.0,0.0,,, NO UNUSUAL CONDITIONS - NO UNUSUAL CONDITIONS,, ,C,DARK-STREET LIGHTS,,,,,,,A,NO PEDESTRIANS INVOLVED,,A,21657,,1.0,E SAINT JOHN ST,CENTR,,,A,,,N 10TH ST,,,A,7/25/2024 8:56:56 PM,1/29/2025 8:34:56 AM,,,2,,,,,,,
2663551,2022-221460840,2,False,4313,5/26/2022 5:54:00 PM,1754,E1,1368,4313,San Jose,43,True,True,,,,Thursday,,,,,False,False,False,,B,PEDESTRIAN,,1.0,0.0,CLEAR,, NO UNUSUAL CONDITIONS - NO UNUSUAL CONDITIONS,, ,A,DAYLIGHT,,,,,,,B,CROSSING IN CROSS WALK AT INTERSECTION,,A,21453B,,1.0,SANTA TERESA ST,DE,,,A,S,2.0,COLEMAN AV,F,,A,7/25/2024 8:56:55 PM,1/29/2025 8:34:56 AM,,,2,,,,,,,