Collision Id,	Report Number,	Report Version,	Is Preliminary,	NCIC Code,Crash Date Time,	Crash Time Description,	Beat,City Id,	City Code,	City Name,County Code,	City Is Active,	City Is Incorporated,	Collision Type Code,Collision Type Description,	Collision Type Other Desc,	Day Of Week,	DispatchNotified,	HasPhotographs,	HitRun,	IsAttachmentsMailed,	IsDeleted,	IsHighwayRelated,	IsTowAway,	JudicialDistrict,	MotorVehicleInvolvedWithCode,	MotorVehicleInvolvedWithDesc,MotorVehicleInvolvedWithOtherDesc,	NumberInjured,	NumberKilled,Weather 1, Weather 2, Road Condition 1, Road Condition 2, Special Condition,LightingCode, LightingDescription,Latitude,Longitude,MilepostDirection,MilepostDistance,MilepostMarker,MilepostUnitOfMeasure,	PedestrianActionCode,PedestrianActionDesc,PreparedDate,	Primary Collision Factor Code,Primary Collision Factor Violation,PrimaryCollisionFactorIsCited,	PrimaryCollisionPartyNumber,	PrimaryRoad,	ReportingDistrict,	ReportingDistrictCode,ReviewedDate,	RoadwaySurfaceCode,SecondaryDirection,	SecondaryDistance,	SecondaryRoad,	SecondaryUnitOfMeasure,	SketchDesc,	TrafficControlDeviceCode,CreatedDate,	ModifiedDate,IsCountyRoad,IsFreeway,CHP555Version,	IsAdditonalObjectStruck,NotificationDate,	NotificationTimeDescription,	HasDigitalMediaFiles,	EvidenceNumber,	IsLocationReferToNarrative,	IsAOIOneSameAsLocation
2711812,2022-223560438,2,False,4313,12/22/2022 1:15:00 PM,1315,A5,1368,4313,San Jose,43,True,True,A,HEAD-ON,,Thursday,,,,,False,False,False,,B,PEDESTRIAN,,1.0,0.0,CLEAR,, NO UNUSUAL CONDITIONS - NO UNUSUAL CONDITIONS,, ,A,DAYLIGHT,,,,,,,B,CROSSING IN CROSS WALK AT INTERSECTION,,A,02815,,1.0,BRET HARTE DR,ADAM,,,A,,,VIA VALIENTE,,,A,7/26/2024 8:33:10 AM,1/29/2025 9:01:24 AM,,,2,,,,,,,
2711811,2022-223650428,2,False,4313,12/31/2022 2:22:00 PM,1422,4,1368,4313,San Jose,43,True,True,C,REAR END,,Saturday,,,,,False,False,False,,C,OTHER MOTOR VEHICLE,,1.0,0.0,RAINING,, NO UNUSUAL CONDITIONS - NO UNUSUAL CONDITIONS,, ,A,DAYLIGHT,,,,,,,A,NO PEDESTRIANS INVOLVED,,A,22350,,1.0,E JULIAN ST,VICTO,,,B,,,N 15TH ST,,,A,7/26/2024 8:33:10 AM,1/29/2025 9:01:24 AM,,,2,,,,,,,
2711810,2022-223630765,2,False,4313,12/29/2022 8:10:00 PM,2010,N5,1368,4313,San Jose,43,True,True,C,REAR END,,Thursday,,,F,,False,False,False,,C,OTHER MOTOR VEHICLE,,2.0,0.0,CLOUDY,, NO UNUSUAL CONDITIONS - NO UNUSUAL CONDITIONS,, ,C,DARK-STREET LIGHTS,,,,,,,A,NO PEDESTRIANS INVOLVED,,A,22350,,1.0,S WINCHESTER BL,WESTE,,,B,,,WILLIAMS RD,,,A,7/26/2024 8:33:10 AM,1/29/2025 9:01:24 AM,,,2,,,,,,,
2711809,2022-223570724,2,False,4313,12/23/2022 6:45:00 PM,1845,C1,1368,4313,San Jose,43,True,True,G,VEHICLE/PEDESTRAIN,,Friday,,,,,False,False,False,,G,BICYCLE,,1.0,0.0,CLEAR,, NO UNUSUAL CONDITIONS - NO UNUSUAL CONDITIONS,, ,C,DARK-STREET LIGHTS,37.202361,-121.503535,,,,,A,NO PEDESTRIANS INVOLVED,,A,20001,,1.0,STORY RD,FOOTH,,,A,,,S KING RD,,,D,7/26/2024 8:33:10 AM,1/29/2025 9:01:24 AM,,,2,,,,,,,
2711808,2022-223580141,2,False,4313,12/24/2022 2:47:00 AM,247,5,1368,4313,San Jose,43,True,True,C,REAR END,,Saturday,,,,,False,False,True,,C,OTHER MOTOR VEHICLE,,1.0,0.0,CLEAR,, NO UNUSUAL CONDITIONS - NO UNUSUAL CONDITIONS,, ,C,DARK-STREET LIGHTS,,,,,,,A,NO PEDESTRIANS INVOLVED,,A,22350,,1.0,RANCHO DR,LINCO,,,A,,,SYLVANDALE AV,,,D,7/26/2024 8:33:10 AM,1/29/2025 9:01:24 AM,,,2,,,,,,,
2711807,2022-223650313,2,False,4313,12/31/2022 11:18:00 AM,1118,K5,1368,4313,San Jose,43,True,True,D,BROADSIDE,,Saturday,,,,,False,False,True,,D,MOTOR VEHICLE ON OTHER ROADWAY,,3.0,0.0,RAINING,, NO UNUSUAL CONDITIONS - NO UNUSUAL CONDITIONS,, ,A,DAYLIGHT,,,,,,,A,NO PEDESTRIANS INVOLVED,,A,21801,,1.0,S 24TH ST,CENTR,,,B,,,WILLIAM CT,,,D,7/26/2024 8:33:10 AM,1/29/2025 9:01:24 AM,,,2,,,,,,,
2711806,2022-223630692,2,False,4313,12/29/2022 6:33:00 PM,1833,2,1368,4313,San Jose,43,True,True,G,VEHICLE/PEDESTRAIN,,Thursday,,,,,False,False,False,,B,PEDESTRIAN,,1.0,0.0,RAINING,, NO UNUSUAL CONDITIONS - NO UNUSUAL CONDITIONS,, ,C,DARK-STREET LIGHTS,,,,,,,C,CROSSING IN CROSS WALK - NOT AT INTERSECTION,,A,21950,,1.0,OLSEN DR,FRANK,,,B,,,OLIN AV,,,A,7/26/2024 8:33:10 AM,1/29/2025 9:01:24 AM,,,2,,,,,,,
2711805,2022-223650370,2,False,4313,12/31/2022 1:36:00 PM,1336,Y5,1368,4313,San Jose,43,True,True,E,HIT OBJECT,,Saturday,,,,,False,False,True,,I,FIXED OBJECT,,1.0,0.0,RAINING,, OTHER* - OTHER*,, ,A,DAYLIGHT,,,,,,,A,NO PEDESTRIANS INVOLVED,,A,22350,,1.0,MONTEREY HWY,YELLO,,,B,,,GRANDWELL WY,,,D,7/26/2024 8:33:10 AM,1/29/2025 9:01:24 AM,,,2,,,,,,,
2711804,2022-223630085,2,False,4313,12/29/2022 3:51:00 AM,351,4,1368,4313,San Jose,43,True,True,C,REAR END,,Thursday,,,,,False,False,True,,E,PARKED MOTOR VEHICLE,,1.0,0.0,RAINING,, NO UNUSUAL CONDITIONS - NO UNUSUAL CONDITIONS,, ,C,DARK-STREET LIGHTS,,,,,,,A,NO PEDESTRIANS INVOLVED,,A,22350A,,1.0,BRANHAM LN,TOM,,,B,,,BRANHAM LN 1604,,,D,7/26/2024 8:33:10 AM,1/29/2025 9:01:24 AM,,,2,,,,,,,
2711803,2022-223580032,2,False,4313,12/23/2022 10:15:00 PM,2215,T1,1368,4313,San Jose,43,True,True,G,VEHICLE/PEDESTRAIN,,Friday,,,F,,False,False,False,,B,PEDESTRIAN,,1.0,0.0,CLEAR,, NO UNUSUAL CONDITIONS - NO UNUSUAL CONDITIONS,, ,C,DARK-STREET LIGHTS,37.162111,-121.56825,,,,,F,NOT IN ROAD,,A,22350,,1.0,S BASCOM AV,DT,,,A,,,CURTNER AV,,,D,7/26/2024 8:33:10 AM,1/29/2025 9:01:24 AM,,,2,,,,,,,
2711800,2022-223490691,2,False,4313,10/15/2022 5:38:00 PM,1738,R1,1368,4313,San Jose,43,True,True,B,SIDE SWIPE,,Saturday,,,,,False,False,False,,C,OTHER MOTOR VEHICLE,,1.0,0.0,CLEAR,, NO UNUSUAL CONDITIONS - NO UNUSUAL CONDITIONS,, ,C,DARK-STREET LIGHTS,,,,,,,A,NO PEDESTRIANS INVOLVED,,A,21651,,1.0,NICHOLSON LN,ROBER,,,A,,,LOS ENCINOS AV,,,D,7/26/2024 8:33:09 AM,1/29/2025 9:01:24 AM,,,2,,,,,,,
2711799,2022-223610642,2,False,4313,12/27/2022 6:02:00 PM,1802,1,1368,4313,San Jose,43,True,True,G,VEHICLE/PEDESTRAIN,,Tuesday,,,F,,False,False,False,,B,PEDESTRIAN,,1.0,0.0,CLEAR,, NO UNUSUAL CONDITIONS - NO UNUSUAL CONDITIONS,, ,C,DARK-STREET LIGHTS,37.203926,-121.544694,,,,,D,CROSSING - NOT IN CROSSWALK,,D,,,,COLEMAN AV,VICTO,,,B,N,16.0,EMORY ST,F,,,7/26/2024 8:33:09 AM,1/29/2025 9:01:24 AM,,,2,,,,,,,
2711717,23-002-9703,2,False,4313,4/17/2022 1:43:00 PM,1343,,1368,4313,San Jose,43,True,True,D,BROADSIDE,,Sunday,,,M,,False,True,True,,C,OTHER MOTOR VEHICLE,,1.0,0.0,CLEAR,, NO UNUSUAL CONDITIONS - NO UNUSUAL CONDITIONS,, ,A,DAYLIGHT,,,,,,,A,NO PEDESTRIANS INVOLVED,,A,21453,,1.0,RT 101,,,,A,,,OAKLAND RD,,,A,7/26/2024 8:33:05 AM,1/29/2025 9:01:20 AM,,,3,,,,,,,
2711652,2022-222870750,2,False,4313,10/14/2022 5:33:00 PM,1733,2,1368,4313,San Jose,43,True,True,A,HEAD-ON,,Friday,,,,,False,False,False,,B,PEDESTRIAN,,1.0,0.0,CLEAR,, NO UNUSUAL CONDITIONS - NO UNUSUAL CONDITIONS,, ,A,DAYLIGHT,,,,,,,D,CROSSING - NOT IN CROSSWALK,,A,22350,,1.0,MONTEREY RD,XRAY,,,A,,,MONTEREY RD 4150,,,D,7/26/2024 8:33:02 AM,1/29/2025 9:01:18 AM,,,2,,,,,,,
2725303,22-300-0019S,2,False,4313,10/27/2022 3:18:00 AM,318,61C1,1368,4313,San Jose,43,True,True,E,HIT OBJECT,,Thursday,,,,,False,False,True,,I,FIXED OBJECT,,1.0,0.0,CLEAR,, NO UNUSUAL CONDITIONS - NO UNUSUAL CONDITIONS,, ,C,DARK-STREET LIGHTS,,,,,,,A,NO PEDESTRIANS INVOLVED,,A,22107,,1.0,SCHIELE AV,I3,,,A,E,22.0,THE ALAMEDA,F,,D,7/26/2024 8:46:49 AM,1/29/2025 9:32:32 AM,,,3,,,,,,,
2723564,2022-221070511,2,False,4313,4/17/2022 3:49:00 PM,1549,A4,1368,4313,San Jose,43,True,True,E,HIT OBJECT,,Sunday,,,,,False,False,True,,I,FIXED OBJECT,,2.0,0.0,CLEAR,, NO UNUSUAL CONDITIONS - NO UNUSUAL CONDITIONS,, ,A,DAYLIGHT,37.13578,-121.523558,,,,,A,NO PEDESTRIANS INVOLVED,,A,22107,,1.0,MC ABEE RD,SOUTH,,,A,N,47.0,THORNTREE RD,F,,D,7/26/2024 8:44:49 AM,1/29/2025 9:32:01 AM,,,2,,,,,,,
2723431,2022-223380290,2,False,4313,12/4/2022 10:25:00 AM,1025,Y5,1368,4313,San Jose,43,True,True,D,BROADSIDE,,Sunday,,,,,False,False,True,,C,OTHER MOTOR VEHICLE,,3.0,0.0,CLEAR,, NO UNUSUAL CONDITIONS - NO UNUSUAL CONDITIONS,, ,A,DAYLIGHT,,,,,,,A,NO PEDESTRIANS INVOLVED,,A,21453,,1.0,PIERCY,YELLO,,,A,,,HELLYER AV,,,A,7/26/2024 8:44:42 AM,1/29/2025 9:31:59 AM,,,2,,,,,,,
2723120,2022-223610283,2,False,4313,12/27/2022 10:21:00 AM,1021,M4,1368,4313,San Jose,43,True,True,A,HEAD-ON,,Tuesday,,,,,False,False,False,,B,PEDESTRIAN,,1.0,0.0,CLOUDY,RAINING, FLOODED* - FLOODED*,, ,A,DAYLIGHT,,,,,,,B,CROSSING IN CROSS WALK AT INTERSECTION,,A,21950,,1.0,E SAN ANTONIO     ,MARY,,,B,,,S JACKSON AV,,,A,7/26/2024 8:44:23 AM,1/29/2025 9:31:53 AM,,,2,,,,,,,
2722896,2022-223580302,2,False,4313,12/24/2022 11:03:00 AM,1103,C5,1368,4313,San Jose,43,True,True,C,REAR END,,Saturday,,,M,,False,False,False,,A,NON-COLLISION,,1.0,0.0,CLEAR,, NO UNUSUAL CONDITIONS - NO UNUSUAL CONDITIONS,, ,A,DAYLIGHT,,,,,,,A,NO PEDESTRIANS INVOLVED,,C,,,,BERONA WY,CHARL,,,A,,,OCALA AV,,,,7/26/2024 8:44:09 AM,1/29/2025 9:31:49 AM,,,2,,,,,,,
2722851,2022-223310504,2,False,4313,11/27/2022 3:49:00 PM,1549,D1,1368,4313,San Jose,43,True,True,H,OTHER,,Sunday,,,,,False,False,False,,A,NON-COLLISION,,1.0,0.0,CLEAR,, NO UNUSUAL CONDITIONS - NO UNUSUAL CONDITIONS,, ,A,DAYLIGHT,,,,,,,A,NO PEDESTRIANS INVOLVED,,A,,,1.0,AIRPORT BL,CENTR,,,A,,,AIRPORT BL 2077,,,D,7/26/2024 8:44:06 AM,1/29/2025 9:31:48 AM,,,2,,,,,,,
2722850,2022-223300287,2,False,4313,11/26/2022 11:09:00 AM,1109,2,1368,4313,San Jose,43,True,True,H,OTHER,,Saturday,,,,,False,False,False,,A,NON-COLLISION,,2.0,0.0,CLEAR,, NO UNUSUAL CONDITIONS - NO UNUSUAL CONDITIONS,, ,A,DAYLIGHT,37.15192,-121.555289,,,,,A,NO PEDESTRIANS INVOLVED,,A,22350,,1.0,SAMARITAN DR,ADAM,,,A,,,UNION AV,,,A,7/26/2024 8:44:06 AM,1/29/2025 9:31:48 AM,,,2,,,,,,,
2722846,2022-223110528,2,False,4313,11/7/2022 2:00:00 PM,1400,Y5,1368,4313,San Jose,43,True,True,C,REAR END,,Monday,,,,,False,True,False,,C,OTHER MOTOR VEHICLE,,1.0,0.0,CLEAR,, NO UNUSUAL CONDITIONS - NO UNUSUAL CONDITIONS,, ,A,DAYLIGHT,37.143984,-121.462178,,,,,A,NO PEDESTRIANS INVOLVED,,A,21453A,,1.0,RT 101,YELLO,,,A,,,SILICON VALLEY BL,,,A,7/26/2024 8:44:06 AM,1/29/2025 9:31:48 AM,,,2,,,,,,,
2722843,2022-223200592,2,False,4313,11/16/2022 4:00:00 PM,1600,A3,1368,4313,San Jose,43,True,True,D,BROADSIDE,,Wednesday,,,,,False,False,False,,G,BICYCLE,,1.0,0.0,CLEAR,, NO UNUSUAL CONDITIONS - NO UNUSUAL CONDITIONS,, ,A,DAYLIGHT,37.153018,-121.514617,,,,,B,CROSSING IN CROSS WALK AT INTERSECTION,,A,21456B,,1.0,CHYNOWETH AV,ADAM,,,A,,,PEARL AV,,,A,7/26/2024 8:44:06 AM,1/29/2025 9:31:48 AM,,,2,,,,,,,
2722841,2022-223270328,2,False,4313,11/23/2022 11:59:00 AM,1159,L3,1368,4313,San Jose,43,True,True,D,BROADSIDE,,Wednesday,,,,,False,False,False,,G,BICYCLE,,1.0,0.0,CLEAR,, NO UNUSUAL CONDITIONS - NO UNUSUAL CONDITIONS,, ,A,DAYLIGHT,,,,,,,A,NO PEDESTRIANS INVOLVED,,A,21453A,,1.0,MCLAUGHLIN AV,LINCO,,,A,,,TULLY RD,,,A,7/26/2024 8:44:06 AM,1/29/2025 9:31:48 AM,,,2,,,,,,,
2722839,2022-223320224,2,False,4313,11/28/2022 8:46:00 AM,846,1,1368,4313,San Jose,43,True,True,B,SIDE SWIPE,,Monday,,,,,False,False,True,,C,OTHER MOTOR VEHICLE,,2.0,0.0,CLEAR,, NO UNUSUAL CONDITIONS - NO UNUSUAL CONDITIONS,, ,A,DAYLIGHT,37.151063,-121.57666,,,,,A,NO PEDESTRIANS INVOLVED,,A,21800A,,1.0,SAMARITAN DR,ADAM,,,A,,,NATIONAL AV,,,D,7/26/2024 8:44:06 AM,1/29/2025 9:31:48 AM,,,2,,,,,,,
2722826,2022-223520591,2,False,4313,12/18/2022 6:10:00 PM,1810,R5,1368,4313,San Jose,43,True,True,A,HEAD-ON,,Sunday,,,,,False,False,False,,B,PEDESTRIAN,,1.0,0.0,CLEAR,, NO UNUSUAL CONDITIONS - NO UNUSUAL CONDITIONS,, ,C,DARK-STREET LIGHTS,,,,,,,B,CROSSING IN CROSS WALK AT INTERSECTION,,A,21950B,,1.0,FLICKINGER AV,ROBER,,,A,E,20.0,BERRYESSA RD,F,,A,7/26/2024 8:44:05 AM,1/29/2025 9:31:48 AM,,,2,,,,,,,
2722824,2022-223610623,2,False,4313,12/27/2022 5:36:00 PM,1736,,1368,4313,San Jose,43,True,True,C,REAR END,,Tuesday,,,,,False,False,True,,C,OTHER MOTOR VEHICLE,,2.0,0.0,CLEAR,, NO UNUSUAL CONDITIONS - NO UNUSUAL CONDITIONS,, ,C,DARK-STREET LIGHTS,,,,,,,A,NO PEDESTRIANS INVOLVED,,A,22350,,1.0,SAN CARLOS ST,EDWAR,,,B,,,SONOMA ST/DELMAS AV,,,,7/26/2024 8:44:05 AM,1/29/2025 9:31:47 AM,,,2,,,,,,,
2722823,2022-223530169,2,False,4313,12/19/2022 7:44:00 AM,744,M3,1368,4313,San Jose,43,True,True,D,BROADSIDE,,Monday,,,,,False,True,True,,D,MOTOR VEHICLE ON OTHER ROADWAY,,3.0,0.0,CLEAR,, NO UNUSUAL CONDITIONS - NO UNUSUAL CONDITIONS,, ,A,DAYLIGHT,,,,,,,A,NO PEDESTRIANS INVOLVED,,A,22350,,1.0,ALUM ROCK AV,FOOTH,,,A,E,66.0,RT 101,F,,A,7/26/2024 8:44:05 AM,1/29/2025 9:31:48 AM,,,2,,,,,,,
2722822,2022-223480197,2,False,4313,12/14/2022 7:12:00 AM,712,X1,1368,4313,San Jose,43,True,True,G,VEHICLE/PEDESTRAIN,,Wednesday,,,,,False,False,False,,,,,1.0,0.0,CLEAR,, ,, ,B,DUSK-DAWN,37.162789,-121.513727,,,,,B,CROSSING IN CROSS WALK AT INTERSECTION,,A,21950,,,W CAPITOL EX,XRAY,,,A,,,NARVAEZ AV,,,A,7/26/2024 8:44:05 AM,1/29/2025 9:31:47 AM,,,2,,,,,,,
2722821,2022-223460561,2,False,4313,12/12/2022 3:10:00 PM,1510,V1,1368,4313,San Jose,43,True,True,C,REAR END,,Monday,,,,,False,False,False,,,,,2.0,0.0,CLEAR,, NO UNUSUAL CONDITIONS - NO UNUSUAL CONDITIONS,, ,A,DAYLIGHT,37.204288,-121.54509,,,,,,,,A,21703,,1.0,COLEMAN AV,VICTO,,,A,,,UNIVERSITY AV,,,D,7/26/2024 8:44:04 AM,1/29/2025 9:31:48 AM,,,2,,,,,,,
2722820,2022-223390661,2,False,4313,12/5/2022 5:14:00 PM,1714,FOUR,1368,4313,San Jose,43,True,True,A,HEAD-ON,,Monday,,,,,False,False,False,,B,PEDESTRIAN,,1.0,0.0,CLEAR,, NO UNUSUAL CONDITIONS - NO UNUSUAL CONDITIONS,, ,B,DUSK-DAWN,,,,,,,B,CROSSING IN CROSS WALK AT INTERSECTION,,A,21950A,,1.0,MEREDITH AV,SAM,,,A,,,COOLIDGE AV,,,A,7/26/2024 8:44:04 AM,1/29/2025 9:31:47 AM,,,2,,,,,,,
2722819,2022-223490210,2,False,4313,12/15/2022 8:54:00 AM,854,2,1368,4313,San Jose,43,True,True,G,VEHICLE/PEDESTRAIN,,Thursday,,,,,False,False,False,,B,PEDESTRIAN,,1.0,0.0,CLEAR,, NO UNUSUAL CONDITIONS - NO UNUSUAL CONDITIONS,, ,A,DAYLIGHT,,,,,,,B,CROSSING IN CROSS WALK AT INTERSECTION,,A,22107,,1.0,FRUITDALE AV,SAM,,,A,,,ST ELIZABETH DR,,,A,7/26/2024 8:44:04 AM,1/29/2025 9:31:48 AM,,,2,,,,,,,
2722818,2022-223500802,2,False,4313,12/16/2022 7:25:00 PM,1925,V1,1368,4313,San Jose,43,True,True,C,REAR END,,Friday,,,,,False,False,True,,C,OTHER MOTOR VEHICLE,,2.0,0.0,CLEAR,, NO UNUSUAL CONDITIONS - NO UNUSUAL CONDITIONS,, ,C,DARK-STREET LIGHTS,,,,,,,A,NO PEDESTRIANS INVOLVED,,A,23500,,1.0,COLEMAN AV,CENTR,,,A,,,W HEDDING ST,,,A,7/26/2024 8:44:04 AM,1/29/2025 9:31:47 AM,,,2,,,,,,,
2722817,2022-223470704,2,False,4313,12/13/2022 5:39:00 PM,1739,S5,1368,4313,San Jose,43,True,True,G,VEHICLE/PEDESTRAIN,,Tuesday,,,,,False,False,False,,B,PEDESTRIAN,,1.0,0.0,CLEAR,, NO UNUSUAL CONDITIONS - NO UNUSUAL CONDITIONS,, ,D,DARK-NO STREET LIGHTS,,,,,,,D,CROSSING - NOT IN CROSSWALK,,A,22350,,1.0,EDWARDS AV,DS,,,A,,,SHERMAN ST,,,D,7/26/2024 8:44:04 AM,1/29/2025 9:31:47 AM,,,2,,,,,,,
2722816,2022-223570767,2,False,4313,12/23/2022 7:26:00 PM,1926,M4,1368,4313,San Jose,43,True,True,C,REAR END,,Friday,,,,,False,False,False,,C,OTHER MOTOR VEHICLE,,1.0,0.0,CLEAR,, NO UNUSUAL CONDITIONS - NO UNUSUAL CONDITIONS,, ,C,DARK-STREET LIGHTS,37.21951,-121.504862,,,,,A,NO PEDESTRIANS INVOLVED,,A,22350,,1.0,S SUNSET AV,MARY,,,A,,,E SAN ANTONIO ST,,,A,7/26/2024 8:44:04 AM,1/29/2025 9:31:47 AM,,,2,,,,,,,
2722814,2022-223530665,2,False,4313,12/19/2022 6:21:00 PM,1821,N2,1368,4313,San Jose,43,True,True,C,REAR END,,Monday,,,,,False,False,True,,C,OTHER MOTOR VEHICLE,,1.0,0.0,CLEAR,, NO UNUSUAL CONDITIONS - NO UNUSUAL CONDITIONS,, ,D,DARK-NO STREET LIGHTS,,,,,,,A,NO PEDESTRIANS INVOLVED,,A,22350A,,1.0,LAWRENCE EXPWY,NORA,,,A,S,550.0,RT 580,F,,A,7/26/2024 8:44:04 AM,1/29/2025 9:31:47 AM,,,2,,,,,,,
2722813,2022-223510518,2,False,4313,12/17/2022 3:58:00 PM,1558,E1,1368,4313,San Jose,43,True,True,A,HEAD-ON,,Saturday,,,,,False,False,False,,G,BICYCLE,,1.0,0.0,CLEAR,, NO UNUSUAL CONDITIONS - NO UNUSUAL CONDITIONS,, ,A,DAYLIGHT,,,,,,,A,NO PEDESTRIANS INVOLVED,,A,21453A,,1.0,W SANTA CLARA ST,CENTR,,,A,,,BARACK OBAMA BL,,,A,7/26/2024 8:44:04 AM,1/29/2025 9:31:47 AM,,,2,,,,,,,
2722205,2022-223290832,2,False,4313,11/25/2022 11:02:00 PM,2302,L6,1368,4313,San Jose,43,True,True,C,REAR END,,Friday,,,,,False,False,False,,C,OTHER MOTOR VEHICLE,,1.0,0.0,CLEAR,, NO UNUSUAL CONDITIONS - NO UNUSUAL CONDITIONS,, ,C,DARK-STREET LIGHTS,,,,,,,A,NO PEDESTRIANS INVOLVED,,A,22350,,1.0,TULLY RD,,,,A,,,MCLAUGHLIN AV,,,D,7/26/2024 8:43:26 AM,1/29/2025 9:31:37 AM,,,2,,,,,,,
2722081,2022-223640292,2,False,4313,12/30/2022 10:53:00 AM,1053,1,1368,4313,San Jose,43,True,True,C,REAR END,,Friday,,,,,False,False,False,,C,OTHER MOTOR VEHICLE,,3.0,0.0,CLOUDY,, NO UNUSUAL CONDITIONS - NO UNUSUAL CONDITIONS,, ,A,DAYLIGHT,,,,,,,A,NO PEDESTRIANS INVOLVED,,A,22350,,1.0,KEYES ST,LINCO,,,A,,,S 7TH ST,,,A,7/26/2024 8:43:17 AM,1/29/2025 9:31:35 AM,,,2,,,,,,,
2722066,2022-223630491,2,False,4313,12/29/2022 2:51:00 PM,1451,W4,1368,4313,San Jose,43,True,True,D,BROADSIDE,,Thursday,,,,,False,False,True,,C,OTHER MOTOR VEHICLE,,1.0,0.0,CLOUDY,, NO UNUSUAL CONDITIONS - NO UNUSUAL CONDITIONS,, ,A,DAYLIGHT,,,,,,,A,NO PEDESTRIANS INVOLVED,,A,22107,,1.0,N CAPITAOL AV,FOOTH,,,A,,,MCKEE RD,,,A,7/26/2024 8:43:17 AM,1/29/2025 9:31:35 AM,,,2,,,,,,,
2722064,2022-3540738,2,False,4313,12/20/2022 5:50:00 PM,1750,F3,1368,4313,San Jose,43,True,True,B,SIDE SWIPE,,Tuesday,,,,,False,False,False,,A,NON-COLLISION,,1.0,0.0,,, NO UNUSUAL CONDITIONS - NO UNUSUAL CONDITIONS,, ,C,DARK-STREET LIGHTS,,,,,,,A,NO PEDESTRIANS INVOLVED,,D,,,,PARK AV,FRANK,,,A,,,PARK AV 1635,,,A,7/26/2024 8:43:16 AM,1/29/2025 9:31:35 AM,,,2,,,,,,,
2721475,2022-223160235,2,False,4313,11/12/2022 8:50:00 AM,850,V4,1368,4313,San Jose,43,True,True,C,REAR END,,Saturday,,,,,False,False,False,,C,OTHER MOTOR VEHICLE,,1.0,0.0,CLEAR,, NO UNUSUAL CONDITIONS - NO UNUSUAL CONDITIONS,, ,A,DAYLIGHT,,,,,,,A,NO PEDESTRIANS INVOLVED,,A,22350,,1.0,N 20TH ST,VICTO,,,A,S,16.0,E JULIAN ST,F,,D,7/26/2024 8:42:38 AM,1/29/2025 9:31:25 AM,,,2,,,,,,,
2721474,2022-223330190,2,False,4313,11/29/2022 8:03:00 AM,803,3,1368,4313,San Jose,43,True,True,B,SIDE SWIPE,,Tuesday,,,,,False,False,False,,B,PEDESTRIAN,,1.0,0.0,CLEAR,, NO UNUSUAL CONDITIONS - NO UNUSUAL CONDITIONS,, ,A,DAYLIGHT,,,,,,,B,CROSSING IN CROSS WALK AT INTERSECTION,,A,21971,,1.0,HURAN DR,CHARL,,,A,,,CLARICE DR,,,A,7/26/2024 8:42:38 AM,1/29/2025 9:31:25 AM,,,2,,,,,,,
2721473,2022-223250218,2,False,4313,11/21/2022 8:26:00 AM,826,P5,1368,4313,San Jose,43,True,True,D,BROADSIDE,,Monday,,,,,False,False,False,,G,BICYCLE,,1.0,0.0,CLEAR,, NO UNUSUAL CONDITIONS - NO UNUSUAL CONDITIONS,, ,A,DAYLIGHT,37.191569,-121.462771,,,,,E,IN ROAD - INCLUDES SHOULDER,,A,21801,,1.0,COLONNA AV,PAUL,,,A,,,ARCADE AV,,,D,7/26/2024 8:42:38 AM,1/29/2025 9:31:25 AM,,,2,,,,,,,
2721472,2022-223250129,2,False,4313,11/21/2022 4:47:00 AM,447,R1,1368,4313,San Jose,43,True,True,,,,Monday,,,,,False,False,True,,C,OTHER MOTOR VEHICLE,,2.0,0.0,CLEAR,, NO UNUSUAL CONDITIONS - NO UNUSUAL CONDITIONS,, ,C,DARK-STREET LIGHTS,,,,,,,A,NO PEDESTRIANS INVOLVED,,A,21453,,1.0,MONTAGUE,CENTR,,,A,,,MCCARTHY,,,A,7/26/2024 8:42:38 AM,1/29/2025 9:31:25 AM,,,2,,,,,,,
2721471,2022-223200327,2,False,4313,11/16/2022 11:00:00 AM,1100,R4,1368,4313,San Jose,43,True,True,B,SIDE SWIPE,,Wednesday,,,,,False,False,False,,C,OTHER MOTOR VEHICLE,,1.0,0.0,CLEAR,, NO UNUSUAL CONDITIONS - NO UNUSUAL CONDITIONS,, ,A,DAYLIGHT,37.23523,-121.532515,,,,,A,NO PEDESTRIANS INVOLVED,,A,21453,,1.0,RINGWOOD AV,ROBER,,,A,,,MURPHY AV,,,A,7/26/2024 8:42:38 AM,1/29/2025 9:31:24 AM,,,2,,,,,,,
2721470,2022-223220235,2,False,4313,11/18/2022 8:15:00 AM,815,P6,1368,4313,San Jose,43,True,True,C,REAR END,,Friday,,,,,False,False,False,,C,OTHER MOTOR VEHICLE,,1.0,0.0,,, NO UNUSUAL CONDITIONS - NO UNUSUAL CONDITIONS,, ,A,DAYLIGHT,,,,,,,A,NO PEDESTRIANS INVOLVED,,A,22350,,1.0,FARNSWORTH DR,FOOTH,,,A,,,COURTSIDE DR,,,A,7/26/2024 8:42:38 AM,1/29/2025 9:31:24 AM,,,2,,,,,,,
2721469,2022-223200719,2,False,4313,11/16/2022 6:18:00 PM,1818,C1,1368,4313,San Jose,43,True,True,D,BROADSIDE,,Wednesday,,,,,False,False,True,,D,MOTOR VEHICLE ON OTHER ROADWAY,,1.0,0.0,CLEAR,, NO UNUSUAL CONDITIONS - NO UNUSUAL CONDITIONS,, ,C,DARK-STREET LIGHTS,,,,,,,A,NO PEDESTRIANS INVOLVED,,A,21801,,1.0,JACKSON,FOOTH,,,A,S,30.0,CINDERELLA LN,F,,A,7/26/2024 8:42:38 AM,1/29/2025 9:31:25 AM,,,2,,,,,,,
2721420,2022-223520423,2,False,4313,12/18/2022 2:25:00 PM,1425,E1,1368,4313,San Jose,43,True,True,C,REAR END,,Sunday,,,,,False,False,False,,C,OTHER MOTOR VEHICLE,,1.0,0.0,CLEAR,, NO UNUSUAL CONDITIONS - NO UNUSUAL CONDITIONS,, ,A,DAYLIGHT,,,,,,,A,NO PEDESTRIANS INVOLVED,,A,22350,,1.0,COLEMAN AV,DE,,,A,,,SEYMOUR ST,,,D,7/26/2024 8:42:35 AM,1/29/2025 9:31:24 AM,,,2,,,,,,,